address	name	impl_file	reimpl_pct	comment
0x00401000	Ship_UpdateShipAI	src/game/ship_ai.cpp	80%	gameplay,cadence,divergence
0x00401800	Ship_ScanPlayerForContraband	src/game/government.cpp	100%	
0x00402810	Ship_ResetShipAiBehaviorRuntimeFields	src/game/ship_ai.cpp	100%	
0x00402860	Ship_UpdateShipAiBehavior0x01_WimpyTrader	src/game/ship_ai_behaviors.cpp	90%	verify
0x00402980	Ship_UpdateShipAiAsteroidMinerBehavior	src/game/ship_ai_behaviors.cpp	92%	gameplay
0x00402BD0	Ship_UpdateShipAiBehavior0x02_BraveTrader	src/game/ship_ai_behaviors.cpp	75%	gameplay,audio
0x00402E50	Ship_UpdateShipAiBehavior0x03_Warship	src/game/ship_ai_behaviors.cpp	90%	verify
0x004038B0	Ship_UpdateShipAiBehavior0x03_WarshipCapture	src/game/ship_ai_behaviors.cpp	90%	verify
0x00403DE0	Ship_UpdateShipAiBehavior0x04_Interceptor	src/game/ship_ai_behaviors.cpp	100%	license
0x004048A0	Ship_UpdateEscortAI	src/game/ship_ai.cpp	70%	audio
0x00405120	Ship_DefenseFleetPrioritizePlayerThreat	src/game/ship_ai_behaviors.cpp	100%	moddata
0x004053C0	Mission_UpdateShipMissionStellarAttackDirective	src/game/ship_ai.cpp	100%	
0x00405590	Ship_UpdateShipAiState	src/game/ship_ai_state.cpp	70%	gameplay,ui,license,verify
0x00408150	Ship_ApplyShipAiControls	src/game/ship_ai_controls.cpp	93%	gameplay
0x0040C790	Stellar_SelectRandomAdjacentTravelStellar	src/game/ship_ai_behaviors.cpp	100%	moddata
0x0040CC10	Stellar_FindNearestAdjacentTravelStellar	src/game/ship_ai_behaviors.cpp	100%	
0x0040CD80	Stellar_IsStellarAdjacentToCurrentSystem	src/game/targeting.cpp	100%	
0x0040CE00	Weapon_FireTurretAtTarget	src/game/ship_ai_weapons.cpp	100%	
0x0040D220	Weapon_SelectGuidedWeaponBankForPrimaryTarget	src/game/ship_ai_weapons.cpp	100%	moddata
0x0040D470	Weapon_SelectDirectFireWeaponBankForPrimaryTarget	src/game/ship_ai_weapons.cpp	100%	moddata
0x0040D7E0	Weapon_SelectUnguidedWeaponBank	src/game/ship_ai_weapons.cpp	100%	
0x0040D910	Weapon_SelectGeneralWeaponBank	src/game/ship_ai_weapons.cpp	100%	
0x0040D9A0	Ship_LaunchShipFromCarrierBay	src/game/ship_spawn.cpp	100%	
0x0040DB70	NovaUi_DrawAiStateMnemonic		0%	
0x0040DDC0	NovaUi_DrawAiControlModeMnemonic		0%	
0x0040E020	Ship_AcquirePrimaryTargetForShip	src/game/ship_ai_behaviors.cpp	95%	license
0x0040F6D0	Ship_IsThreatToPlayerSquad	src/game/targeting.cpp	100%	
0x0040F780	Ship_ShouldShipKeepPressingTarget	src/game/ship_ai.cpp	100%	
0x0040FAA0	Ship_IsShipAcquirableAsTarget	src/game/targeting.cpp	100%	
0x0040FC00	Ship_IsThreatened	src/game/ship_ai.cpp	100%	
0x0040FCA0	Ship_IsShipAssistingPlayerInAiState0x09	src/game/ship_ai.cpp	100%	
0x0040FCE0	Ship_IsShipAssistingPlayerInAiState0x0F	src/game/ship_ai.cpp	100%	
0x0040FD20	Ship_DoesShipLikePlayer	src/game/government.cpp	100%	
0x00410060	Ship_IsAnyShipThreatToPlayerSquad	src/game/ship_ai.cpp	100%	
0x004100A0	Ship_IsPlayerThreatenedByEnemyOfShip	src/game/ship_ai.cpp	100%	
0x00410110	Ship_IsThreatenedByEnemyOfShip	src/game/ship_ai.cpp	100%	
0x004101D0	Ship_IsEnemyOfShip	src/game/ship_ai.cpp	100%	
0x004102B0	Ship_IsShipLockedOnAttackerInAiState0x04	src/game/ship_ai.cpp	100%	
0x004102E0	Government_PropagateHostilityFromAttack	src/game/collision.cpp	100%	
0x00410670	Ship_EnterShipAiState0x02_ClearPrimaryTarget	src/game/ship_ai.cpp	100%	
0x004106B0	Ship_EnterShipAiState0x0B_ClearTargetsSeedHold	src/game/ship_ai.cpp	100%	
0x00410700	Ship_SetShipHostileToPlayer	src/game/ship_ai.cpp	100%	correctness,bugfix
0x004107E0	Ship_EnterShipAiState0x04_TargetRandomCombatCandidate	src/game/ship_ai.cpp	100%	
0x00410900	Ship_EnterShipAiState0x04_TargetRandomRelativeToSquadLeader	src/game/ship_ai.cpp	100%	verify
0x00410B00	Ship_EnterShipAiState0x04_TargetRandomUnengagedShip	src/game/ship_ai.cpp	100%	
0x00410C30	Ship_EnterShipAiState0x09_TargetPlayerForAssist	src/game/ship_ai.cpp	100%	
0x00410C70	Ship_EnterShipAiState0x0F_TargetPlayerForAssist	src/game/ship_ai.cpp	100%	
0x00410CB0	Ship_EnterShipAiState0x05_ReturnToSquadLeader	src/game/ship_ai.cpp	100%	
0x00410CE0	Ship_IsShipInAiBehavior5State0x05	src/game/ship_ai.cpp	100%	
0x00410D10	Ship_EnterSquadReturnState	src/game/ship_ai.cpp	95%	verify
0x00410DD0	Ship_ResetShipPrimaryAndSecondaryTargets	src/game/ship_ai.cpp	100%	
0x00410E20	Ship_EnterShipAiState0x08_Slowdown	src/game/ship_ai.cpp	100%	
0x00410E80	Ship_IsShipInHoldStateWithControlMode4Or0x0D	src/game/ship_ai.cpp	100%	
0x00410EC0	Ship_IsShipInAiState0x08	src/game/ship_ai.cpp	100%	
0x00410EE0	Ship_IsShipInAiControlMode0x0C	src/game/ship_ai.cpp	100%	
0x00410F00	Ship_IsShipInAiState0x04	src/game/ship_ai.cpp	100%	
0x00410F20	Ship_CanTargetOutrunShooter	src/game/ship_ai_weapons.cpp	100%	moddata
0x00411270	Ship_IsShipInNonIdleAiState	src/game/ship_ai.cpp	100%	
0x004112A0	Ship_IsShipInAiState0x02	src/game/ship_ai.cpp	100%	
0x004112C0	Ship_ShowPlayerInterceptTauntIfEligible	src/game/ship_ai_behaviors.cpp	95%	verify
0x00411540	Ship_EscortFireAtUnprovokedTarget	src/game/ship_ai_weapons.cpp	100%	moddata
0x004115A0	Ship_IsShipInAiState0x0D	src/game/weapon_shots.cpp	100%	
0x004115C0	Ship_ClearShipState0x09Or0x0FToIdle	src/game/collision.cpp	100%	
0x00411600	Weapon_IsShipWithinWeaponRangeOfTarget	src/game/weapon_banks.cpp	100%	
0x00411800	Ship_ComputePerceivedCombatStrengthAgainstShip	src/game/ship_ai_behaviors.cpp	100%	
0x00411AE0	Ship_ShouldFollowSwarmMate	src/game/ship_ai.cpp	100%	
0x00411B40	Ship_IsSwarmMateStillValid	src/game/ship_ai.cpp	100%	
0x00411C20	Ship_FindSwarmMate	src/game/ship_ai.cpp	100%	
0x00411D00	Ship_UpdateShipCloakStateFromTraits	src/game/ship_ai.cpp	100%	moddata
0x00412030	Ship_FindBestAssistTargetForShip	src/game/ship_ai_weapons.cpp	100%	
0x00412090	Ship_ScoreAssistTargetForShip	src/game/ship_ai_weapons.cpp	100%	
0x00412330	Ship_SelectNearestDisabledShipForBoarding	src/game/ship_ai.cpp	100%	
0x004124F0	Ship_IsShipLockedOnTarget	src/game/ship_ai.cpp	100%	
0x00412530	Ship_IsShipInAiControlMode0x0F	src/game/collision.cpp	100%	
0x00412550	Boarding_BoardShipAndTransferCargo	src/game/boarding_plunder.cpp	90%	gameplay
0x004133F0	Ship_UpdateShipCombatOddsScore	src/game/ship_ai.cpp	95%	correctness,moddata
0x00413610	Government_TryTriggerGovtAssistanceEncounter	src/game/government.cpp	90%	gameplay,moddata
0x00413810	Weapon_InitShipWeaponBursts	src/game/weapon_banks.cpp	100%	
0x004138A0	Weapon_ClassifyShipWeaponAmmoReadiness	src/game/weapon_banks.cpp	100%	
0x00413990	Ship_UpdateEscortFormations	src/game/escort_formation.cpp	100%	
0x00413B60	Ship_SetEscortLaunchOffsetVelocity	src/game/escort_formation.cpp	100%	
0x00414390	Ship_MoveShipTowardFormationOffset	src/game/escort_formation.cpp	85%	verify
0x00414530	Ship_IsShipInAiState0x11	src/game/collision.cpp	100%	
0x00414550	Weapon_FireShipWeapons	src/game/weapon.cpp	68%	gameplay,moddata
0x004152E0	Ship_IssueEscortOrders	src/game/ship_ai.cpp	100%	moddata
0x004156A0	Ship_ReacquireSquadLeader	src/game/escort_formation.cpp	100%	moddata
0x004159A0	Ship_IsShipInAiControlMode0x17		0%	
0x004159C0	Ship_IsShipInAiState0x15	src/game/ship_ai.cpp	100%	
0x004159E0	Ship_EnterShipAiState0x15_EmergeFromHypergate	src/game/ship_ai.cpp	80%	verify
0x00415AD0	Stellar_IsShipHeadingToStellarInAiState0x01Or0x14		0%	
0x00415B00	Ship_IsShipDockedWithTargetInControlMode0x0F	src/game/spaceflight.cpp	100%	
0x00415B80	Stellar_CanShipInitiateJumpSequence	src/game/travel.cpp	100%	
0x00415C10	Weapon_HasAnyFireableNonSecondaryWeapon	src/game/weapon_banks.cpp	100%	
0x00415CB0	Boarding_ResetShipAndAttackersAfterBoarding	src/game/boarding_plunder.cpp	100%	
0x00415DC0	Ship_ClearOtherShipsTargetingShip		0%	
0x00415E60	Ship_IsShipInAiState0x10	src/game/collision.cpp	100%	
0x00415E80	Ship_IsShipInAiState0x0D	src/game/collision.cpp	100%	
0x00415EA0	Ship_RecoverCarriedShipToBay	src/game/ship_spawn.cpp	100%	ui,moddata
0x00416070	Ship_IsShipInAiState0x16	src/game/spaceflight_movement.cpp	100%	
0x00416090	LicenseDigest_ScaleBySessionByte		0%	
0x004160A0	LicenseDigest_AccumulateByte		0%	
0x004160B0	Rotl8_BySelf		0%	
0x004160D0	Util_EmptyStringPtr		0%	
0x004160E0	LicenseDigest_TouchAndLoadByte		0%	
0x004160F0	Util_ReturnZero		0%	
0x00416100	NovaGameSession_Run	src/nova_app.cpp	45%	gameplay,divergence
0x00417600	Frame_SpaceflightLoop	src/game/spaceflight.cpp	15%	gameplay,cadence,rendering
0x004186B0	Frame_TickSystems	src/game/spaceflight.cpp	20%	gameplay,cadence
0x00419210	Frame_RefreshTransitionFrameAuxVisuals		0%	
0x004192D0	Ship_ApplyDamageToShip	src/game/collision.cpp	100%	license
0x0041AD50	Ship_DeactivateVacantShipsAndTally	src/game/ship_spawn.cpp	90%	gameplay
0x0041AF90	System_RebuildInitialNpcAndMissionPopulation	src/game/ship_spawn.cpp	80%	gameplay,verify
0x0041BA80	EncounterFleet_SpawnRandomSystemDudeShip	src/game/ship_spawn.cpp	93%	gameplay
0x0041C710	Dude_SpawnRandomDudeShipInSystem	src/game/ship_spawn.cpp	100%	moddata
0x0041C9F0	Dude_SpawnShipFromDudeDefInSystem	src/game/ship_spawn.cpp	100%	divergence
0x0041CF40	Mission_SpawnMissionShipFromDudeDef	src/game/ship_spawn.cpp	100%	divergence
0x0041D6E0	System_TickNpcSpawnMaintenance	src/game/ship_spawn.cpp	80%	gameplay
0x0041E240	Ship_ResetShipToDefaultCombatState	src/game/escort_formation.cpp	100%	rendering,divergence
0x0041E640	Weapon_SpawnShipFromCarrierBayWeapon	src/game/ship_spawn.cpp	95%	gameplay
0x0041F330	Player_RedistributeFleetCargoOverflow	src/game/outfit.cpp	95%	gameplay,verify
0x0041F800	Ship_SpawnFreeflightObjectForShip	src/game/freeflight_objects.cpp	100%	
0x0041FB50	Ship_SpawnFreeflightObjectAtPosition	src/game/freeflight_objects.cpp	90%	gameplay
0x0041FD30	Shot_SpawnShotFromWeapon	src/game/weapon_shots.cpp	93%	gameplay
0x00420D30	Shot_SpawnLinkedShotsOnImpact	src/game/weapon_shots.cpp	100%	
0x004211D0	Shot_SpawnAreaImpactEffects	src/game/impact_effects.cpp	100%	
0x00421500	Shot_SpawnImpactEffectSprite	src/game/impact_effects.cpp	55%	rendering
0x004215D0	Shot_SpawnWeaponSmokePuff	src/game/weapon_shots.cpp	100%	
0x004216B0	Asteroid_InitSystem	src/game/asteroid.cpp	85%	verify
0x00421830	Asteroid_Spawn	src/game/asteroid.cpp	75%	license,gameplay
0x00421E60	Asteroid_SpawnRecord	src/game/asteroid.cpp	40%	gameplay
0x00421FD0	Stellar_SpawnDefenseFleetShip	src/game/ship_spawn.cpp	100%	divergence
0x004221D0	Ship_IsInboundThreatExceedingDefenses	src/game/ship_ai_weapons.cpp	100%	
0x00422210	Ship_TallyInboundWeaponThreat	src/game/weapon_shots.cpp	100%	
0x00422340	Ship_SyncJumpStateToSquad	src/game/ship_ai.cpp	100%	
0x00422400	ShipClass_SpawnEscortShipFromClass	src/game/ship_spawn.cpp	100%	divergence
0x004229D0	Player_ProcessEscortFleetAtStellar	src/game/landed_store.cpp	100%	divergence
0x004232D0	Player_ProcessEscortPayroll	src/game/landed_store.cpp	90%	gameplay,audio,ui
0x00423540	Player_CollectStellarTribute	src/game/mission_world.cpp	90%	gameplay
0x004235C0	Pers_SpawnShipFromPersDef	src/game/ship_spawn.cpp	100%	
0x00423FA0	Player_ReplaceShipWithCapturedHull	src/game/landed_store.cpp	100%	divergence
0x00424F90	System_UpdateDisasterStates	src/game/mission_world.cpp	100%	divergence
0x004250F0	Player_RefuelShipWithCredits	src/game/landed_window.cpp	100%	divergence
0x00425280	EncounterFleet_TrySpawnRandomEncounterFleet	src/game/ship_spawn.cpp	90%	gameplay,ui
0x004254B0	Ship_AllocateShipSlotInSystem	src/game/ship_spawn.cpp	75%	gameplay
0x004259B0	EncounterFleet_SpawnRandomEncounterFleet	src/game/ship_spawn.cpp	90%	audio
0x00426CE0	Frame_QueueCombatChatter	src/game/spaceflight.cpp	100%	
0x00426D10	Mission_ShowMissionShipAnnouncement	src/game/mission.cpp	100%	
0x00426DD0	Mission_TrySpawnMissionShipAmbush	src/game/mission.cpp	95%	gameplay,verify
0x00426EF0	Weapon_CanWeaponHitTarget	src/game/collision.cpp	90%	gameplay
0x004274D0	Weapon_SpawnWeaponImpactParticleBurst	src/game/impact_effects.cpp	85%	verify
0x00427770	Outfit_GrantOutfitToPlayer	src/game/outfit.cpp	85%	ui
0x00427A90	Shot_QueueBeamHit	src/game/weapon_shots.cpp	60%	gameplay,rendering
0x00427DF0	Rank_Activate	src/game/rank.cpp	100%	
0x00427F40	Rank_Deactivate	src/game/rank.cpp	100%	
0x00428090	Shot_SpawnShipDestructionDebrisPuff	src/game/impact_effects.cpp	95%	verify
0x00428260	License_ValidateAgainstKeyTable		0%	
0x00428340	Ship_UpdateVisualState	src/game/ship_visual.cpp	85%	rendering
0x0042C1B0	Frame_UpdateFreeflightObjectSprites	src/game/freeflight_objects.cpp	85%	rendering,divergence
0x0042C660	Shot_UpdateWeaponSmokePuffs	src/game/weapon_shots.cpp	100%	
0x0042CBB0	Frame_AnchorAuxHUDSpriteToOrigin		0%	
0x0042CC30	Stellar_TickTravelCountdownSprite		0%	
0x0042CD10	Stellar_UpdateStellarSprites	src/game/spaceflight_view.cpp	85%	rendering,gameplay
0x0042D890	Stellar_TickStellarDefenseBatteries	src/game/collision.cpp	90%	gameplay,cadence,audio
0x0042E160	Shot_UpdateImpactEffectSprites	src/game/impact_effects.cpp	55%	rendering
0x0042E590	Frame_UpdateViewportWrapBackgroundSprites	src/game/spaceflight_view.cpp	85%	rendering,divergence
0x0042EAC0	NovaUi_UpdateTravelTargetReticle	src/game/spaceflight_view.cpp	78%	ui
0x0042EDE0	NovaUi_UpdateShipTargetReticle	src/game/spaceflight_view.cpp	92%	rendering,correctness
0x0042F1B0	Frame_TickHudOverlayAndRouteMapTimers	src/game/hud_overlay.cpp	85%	ui,cadence
0x0042F270	Shot_UpdateBeamHitQueue	src/game/weapon_shots.cpp	72%	gameplay,rng
0x004311F0	Frame_UpdateCombatChatter	src/game/spaceflight.cpp	100%	
0x004313C0	Frame_CancelCombatChatter	src/game/spaceflight.cpp	100%	
0x00431420	Stellar_TriggerHyperspaceAudioOnce	src/game/spaceflight.cpp	40%	audio
0x00431480	Frame_JitterPlayerStatModifiers	src/game/spaceflight_player_state.cpp	100%	
0x00431500	Frame_RerollPlayerStatModifiers	src/game/spaceflight_player_state.cpp	100%	verify
0x00431530	Shot_UpdateShotGuidance	src/game/weapon_shots.cpp	95%	rng,cadence
0x00432470	System_UpdateSystemAndStellarDisplayState	src/game/targeting.cpp	67%	gameplay,rendering
0x00432EA0	Frame_MeasureFrameTiming	src/game/frame_timing.hpp	40%	cadence,divergence
0x00433050	Ship_HandleShip	src/game/spaceflight.cpp	100%	divergence,cadence
0x00435830	Shot_HandleShot	src/game/weapon_shots.cpp	100%	rendering,divergence,cadence
0x00436910	Asteroid_UpdateSprites	src/game/asteroid.cpp	80%	divergence,gameplay
0x00436F70	Asteroid_HandleSpritePairCollision	src/game/collision.cpp	85%	verify,synthetic
0x00436FF0	NovaUi_ResolveWeaponSplashImpact	src/game/collision.cpp	75%	gameplay,verify
0x004374F0	Ship_HandleSpritePairCollision	src/game/collision.cpp	90%	gameplay
0x00437780	Shot_ResolveShotCollisionHit	src/game/collision.cpp	90%	verify
0x00437E20	Shot_ResolveCollisions	src/game/collision.cpp	80%	gameplay
0x004386F0	Shot_DrawBeamQueue		0%	Restore-phase beam replot entry: called only from Frame_RestoreViewportRectsAndParticles (0x00439d20). Loops the 0x40-slot g_beam_hit_queue and replays each live beam into the saved-backdrop surface via SWBeams_DrawKinkedBeam (field_0x76 < 1, 1-segment) or SWBeams_DrawBeamWithFlare (field_0x76 >= 1, 2-segment arc). The port keeps no saved-backdrop buffer, so this entry point is not reproduced, but the two plotters it calls are also reachable from the visible 0x00438810 twin-surface path and are tracked separately. 0%, not ported.
0x00438810	Shot_DrawBeamHitQueueForSurface	src/game/spaceflight_view.cpp	50%	rendering
0x00438C40	Shot_DrawUnderShipsBeamQueue	src/game/spaceflight_view.cpp	85%	rendering,synthetic
0x00438DB0	Frame_UpdateSpriteDistanceIntensity	src/game/sprite_world.cpp	95%	rendering,divergence
0x00438F40	NovaUi_UpdateCursorOverGameplayRect		0%	
0x00438FC7	NovaUi_UpdateTravelSelectionSprite		0%	
0x00439500	Mission_TickDailyCronEvents	src/game/mission_world.cpp	100%	bugfix
0x00439750	Mission_ActivateCronEvent	src/game/mission_world.cpp	100%	divergence
0x004398B0	Mission_TerminateCronEvent	src/game/mission_world.cpp	100%	divergence
0x00439A10	Frame_RestorePendingViewportRects		0%	
0x00439BB0	Frame_DrawViewportFlashOverlays		0%	
0x00439D00	Frame_DrawViewportFlashAndParticles		0%	
0x00439D20	Frame_RestoreViewportRectsAndParticles		0%	
0x00439D40	Frame_PresentViewportAndParticles		0%	
0x0043A020	System_UpdateRandomEncounterCountdown	src/game/ship_spawn.cpp	70%	gameplay,audio,ui
0x0043A310	Weapon_SelectTurretTargetWithinArc	src/game/weapon.cpp	100%	
0x0043ADB0	Stellar_TickStellarGravityPull	src/game/spaceflight_player_state.cpp	10%	gameplay
0x0043AED0	Stellar_HandleShipStellarCrash	src/game/collision.cpp	80%	ui
0x0043B020	Ship_SteerVelocityTowardShipHeading	src/game/spaceflight_movement.cpp	100%	divergence
0x0043B170	Frame_UpdateFadingEffectSprites	src/game/impact_effects.cpp	65%	rendering
0x0043B4A0	Math_AddPolarVelocity	src/util/math.hpp	100%	divergence
0x0043B4E0	Math_AddPolarVelocityWithClamp	src/game/spaceflight_movement.cpp	100%	divergence
0x0043B670	Math_BearingFromPointToPoint		0%	
0x0043B6A0	Math_ClampVelocityComponents	src/game/weapon_shots.cpp	100%	divergence
0x0043B710	Math_SquaredDistance		0%	
0x0043B740	Ship_AimWeaponPredictive	src/game/ship_ai_weapons.cpp	100%	
0x0043B8C0	Ship_AimWeaponLeadVelocity	src/game/ship_ai_weapons.cpp	100%	
0x0043BA30	Shot_AimStellarBatteryShot	src/game/weapon_shots.cpp	90%	correctness
0x0043BBB0	NovaResources_LoadMisnResourceDefs	src/game/scenario_data.cpp	100%	divergence
0x0043C3E0	Misn_ResolveMissionStellarLocators	src/game/mission.cpp	100%	divergence
0x0043C470	NovaUi_RunMissionBbsWindow	src/game/docked_mission_dialog.cpp	78%	ui,gameplay
0x00441620	NovaUi_DrawMissionBbsWindow	src/game/docked_mission_dialog.cpp	65%	ui,rendering
0x0043CC20	Stellar_RebuildTravelDestinationList		0%	
0x0043CF00	Mission_EvaluateMissionLists	src/game/mission.cpp	85%	gameplay
0x0043D240	Mission_ResolveMissionStellarTargets	src/game/mission.cpp	100%	divergence
0x0043D490	Mission_ResolveMissionSpecialShipSystem	src/game/mission.cpp	65%	gameplay
0x0043D4C0	Mission_ResolveMissionSpecialShipCount	src/game/mission.cpp	65%	gameplay
0x0043D510	Mission_SelectMissionStellarByLocator	src/game/mission.cpp	100%	divergence
0x0043E6F0	Mission_SelectMissionSystemByLocator	src/game/mission.cpp	100%	divergence
0x0043F080	Mission_ComputeDateAfterSteps	src/game/mission_world.cpp	100%	
0x0043F100	Mission_ActivateMissionAtSlot	src/game/mission.cpp	92%	gameplay,ui,bugfix
0x0043F8C0	Mission_PopulateMissionSlotFromDef	src/game/mission.cpp	72%	gameplay
0x00440370	Mission_TryConsumeMissionInteractionResources	src/game/mission.cpp	100%	divergence
0x00440410	Mission_ResolveMissionSuccess	src/game/mission.cpp	92%	gameplay,ui
0x00440750	Government_ApplyReputationCreditDelta	src/game/government.cpp	100%	
0x00440930	Mission_ResolveMissionFailure	src/game/mission.cpp	93%	ui
0x00440AA0	Mission_ClearMisnSlotAssignments	src/game/mission.cpp	95%	gameplay
0x00440BF0	Mission_FailMissionSlotQuick	src/game/mission.cpp	95%	gameplay
0x00440C90	NovaUi_PollMissionBbsWindow	src/game/docked_mission_dialog.cpp	72%	ui
0x00441B40	Mission_CheckMissionShipInteractionEligibility	src/game/mission.cpp	85%	gameplay,divergence
0x00442510	NovaUi_RunMissionOfferWindow	src/game/docked_mission_dialog.cpp	90%	ui,rendering
0x00443760	Mission_TickShipInteractionReactions	src/game/mission.cpp	100%	
0x00443780	Mission_TickReactionSlotsForTravelInteraction	src/game/mission.cpp	95%	gameplay
0x004438D0	Mission_ProcessInteractionReactionSlotResources	src/game/mission.cpp	92%	ui
0x00443C60	Mission_HandleMissionOrSurrenderShipReaction	src/game/mission.cpp	97%	correctness
0x004444F0	Stellar_BuildTravelDestinationDescription	src/game/mission_text.cpp	80%	gameplay,ui,bugfix
0x00445D70	Mission_ReplaceSubstringInMissionText	src/game/mission_text.cpp	100%	
0x00445DC0	NovaUi_RebuildMissionComputerList	src/game/docked_mission_dialog.cpp	85%	ui,rendering
0x00446150	NovaUi_RunMissionComputerWindow	src/game/docked_mission_dialog.cpp	88%	ui,rendering
0x00446770	NovaUi_PollMissionComputerWindow	src/game/docked_mission_dialog.cpp	65%	ui
0x00446E00	NovaUi_DrawMissionComputerWindow	src/game/docked_mission_dialog.cpp	70%	ui,rendering
0x00447170	NovaUi_PollMissionOfferWindow	src/game/docked_mission_dialog.cpp	85%	ui
0x00447680	NovaUi_DrawMissionOfferWindow	src/game/docked_mission_dialog.cpp	68%	ui,rendering
0x00447A30	Mission_DoesSystemMatchMissionLocator	src/game/mission.cpp	95%	gameplay
0x00447D90	Mission_ResolveMisnSlot	src/game/mission.cpp	100%	bugfix
0x00447F00	System_IsSystemVisible	src/game/travel.cpp	100%	
0x00447F20	Mission_CheckReactionConditionSatisfied	src/game/mission.cpp	100%	
0x00448020	Mission_ExecuteReactionScript	src/game/mission_script.cpp	100%	divergence
0x00448050	Mission_RunMisnScriptPayload	src/game/mission_script.cpp	100%	divergence
0x00448090	NovaResources_EvaluateAvailability	src/game/mission.cpp	100%	
0x00448660	Mission_ClearActiveReactionMission	src/game/mission.cpp	100%	
0x00448670	Mission_RunAvailLocOffers	src/game/mission.cpp	100%	divergence
0x00448910	Mission_RefreshActiveMissionSpawnState	src/game/mission.cpp	100%	
0x00448A30	NovaUi_DrawListRowCallback	src/game/nova_list_control.cpp	90%	ui
0x00448BA0	NovaExpression_SkipWhitespace	src/game/scenario_data.cpp	100%	
0x00448BE0	NovaExpression_EvaluateToken	src/game/scenario_data.cpp	100%	divergence
0x00449020	NovaExpression_EvaluateBoolean	src/game/scenario_data.cpp	100%	divergence
0x00449370	Mission_ExecuteMisnScriptEngine	src/game/mission_script.cpp	100%	divergence
0x0044A4D0	Ship_ExpandStringPlaceholders	src/game/mission_text.cpp	100%	divergence
0x0044A980	NovaParser_AllocateBuffer		0%	
0x0044A9D0	NovaParser_FreeBuffer		0%	
0x0044AA10	Profile_ExpressionGate		0%	
0x0044AA20	Profile_CountExpression		0%	
0x0044AA30	Math_RotateLeft8		0%	
0x0044AA50	Profile_ExpressionTimestamp		0%	
0x0044AA60	Delegate_NoOpReturnZero		0%	
0x0044AA70	Ship_HandlePlayerShipCore	src/game/spaceflight.cpp	47%	gameplay,ui,rendering
0x0044B037	PlayerTick_HyperspaceExitGate	src/game/travel.cpp	85%	rendering,synthetic
0x0044B120	PlayerTick_HyperspaceExitVelocity	src/game/travel.cpp	100%	synthetic
0x0044B240	PlayerTick_StatusAndOutfitEvents	src/game/spaceflight_player_state.cpp	78%	gameplay,ui,synthetic
0x0044B7C4	PlayerTick_TravelSelectionCommands	src/game/spaceflight.cpp	55%	gameplay,ui,synthetic
0x0044BEB0	PlayerTick_WeaponCommands	src/game/weapon_banks.cpp	75%	gameplay,verify,synthetic
0x0044C0B1	PlayerTick_FaceTargetCommand	src/game/spaceflight_player_state.cpp	90%	correctness,synthetic
0x0044C18A	PlayerTick_HyperspaceCommand	src/game/travel.cpp	60%	gameplay,synthetic
0x0044C8D0	PlayerTick_ManualFlightAndRegeneration	src/game/spaceflight_player_state.cpp	85%	gameplay,synthetic
0x0044C92E	PlayerTick_TurnInput	src/game/spaceflight_movement.cpp	100%	synthetic
0x0044C980	PlayerTick_NormalizeHeading	src/game/spaceflight_movement.cpp	100%	synthetic
0x0044C9AB	PlayerTick_AfterburnerCommand	src/game/spaceflight_player_state.cpp	85%	correctness,synthetic
0x0044CA3D	PlayerTick_ThrustAndEngineGlow	src/game/spaceflight_player_state.cpp	85%	gameplay,synthetic
0x0044CA6B	PlayerTick_TurnBankAnimation	src/game/spaceflight_player_state.cpp	90%	correctness,synthetic
0x0044CB99	PlayerTick_ShieldAndArmorRegeneration	src/game/spaceflight_player_state.cpp	100%	synthetic
0x0044CCAF	PlayerTick_HyperspaceTunnelAcceleration	src/game/travel.cpp	90%	rendering,synthetic
0x0044CFFE	PlayerTick_InertialessSteering	src/game/spaceflight_movement.cpp	90%	rendering,synthetic
0x0044D05B	PlayerTick_ClampVelocityToSpeedCaps	src/game/spaceflight_player_state.cpp	90%	correctness,synthetic
0x0044D0C3	PlayerTick_PositionAndJumpRangeCue	src/game/travel.cpp	80%	gameplay,synthetic
0x0044D371	PlayerTick_HyperspaceProgressBranch	src/game/travel.cpp	45%	gameplay,synthetic
0x0044D490	PlayerTick_TimedActionTransition	src/game/spaceflight_player_state.cpp	60%	gameplay,ui,rendering,synthetic
0x0044E019	PlayerTick_MouseTargetAndControlCommands	src/game/spaceflight.cpp	27%	gameplay,ui,synthetic
0x0044EAB4	PlayerTick_WeaponCycleContinuation	src/game/weapon_banks.cpp	90%	gameplay,synthetic
0x0044F127	PlayerTick_JumpTurnaroundContinuation	src/game/travel.cpp	80%	gameplay,rendering,synthetic
0x0044F3D0	PlayerTick_HyperspaceSequenceAnchor	src/game/travel.cpp	75%	gameplay,synthetic
0x0044F660	PlayerTick_SystemTransitionAndArrival	src/game/travel.cpp	50%	gameplay,ui,synthetic
0x0044FFF0	PlayerTick_ReverseCommand	src/game/spaceflight_movement.cpp	100%	synthetic
0x00450710	PlayerTick_AuxiliaryCommands	src/game/escort_commands.cpp	45%	gameplay,ui,license,synthetic
0x00450717	PlayerTick_IonizationAndFuelRegeneration	src/game/spaceflight_player_state.cpp	100%	divergence,synthetic
0x00451940	PlayerTick_InteractionCloakAndStatus	src/game/spaceflight.cpp	45%	gameplay,license,synthetic
0x00454910	Ship_HandlePlayerTargetActionCommand	src/game/spaceflight.cpp	65%	gameplay,audio
0x00455150	Weapon_FirePlayerWeaponBank	src/game/weapon.cpp	88%	gameplay,audio
0x00455E10	Stellar_RunDockAndLaunchSequence	src/game/landed_window.cpp	70%	rendering
0x00456480	Stellar_EnterHypergate	src/game/travel.cpp	65%	gameplay,rendering
0x00456CA0	Stellar_EnterWormhole	src/game/travel.cpp	75%	rng,rendering
0x00457580	Stellar_HandleStellarEntryAndExit	src/game/landed_window.cpp	50%	gameplay,cadence,rendering
0x00459950	NovaUi_UpdateTravelEngagementProgress	src/game/travel.cpp	90%	gameplay,ui
0x0045A3D0	Player_HandleBoardTargetCommand	src/game/boarding_plunder.cpp	92%	cadence
0x0045BAA0	Ship_RecenterSpaceObjectsForWorldWrap		0%	
0x0045C6D0	Ship_WorldWrapPositionRelativeToPlayer		0%	
0x0045C7A0	NovaUi_MarkTravelAndStatusPanelsDirty	src/game/spaceflight.cpp	100%	divergence
0x0045C880	Ship_CommandPlayerEscortGroup	src/game/escort_commands.cpp	85%	audio
0x0045CFC0	NovaUi_SetupGameplayPanelColors		0%	
0x0045D030	Frame_RollProximityScanDetection	src/game/radar_panel.cpp	100%	
0x0045D0A0	NovaUi_RebuildStellarRadarPanel	src/game/hud_renderer.cpp	100%	divergence
0x0045D320	NovaUi_RefreshGameplayPanels	src/game/hud_renderer.cpp	40%	ui
0x0045D600	NovaUi_DrawStellarRadarPanel	src/game/hud_renderer.cpp	85%	rng,rendering,divergence
0x0045E400	NovaUi_DrawTravelStatusPanel	src/game/hud_renderer.cpp	95%	ui
0x0045E9C0	NovaUi_DrawPlayerShieldArmorPanels	src/game/hud_renderer.cpp	80%	rendering,divergence
0x0045EA66	NovaUi_DrawPlayerShieldBar	src/game/hud_renderer.cpp	95%	rendering,verify
0x0045EBE8	NovaUi_DrawPlayerArmorBar	src/game/hud_renderer.cpp	95%	rendering,verify
0x0045EFE0	NovaUi_DrawPlayerFuelPanel	src/game/hud_renderer.cpp	95%	rendering,verify
0x0045F086	NovaUi_DrawPlayerFuelLevelBar	src/game/hud_renderer.cpp	95%	rendering,verify
0x0045F530	NovaUi_DrawTargetStatusPanel	src/game/hud_renderer.cpp	95%	ui,divergence
0x00460EC0	NovaUi_DrawActiveWeaponAmmoPanel	src/game/hud_renderer.cpp	100%	
0x004612C0	NovaUi_DrawCargoMissionStatusPanel	src/game/hud_renderer.cpp	90%	ui
0x00461830	Math_InitTrigLookupTables		0%	
0x00461930	Math_LookupAngleSine		0%	
0x00461970	Math_LookupAngleCosine		0%	
0x004619B0	Math_AngleFromVector2D		0%	
0x00461BC0	Stub_ElidedHook		0%	
0x00461BD0	Ship_FindNextPlayerCycleTarget	src/game/targeting.cpp	100%	gameplay,verify
0x00461F60	Ship_FindPreviousPlayerCycleTarget	src/game/targeting.cpp	100%	gameplay
0x004622F0	DrawContext_DrawCenteredPascalStringInBounds	src/game/nova_font.cpp	100%	divergence
0x00462340	Rect_FilledSideDim		0%	
0x00462390	Sprite_GetFrameFullWidth	src/game/collision.cpp	45%	rendering
0x004623D0	Sprite_GetFrameFullHeight	src/game/collision.cpp	40%	rendering
0x00462410	System_GetCurrentSystemLinkSpriteWidth	src/game/spaceflight.cpp	80%	gameplay
0x004624C0	Sprite_GetShipClassEscortFrameWidth	src/game/escort_formation.cpp	90%	gameplay,correctness
0x00462550	Asteroid_SpawnDestructionPackage	src/game/collision.cpp	90%	rng,bugfix
0x00462850	Ship_SelectNearestEngagedTarget	src/game/targeting.cpp	100%	
0x004629E0	Government_IsCandidateHostileToTargeter	src/game/government.cpp	100%	
0x00462BD0	Ship_SelectNearestHostileCombatTarget	src/game/targeting.cpp	100%	
0x00462DB0	Stellar_FindNearestAvailableTravelStellar	src/game/travel.cpp	90%	gameplay,divergence
0x00462EC0	Weapon_ReconcileOutfitPoolWithWeaponBanks	src/game/weapon_banks.cpp	90%	correctness
0x00463260	Weapon_RebuildWeaponBankPoolsFromOwnedOutfits	src/game/weapon_banks.cpp	95%	correctness
0x00463470	Ship_ComputeShipFreeMass	src/game/outfit.cpp	100%	
0x00463520	Math_MapPosToPointFloat		0%	
0x00463550	Ship_ComputeShipMaxShieldPoints	src/game/ship_ai.cpp	100%	
0x00463b30	Ship_ComputeShipFuelRechargeRate	src/game/ship_ai.cpp	95%	correctness
0x00463680	Ship_ComputeShipShieldRegenRate	src/game/ship_ai.cpp	95%	correctness
0x004637A0	Ship_ComputeShipMaxArmor	src/game/ship_ai.cpp	100%	
0x004638E0	Ship_ComputeShipArmorRegenRate	src/game/ship_ai.cpp	95%	correctness
0x00463A20	Ship_ComputeShipFuelCapacity	src/game/ship_ai.cpp	100%	
0x00463DC0	Weapon_WeaponCanTrackTarget	src/game/ship_ai_weapons.cpp	100%	
0x00463E70	Ship_ComputeShipMaxTurnRateDeg	src/game/spaceflight_movement.cpp	55%	gameplay
0x004640A0	Ship_ComputeShipEffectiveThrust	src/game/spaceflight_movement.cpp	95%	correctness
0x004642E0	Ship_ComputeShipEffectiveMaxSpeed	src/game/spaceflight_movement.cpp	90%	gameplay
0x004644A0	Outfit_HasEscapePodOrLaunchBay	src/game/spaceflight_player_state.cpp	100%	
0x00464520	Weapon_HasLaunchBayWeapon	src/game/weapon_banks.cpp	100%	
0x00464590	ShipClass_FindLaunchBayShipClassId	src/game/spaceflight_player_state.cpp	100%	
0x00464600	Weapon_FindLaunchBayWeaponBank	src/game/weapon_banks.cpp	100%	
0x00464670	Weapon_HasLoadedLaunchBayAmmo	src/game/weapon_banks.cpp	100%	
0x00464700	Outfit_HasAutoEjectOutfit	src/game/spaceflight_player_state.cpp	100%	
0x00464760	Outfit_HasPlayerOwnedOutfitType0x0F_Cached		0%	
0x00464810	Ship_GetShipJammingScore	src/game/ship_ai_weapons.cpp	100%	divergence
0x00464A90	Ship_CanShipEngageTargetUnderCloakRules	src/game/ship_ai.cpp	90%	gameplay
0x00464B50	Outfit_HasCloakingDevice	src/game/outfit.cpp	95%	correctness
0x00464C80	Outfit_HasAreaCloakingDevice	src/game/outfit.cpp	100%	
0x00464DB0	Outfit_GetCloakFuelDrainFlags	src/game/outfit.cpp	95%	correctness
0x00464E30	Outfit_HasCloakShieldDropOnActivation	src/game/outfit.cpp	95%	correctness
0x00464F60	Outfit_HasCloakDamageDeactivateFlag	src/game/outfit.cpp	100%	
0x00465090	Outfit_GetCloakShieldDrainFlags	src/game/outfit.cpp	100%	
0x004651A0	Outfit_HasCloakRadarVisibilityFlag	src/game/radar_panel.cpp	100%	
0x004652A0	Outfit_HasCloakScannerRevealForSurface	src/game/outfit.cpp	100%	
0x00465410	Outfit_HasPlayerOwnedOutfitType0x0D_Cached	src/game/radar_panel.cpp	100%	divergence
0x004654B0	Outfit_HasPlayerOwnedOutfitType0x0E_Cached	src/game/radar_panel.cpp	100%	divergence
0x00465550	Stellar_ComputeHyperspaceTravelDays	src/game/mission_world.cpp	85%	gameplay
0x00465610	Stellar_ComputeTravelRangeSq	src/game/targeting.cpp	100%	
0x004656A0	Outfit_ClampOutfitOwnedCountToCurrentLimits	src/game/outfit.cpp	100%	bugfix
0x00465AF0	DrawContext_DrawGroupedUInt		0%	
0x00465C10	CString_AppendFormattedQuantity	src/game/mission_text.cpp	100%	
0x00465D90	Ship_FormatLocalizedCountWord		0%	
0x00465E50	TradeCenter_CanBuySelectedRow	src/game/trade_center.cpp	100%	
0x00465EA0	TradeCenter_HasSelectedRowStock	src/game/trade_center.cpp	100%	
0x00465F00	Ship_GetShipRadarColor	src/game/radar_panel.cpp	100%	
0x00466030	Stellar_GetStellarRadarColor	src/game/radar_panel.cpp	100%	
0x00466260	Stellar_ComputeStellarDisplayColor	src/game/starmap_render.cpp	85%	rendering
0x00466540	Rect_CenterImageInRect		0%	
0x004665F0	NovaText_StripLeadingArticle		0%	
0x00466810	NovaInput_PeekActiveCommand		0%	
0x00466850	Shot_SnapshotControlInputState		0%	
0x00466A30	Frame_RestoreControlInputState		0%	
0x00466C10	ControlState_FindBindingConflict		0%	
0x00466C40	Mission_AdvanceGameDate	src/game/mission_world.cpp	95%	correctness
0x00466CB0	Mission_TickDailyWorldUpdate	src/game/mission_world.cpp	92%	gameplay
0x00466FC0	Government_ProcessFactionCombatEvent	src/game/government.cpp	100%	
0x00467140	Government_PropagateFactionCombatInfluenceToNearbySystems	src/game/government.cpp	100%	
0x00467710	Stellar_FindValidRespawnStellar	src/game/spaceflight_player_state.cpp	100%	
0x004677A0	Stellar_FindValidRespawnStellarRecursive	src/game/spaceflight_player_state.cpp	100%	
0x00467970	System_RebuildSystemVisibilityMap	src/game/travel.cpp	90%	NovaSystem_RebuildDiscoveryState: clears the flood mask, floods origin at (max_depth, threshold), then rebuilds the discovered_this_rebuild latch via NovaSystem_RebuildDiscoveredLatch (shared with the per-tick 0x00432470 scope B driver) gated on is_visible && has_explored_flag && discovery_state > 0 with every link resolved through NovaSystem_ResolveVisibleForTravel (0x0046b920) - invisible twin groups never latch and never show. Runs on system entry (level 1 arrival / level 2 landed+map reveal)
0x00467AB0	System_FloodDiscoverAdjacentSystems	src/game/travel.cpp	95%	NovaSystem_FloodDiscoverAdjacentSystems: depth-gated recursion fires the nebula region-event pass per reached system (NovaSystem_TriggerNebulaRegionEvents); neighbours recurse through NovaSystem_ResolveVisibleForTravel (0x0046b920) like the original, so an invisible twin group blocks the flood.
0x00467BD0	Frame_TriggerSystemRegionEvents	src/game/travel.cpp	80%	Ported as NovaSystem_TriggerNebulaRegionEvents: per nb\x91u nebula with ActiveOn true and explored latch clear, rect-inset-8 point test on the system position latches explored and runs the OnExplore set expression once through Mission_ExecuteReactionScript (0x00467cc1; full opcode grammar, not the removed control-bit-only mini-parser). TODO(decomp): the original logs via NovaDebugLog_PrintNcbSetStringContent (we log plainly).
0x00467CF0	System_ShowSystemEventMessage	src/game/hud_overlay.cpp	100%	System_ShowSystemEventMessage (callsite 0x0044ff44): sparse `STR ` id message_id+999, else STR# 1000 entry message_id (1-based), 0x1e0-tick overlay with g_hud_overlay_text_color. FireJump branches on SystemDef.message_id (payload +0x68 / SystemDef +0x92) != -1, showing the buoy instead of the generic "Entering the <system>" text.
0x00467D60	Anim_EaseFrameProgress		0%	
0x00467DE0	Frame_CommitFrameAndLatchTransitionWait		0%	
0x00467E20	Frame_FinishBlockingTransitionFrame		0%	
0x00467E60	NoSys_NoOp_00467e60	src/game/travel.cpp	100%	Stubbed Windows replacement for the Mac _FadeWhiteIn display call in Ship_HandlePlayerShipCore's hold-active top block (0x0044aa70). The original Windows release is a bare RET, so the hold builds up no white; the port delivers the Mac behaviour instead of the stub: NovaTravel_Tick's kHold branch latches one kFadeIn request when (progress-55)*5 becomes positive; NoSys_NoOp_00467e60 itself has no port call. Cited at the 0x00467e60 build-up comment.
0x00467E70	Stub_NoOp		0%	
0x00467E80	Ship_CanMaintainCloakState	src/game/ship_ai.cpp	100%	NovaAiShip_CanMaintainCloakState: disabled/fire-restriction rejection, last ModType 17 match wins, fuel nibble 0x00f0 and shield nibble 0x0f00 vs current resources (BUGFIX(original): the original reads those nibbles from the matched ModType word, so the fuel gate is always active and the shield gate never fires; the gated path uses ModVal), and the player-only tail (ship_instance_id == 0 && ai_station_hold_timer > 0 -> false unless ShipClass.flags_secondary bit 0x0400, Bible sh\xefp Flags2 'AI ships will cloak when hyperspacing', also applied to the player). Missing class is treated as flag-clear (safe-fail).
0x004680D0	Ship_OnShipCloakStateEntered	src/game/ship_ai.cpp	100%	NovaAi_OnShipCloakStateEntered: visibility-threshold early-out; player cloak-enter cue (snd 381) when ship_instance_id == 0 and cloak_transition_latch < 1; fade/latch normalization; ModType-17 shield-drop with shield > 0. The g_player_status_panel_dirty latch is implied by the immediate-mode HUD.
0x00468190	Ship_OnShipCloakStateCleared	src/game/ship_ai.cpp	100%	NovaAi_OnShipCloakStateCleared: visibility-threshold gate; player cloak-clear cue (snd 380) when ship_instance_id == 0 and cloak_transition_latch > -1; negative transition latch / latch clear.
0x00468210	Stellar_HasAdjacentAccessibleStellarMatchingTravelFlags	src/game/starmap.cpp	70%	Ported as SystemTradesClass: usable nav stellar with travel_flags bit 1 set whose trade-class lane (Stellar_ExtractTravelFlagConnectiveValue) is nonzero.
0x004682D0	Stellar_HasAdjacentAccessibleStellarForTravelMode	src/game/starmap.cpp	70%	Ported as SystemHasService: usable nav stellar with the mode's service bit (2 Trading / 4 Outfitting / 8 Shipyard).
0x004683B0	NovaRandom_Range		0%	
0x00468450	NovaText_FormatDateString	src/game/mission_text.cpp	100%	PORTED as NovaText_FormatDateString(date, abbreviated): MONTH DAYst/nd/rd/th, YEAR from STR# 0x89 (abbreviated month entries month+12) with the 11-13 -> th override; shares the mission_text.cpp FormatDateString body with 0x00468600. DatePrefix/DateSuffix (char resource +0x13a/+0x14a) are populated by the new-pilot ApplyCharacterTemplate into GameState.date_prefix/date_suffix and passed by the mission-text callers and the main-menu status panel; stock .Trader renders with the trailing " NC". See docs/char_resource_format.md. Token order and suffix selection verified against 0x00468450.
0x00468600	Stellar_FormatElapsedTravelTime	src/game/mission_text.cpp	70%	Shared body with 0x00468450 (full month names, STR# 0x89 entries 1-12). Used by the mission-text <DL> token (active-slot arm: runtime-flags deadline; deadline==today expands to the empty init string) and the arrival-message elapsed-time format. TODO(decomp): the offer-row <DL> arm reads the mission target-resolution table (dates not tracked); elapsed-days params 3/4 are ignored by the original body too. DatePrefix/DateSuffix are shared with 0x00468450 and populated (see that row). See docs/char_resource_format.md.
0x004687B0	Ship_IsShipDisabled	src/game/ship_ai.cpp	100%	The predicate doubles as the disabled check everywhere (weapons, jump engage 0x0044c1a3, collapse gate 0x0044b037, targeting scans). Ported as NovaAiShip_IsDisabled with all four original sources: derelict-govt 0x800; mission-fleet ShipGoal-5 active with the runtime ship-objective-complete latch (MisnRuntimeFlags+0x02, Ghidra's special_ship_attacking misnomer) clear and boarded_target_latch clear; the non-player stellar-approach exemption (XOR AL,AL at 0x00468856); and the armor gate armor*100.0f < Ship_ComputeShipMaxArmor (0x004637a0) * (33.333 @0x575808 / 10.0 @0x5757f8) with capability flags 0x10. No remaining TODO.
0x004688E0	Ship_IsShipDestroyed	src/game/ship_ai.cpp	100%	NovaAiShip_IsDestroyed: death-timer-active or armor<=0
0x00468920	Ship_CanPlayerHaveMoreEscorts	src/game/boarding_plunder.cpp	100%	Faithful: behavior-6 escort count (ai_target==0, no mission fleet) < 6.
0x00468990	Weapon_CanFireWeaponBank	src/game/weapon_banks.cpp	100%	Full port: player/NPC cost-bank index branch, NPC-only flags_secondary 0x100 mount gate, cloak-visibility threshold gate (0x4000 = fire-while-cloaked), launch-bay dependency (0x80 via 0x00464670), mode-99 loaded counter, ammo [0,0xff], fuel-drawn <= -1000 at (|cost|-1000)*0.1 (DAT_00575810; 0x004138a0 classifier is UNSCALED -- original inconsistency kept). Return is a plain bool in AL (not a bitfield; FNSTSW AH residue).
0x00468AF0	System_HasUsableTravelDestination	src/game/travel.cpp	100%	NovaSystem_HasUsableTravelDestination: scans nav_defs[0..3] for a stellar with travel_flags 0x20 clear and availability_flags 0x3000 clear. Bounds-guarded forms of the original's four-slot loop and both flag tests; no remaining gap.
0x00468B50	Mission_IsStellarValidRandomDestination	src/game/mission.cpp	100%	It is not physical travel reachability but the EV Nova Bible random destination rule (destination must be far from the offering system AND guaranteed to persist across system swapping). Ported in full: out-of-range candidate -> true, !is_defined -> false, same-system and one-jump-adjacent rejection, then a walk of the candidate system's visibility-parent twin chain requiring the candidate to be a nav default in every system (SystemDef.nav_stellar_ids, via NovaSystem_ResolveDiscoverySlot). Wired into StellarLocatorEligible (shared by the 0x0043d510 rejection sampling and the 0x00441b40 existence sanity check) with the chain-only reference (-1) used by Misn_ResolveMissionStellarLocators 0x0043c3e0 and Mission_CheckMissionShipInteractionEligibility 0x00441b40; the per-target anchor (Mission_ResolveMissionStellarTargets 0x0043d240 param_2 = ai_secondary_target_slot/first nav) is honored, and the original rejection-sampling pick loop is ported (see 0x0043D510). Remaining divergence: the 0x00441b40 sanity selector does not consume the selection RNG in the port.
0x00468D90	NovaUi_DrawSystemFactionConflictStatus	src/game/starmap.cpp	100%	Shared NovaUi_SystemFactionConflictStatusText serves the starmap and in-flight Player Info page; exact CrimeTol/reputation ladder, first-three-nav hazard override, xenophobic N/A arm, and localized STR# 0x86 lookup. Callers apply the separate 0x00468af0 usable-destination gate. Signed-overflow guards reduce to plain comparisons for shipped positive tolerances; the menu has an equivalent display wrapper.
0x00469030	NovaUi_DrawCombatRankLabel	src/nova_app.cpp	100%	MenuCombatRankLabel and NovaPlayerInfo_CombatRankIndex share the exact rank semantics: 0 points selects index 0, any positive score selects index 1, and 100/200/400/800/1600/3200/6400/12800/25600 advance through indices 2..10. Focused boundary regression in player_info_window_test.cpp.
0x00469100	Ship_ComputeTradeInValue	src/game/outfit.cpp	100%	Base ship trade-in: per-step truncation-toward-zero (FIST+residual, not round-nearest) sum of 25% of the current ship class base_cost (ShipClassDef +0x58) plus 50% of each owned non-persistent outfit's mass-scaled Outfit::PurchasePrice (persistent = outfit flag 0x0004, loader-cached at OutfitDef +0x378; rank outfits 0x2000 still count), clamped >=0. Player-only. Callers scale twice through Outfit_ComputeScaledPurchasePrice.
0x00469230	Weapon_HasMatchingWeaponAmmoCarried	src/game/boarding_plunder.cpp	100%	Ported inline as PlayerCarriesMatchingWeaponAmmo: player bank scan by ammo_type, preserving the first-armed-mode-99-bank early-return quirk.
0x004692E0	NovaAudio_PlaySpatialByDistance	src/game/weapon.cpp	90%	NovaWeapon_ComputeSpatialFireGain preserves rounded displacement, directional 722500/40000 inverse-square falloff, extent/8 clamps, and mono averaging. SDL playback replaces NovaAudio_QueueCenteredSound; tracked callsites preserve original widths: ordinary NPC/linked fire 4, stellar/carrier fire and ordinary player fire 5, player beams/secondary fire 6, impacts 6, and destruction 5. Master volume remains multiplicative with spatial gain.
0x00469480	Stub_NoOp_00469480		0%	
0x00469490	Stub_NoOp_00469490		0%	
0x004694A0	ShipClass_HasPlayerBayCapacityFor	src/game/ship_spawn.cpp	100%	NovaShipClass_HasPlayerBayCapacityFor: bay resolution (direct class match, escort_type clone-family fallback, ModType-3 fighter-bay outfit), occupancy = loaded secondary or owned count, capacity = WeaponDef.max_ammo (Bible MaxAmmo, payload +0x6c) x mounted or outfit Max, + active behavior-5 fighter count. Wired into the mode-8 dock player arm. Player board command (0x0045a3d0) recovery arms and the AI mode-8 dock arm are wired; the UI purchase gate (0x00491950) callsite remains unwired.
0x00469760	Player_ComputeFleetCargoCapacity	src/game/outfit.cpp	100%	Full 0x00469760: player hull capacity (16-bit truncation mirrored) plus every active, undestroyed behavior-6 escort attached to the player (squad_leader 0), not in a mission fleet, whose class InherentAI < 3 (freighter/civilian), adding class cargo_holds; clamped to 32000. Hired Cargo Drones augment the fleet total.
0x00469810	Player_TransferCargoAndJunkToEscortByRatio	src/game/landed_store.cpp	95%	Ports the capacity-ratio transfer for player/escort slots, including the inline unclamped same-system fleet denominator, destroyed-recipient exception, original slot-zero cargo overwrite and junk subtraction behavior, truncation, clamps, and derived-state invalidation. Remaining: eager Outfit_RecomputeOutfitDerivedState side effects are represented by lazy stat-cache invalidation.
0x00469C90	Frame_ResetNavigationOverrideLatch		0%	
0x00469CA0	NovaInput_IsCommandActiveWithGameplayGuards	src/game/command_input.cpp	40%	Partial port as NovaInput_IsCommandActive: resolves the command id to the bound key via the shared key-binding table, then tests the held key (the original's g_player_key_bindings -> DAT_0086e098 snapshot path). TODO(decomp(0x00469ca0)): the DAT_00596d3c modal/gameplay-suspended guard and the five-entry g_panel_suppressed_commands list are not modelled; callers that need them still gate themselves.
0x00469CF0	NovaInput_CommandHasKeyBinding		0%	
0x00469D10	Input_PumpAndTestCommand		0%	
0x00469D30	Stellar_ExtractTravelFlagConnectiveValue	src/game/starmap.cpp	100%	Ported as StellarTradesClass: the six 3-bit trade-class lanes at flags bits 28-30, 24-26, ... 8-10; nonzero lane = traded. Bit-level decode verified against the 0x00469d30 switch. Also ported exactly (lane values 1/2/4, not just nonzero) as Stellar_TradeConnective in trade_center.cpp for the exchange price scale. Both call forms are exact; no remaining gap.
0x00469E90	NovaUi_RebuildShipyardAvailabilityList	src/game/landed_store.cpp	90%	Partial clean-room availability list: decoded stellar base/special tech gates, valid-resource and BuyRandom-zero filtering, Require and availability expressions, equal-weight suppression, and descending stable ordering. The daily limit roll (ShipClassDef +0xa2c via GameState.ship_class_limit_rolls, rerolled by 0x00466cb0) gates the buy lane; the hire lane (threshold pair +0xa2a / GameState.ship_class_threshold_rolls) now gates the hire-mode listing. TODO(decomp) skipped: the shareware-license multiplier on the hire roll (g_expression_ship_class_id +0xab8 registration byte: unregistered builds offered every HireRandom>0 class); the port models the registered behavior only.
0x0046A220	Outfit_RebuildAvailableOutfitListForTravelStellar	src/game/landed_store.cpp	60%	Partial clean-room availability list: decoded stellar base/special tech gates, valid-resource and owned visibility handling, Require and availability expressions, display-weight-zero inclusion, equal-weight suppression, and descending stable ordering. The daily in-stock gate (+0x1c threshold vs GameState.outfit_stock_rolls, rerolled by 0x00466cb0; owned -> roll zeroed as the same-day restock latch) now ported; full flag semantics remain TODO(decomp).
0x0046A5D0	Player_ComputeCargoAndJunkTotal	src/game/outfit.cpp	100%	Player cargo+junk total: 6 bins + every active mission's carried cargo (carrying_resources && cargo_qty_tons >= 0) + positive junk counts. Matches 0x0046a5d0; the original's 16-bit bin accumulator is reproduced by the final int16 cast (all callers narrow to short).
0x0046A680	Player_HasAnyCargoMissionOrJunk	src/game/outfit.cpp	100%	Checks the six player cargo bins, active carried mission cargo with valid type/quantity, and all junk counts; deliberately does not inspect owned outfits. Wired into the Player Info cargo summary path.
0x0046A730	Ship_ComputeShipTotalCargoCapacity	src/game/outfit.cpp	100%	Port as Ship_ComputeShipTotalCargoCapacity: class Holds (ShipClassDef.cargo_holds +0x0 / shp payload 0x00) plus, for every owned outfit, owned_count * ModType-2 (cargo space) ModVal per slot (16-bit product truncation mirrored). Player baseline for Player_ComputeFleetCargoCapacity (0x00469760). ModType 2 is cargo space, not mass (disassembly-verified).
0x0046A7C0	Player_ComputeRemainingCargoSpace	src/game/outfit.cpp	100%	Full 0x0046a7c0 formula: ship capacity minus carried, with escort-freighter holds absorbing bins/junk overflow before mission cargo and any remainder are charged to the ship. Single-ship branch is not clamped (callers clamp; e.g. 0x0049c050). The escort branch activates because Player_ComputeFleetCargoCapacity (0x00469760) models escort freighters.
0x0046A870	NovaUi_RedrawGameplayViewportAndRadar	src/game/spaceflight_view.cpp	70%	The synchronous gameplay viewport + radar redraw is expressed structurally: SpaceflightView::Draw rebuilds the world each frame and HudRenderer::DrawRadarPanel (0x0045d600) redraws the radar. The original's saved-backdrop ClearSurface14/DrawContext fill and the g_is_system_transition_active skip of SpriteWorld_RenderLayers are preserved (transition fills the space tint only). No offscreen surface exists in the SDL port.
0x0046AAD0	NovaAudio_QueueCenteredSound	src/sdl_audio.cpp	95%	SdlAudio::Play queues exactly one centered SDL voice and carries the original second argument as priority_width (minimum 1), rather than replaying it as a repeat count. Direct callsites preserve verified ranks: menu focus/intro 10, menu reveal/hyperspace 0x32, combat chatter 0x0f, ordinary transition cues 1. SDL stream conversion replaces the original descriptor/backend plumbing.
0x0046AB00	NovaAudio_PreStageJumpSoundBySeconds	src/game/spaceflight.cpp	25%	The warp-up cue is not pre-staged by seconds in the port: it plays on the hold-begin latch (NovaTravel_Tick) and the fire waits on the live voice count, subsume the staging. The duration-scale folding is ported inline at the play call: the original stores 65536/multiplier, while SDL receives the chassis multiplier as playback speed (0.91..2.08) via NovaTravel_PlayerJumpDurationMultiplier. Remaining: the original's seconds-based pre-stage scheduling is not modelled.
0x0046AB60	NovaAudio_UpdateCenteredGainFromPreference	src/game/preferences.hpp	100%	Maps sound_volume * 8 through the original [0,0x100] centered-level clamp and Audio_AllocateVoiceSlot's 0x80 per-channel cap, then normalizes the backend's level * sample >> 7 scale for SDL master gain.
0x0046ABB0	Ship_GetScannerStrength	src/game/radar_panel.cpp	90%	Ship_ComputeScannerStrength: owned_count * ModVal summed over ModType 0x18 slots, clamp [-100,100]; the DAT_007356ba memoization sentinel is not reproduced.
0x0046AC50	Registration_SpawnLicenseEnforcer		0%	Shareware/license enforcement encounter using personality slot 0x3ff; day thresholds and licensed-runtime flags gate a near-player state-8 spawn. Renamed in Ghidra from the misleading Mission_SpawnAmbientMissionShip; unported.
0x0046B210	Math_ShortestAngleDeltaDeg	src/game/nova_math.hpp	100%	
0x0046B260	Ship_CanShipUseAfterburner	src/game/ship_ai.cpp	95%	Ported as NovaShip_CanShipUseAfterburner (+0xBD consumer): formation-leader block, capability 0x400/0x40 gates, 0x20 rating roll (NovaRandom_Range(0x540)+0x100 <= rating/base). The original divides by the unindexed class-0 Strength (g_ship_class_defs->strength at 0x0046b308, the Shuttle) -- NOT the ship's own class; the port pins the shipped base (GameState::kCombatRatingBaseStrength = 2) as a documented divergence. Rating producer ported (NovaFrame_AddCombatRatingPoints, collision.cpp); clean-room draws from GameState.rng not the original LCG.
0x0046B330	NovaAi_PlayerCombatRatingGate	src/game/ship_ai_controls.cpp	100%	Reimpl as the player_combat_rating_gate lambda in Ship_ApplyShipAiControls mode-6 break-off: roll [0,0x540) draw + 0x100 <= player_combat_rating_points. Caller's non-player branch (NovaRandom_Range(2)==0 bypasses the gate) is modelled; clean-room uses GameState.rng instead of the global LCG.
0x0046B360	Weapon_IsTargetBearingInTurretBlindSpot	src/game/ship_ai_weapons.cpp	100%	NovaAi_WeaponIsTargetBearingInTurretBlindSpot: front <46 / side <136 / rear sectors are BLIND when weapon flags_primary 0x1000/0x2000/0x4000 set, force-overridden ON by ShipClass capability flags (Bible semantics). All four original callers fire/reject on FALSE; the AI bank selector follows the same polarity.
0x0046B4B0	Dude_SelectShipTypeIndexFromDudeDef	src/game/ship_spawn.cpp	100%	NovaDude_SelectShipTypeIndex: faithful weighted pick over a DudeDef's present ship types, filtering ShipClass::is_available_runtime unless ignore_ship_availability is set; malformed references are safely rejected at the resource boundary.
0x0046B600	Dude_SelectRandomSystemDudeClassIndex	src/game/ship_spawn.cpp	100%	Reimpl: NovaDude_SelectRandomSystemDudeClassIndex() src/game/ship_spawn.cpp — weighted pick among a System's 8 dude slots (class ids >=0 && <0x200), scalar cumulative-weight bucket + uniform [0,total) draw, returns lowest-index valid slot reaching (draw+1) (mirrors the original's descending overwrite loop). Reproducible over GameState/seed rng. Tested via system 0x80 binding (8 slots weights 30/10/12/5/12/10/1/20) + empty->-1. High confidence.
0x0046B6D0	EncounterFleet_SelectRandomEncounterFleetDefWeighted	src/game/ship_spawn.cpp	100%	Faithful reimpl as NovaEncounter_SelectFleetDefWeighted (src/game/ship_spawn.cpp/hpp): weighted cumulative-bucket pick among System.encounter_fleet_ids whose FleetDef has a valid lead + is_available_runtime, draw in [0,total), returns the 0-based def index or -1. Weighted distribution verified (weights 10/20/70 -> ~20/38/142/200 across 2000 draws).
0x0046B870	ShipClass_ComputeShipClassSkillVarianceScale	src/game/ship_spawn.cpp	100%	SkillVarianceScale (static helper): per-NPC multiplier matches the Ghidra formula `(NovaRandom_Range(2*p+1) + (100-p)) * 0.01`; class SkillVar loads from payload +0x60.
0x0046B8D0	Ship_IsInPlayerSquad	src/game/ship_ai.cpp	100%	Player-squad membership predicate: true for the player (ship_instance_id 0), a ship attached directly to the player (squad_leader_ship_slot 0), or a ship attached to a player-attached ship; any other leader (== -1, >= 0x40, or itself subgrouped) is false. Ported as NovaShip_IsInPlayerSquad (src/game/ship_ai.cpp/hpp); wired into Weapon_CanWeaponHitTarget (0x004272C7), Ship_CommandPlayerEscortGroup (0x0045C963), and the Ship_ApplyDamageToShip retarget gate (0x0041AB03). Remaining: the Shot_UpdateBeamHitQueue per-ship friendly-fire loop (0x0042FBD8/0x0042FBFA/0x004302F8) is still deferred as part of a larger unported block (TODO references at each site).
0x0046B920	System_ResolveVisibleSystemForTravel	src/game/mission.cpp	90%	Clean-room port as Misn_ResolveVisibleSystemForTravel (src/game/mission.cpp): root short-circuit + parent-chain walk, bounds-guarded. SystemDef +0xb8/+0xba fields added but the loader twin-grouping pass (0x004beb4f) is TODO(decomp), so chains stay -1
0x0046B9B0	System_ResolveSystemDiscoverySlot	src/game/travel.cpp	100%	NovaSystem_ResolveDiscoverySlot: returns the visibility root when set, else the system id; twin grouping not reconstructed (roots stay -1), so this is the identity path
0x0046B9F0	NovaUi_UpdateCursorVisibility		0%	
0x0046BA10	NovaPlatform_EnsureCursorVisible		0%	
0x0046BA30	Ship_FindNearestHittableWeaponTarget	src/game/weapon_shots.cpp	95%	FindNearestHittableWeaponTarget: scans slots 0..0x3f for active ships in the player's system that NovaWeapon_CanProjectileHitShip accepts, minimising integer-rounded squared distance from the shot (16-bit truncated axis deltas, first-found wins on ties). Returns -1 when none. Sole caller is the linked-shot nearest-target arm. Remaining: no known gaps beyond the shared Weapon_CanWeaponHitTarget simplifications.
0x0046BBF0	NovaRender_SetSystemSpaceBackgroundColor	src/game/spaceflight_view.cpp	60%	per-system BkgndColor (syst +0x8e RRGGBB) decoded & used as solid backdrop; DrawContext/sprite-effect surface plumbing not reconstructed
0x0046BC50	Government_SetSystemFillColor		0%	
0x0046BC90	Government_AreGovtsAllied	src/game/government.cpp	100%	Faithful reimpl as NovaGovernment_AreGovtsAllied (src/game/government.cpp/hpp): self returns true, derelict (flags_primary & 0x800) excluded, then cross-checks classes vs the other's ally list both directions. Verified vs Federation 0x80 / govt 0x81 (not allied) and govts 0x84/0x85 (allied).
0x0046BDF0	Government_AreGovtsHostileOrXenophobic	src/game/government.cpp	100%	Faithful reimpl as NovaGovernment_AreGovtsHostileOrXenophobic (src/game/government.cpp/hpp): enemy-class cross-check both directions, then the derelict short-circuit (flags_primary 0x0800 on either side returns false before the allied/xenophobic fallback), then the range-guarded allied + xenophobic override.
0x0046BFF0	Government_DoGovtsShareClass	src/game/government.cpp	100%	Clean-room port as NovaGovernment_DoGovtsShareClass: id equality or shared class_1..4 (no derelict exclusion, matching original)
0x0046C080	Ship_ComputeIonizationDecayRate	src/game/outfit.cpp	100%	Functional reconstruction complete: NPC ships return the live class base (payload +0x36a via the 0x004BD3C0 converter); the player uses a dedicated lazy cache (GameState.cached_ionization_decay_rate, Ghidra g_player_cached_ionization_decay_rate/DAT_007356ac) valid while >=0 (negative/NaN recompute), reset to -1 by InvalidateDerivedStatCaches at every stat-invalidation site. ModType 39 dissipators accumulate in the documented (ModVal*0.01_double)*owned + total order with per-slot float rounding. ACCEPTED DIVERGENCE: intermediates are double (53-bit) while the original runs x87 extended (64-bit) on this entry path (PE_EntryPoint 0x008713e0 -> CRT_StartupMain -> FNINIT/FUN_00881060, CW 0x037F; no 0x027F in the image), e.g. base=1.0/val=-100/owned=1 ~ -2.08e-17 vs 0.0; treated as a platform-precision tradeoff, not bit-exact and not an original bug; see docs/x87_precision.md. The caller decay/clamp path is ported (spaceflight.cpp / spaceflight_player_state.cpp via NovaShip_UpdateIonizationCharge); the float-vs-double tick scale remains an accepted divergence on those rows.
0x0046C160	Ship_GetIonizationIntensity	src/game/outfit.cpp	100%	Fully reconstructed as NovaOutfit_GetIonizationIntensity with the capacity arm inline in NovaOutfit_ComputeIonizationCapacity (the NPC-only class path remains NovaShip_IonizationIntensity in spaceflight_movement.cpp). NPC returns class ionization_capacity (payload +0x36c, sign-extended int16) with no cache; player adds each owned ModType 40 (ion absorber) mod_val*owned (integer, no 0.01 scale) across all four effect slots and caches the float total in GameState.cached_ionization_capacity (Ghidra DAT_007356a8, renamed g_player_cached_ionization_capacity) valid while >=0 (0.0 is valid), reset at Outfit_RecomputeOutfitDerivedState 0x0046d507; returns 0 for capacity <=0. ACCEPTED PRECISION DIVERGENCE: the original stores the rounded float cache but keeps dividing by the unrounded x87 accumulator on the first uncached call, while the port divides by the rounded float immediately. See docs/x87_precision.md.
0x0046C250	System_GetEffectiveMurkPercent	src/game/travel.cpp	100%	NovaSystem_GetEffectiveMurkPercent: max(SystemDef.murk,0) + sum over owned outfits of owned_count*ModVal for every ModType 0x1c (MurkMod) slot, clamped [0,100]. Computed on demand each Draw instead of cached in g_distance_intensity_scale (the original's Outfit_RecomputeOutfitDerivedState cache); the render fog and NPC glow cap read it.
0x0046C2F0	Weapon_GetShotImpactVariant	src/game/weapon_shots.cpp	10%	Spawn path mirrors the high-confidence Flags2 0x1000 -> ShotState.impact_variant conversion; the helper is not yet split into a one-to-one clean-room function.
0x0046C320	Weapon_SelectTurretQuadrant	src/game/weapon.cpp	100%	NovaWeapon_SelectTurretQuadrant: quantized displayed-frame bearing (frame*360/frames, floor idiom), flags_tertiary 0x10 target-nearest quadrant (0x0046c4e0), random re-roll for invalid state, barrel offset (0x0046c5c0), mod-4 advance + re-validation quirk; per-ship quadrant state Ship.muzzle_quadrant (ShipState +0xc8fe). Muzzle bearing derives the displayed frame from heading (original reads sprite+0x68) -- TODO(decomp) equivalence note. Wired into NovaWeapon_SpawnProjectile.
0x0046C4E0	Weapon_ChooseBestTurretQuadrantForTarget	src/game/weapon_internal.hpp	100%	ChooseBestTurretQuadrantForTarget: four quadrant barrel offsets via 0x0046c5c0, min squared distance to target; returns 0 (not -1) for invalid args (original quirk kept).
0x0046C5C0	Weapon_ApplyTurretSpreadVelocity	src/game/weapon_internal.hpp	100%	ApplyTurretSpreadVelocity: acc = polar(forward, bearing) + polar(lateral, bearing+90 mod 360) at barrel i=ExitType*4+q; NEAR scale pair when acc_y < 0 else FAR; pos += (acc_x*sx, acc_y*sy - drop). Geometry moved to ShipClass.muzzle_* decoded at scenario load: X/Y ExitType families use shan +0x48/+0x50 +16g+2q (the loader interleaves each pair); Z uses +0x90+8g+2q; scales 0x88/0x8a/0x8c/0x8e *0.01, <=0 clamped to 1.0.
0x0046C7A0	Ship_IsShipCloakVisibilityThresholdActive	src/game/targeting.cpp	100%	NovaTargeting_ShipAtCloakVisibilityThreshold: strict cloak_fade_progress (+0x64) gates at 24.0 while entering, 8.0 while clearing, and 16.0 baseline keyed on cloak_transition_latch; visual fade integration remains outside the clean-room targeting module.
0x0046C800	Frame_IsRectVisibleInViewport	src/game/mission_world.cpp	20%	Dual-use helper. Ported the crön date-window arm only, inline as CronEventDateWindowAllows (mission_world.cpp): FirstYear/LastYear gates plus the month*0x20+day composites, month-only and day-only arms; the 0x0046c835 FirstMonth-only start gate is exact, and under kApplyOriginalBugFixes the month/day bound applies only at the boundary year so a multi-year range is contiguous. TODO(decomp): the sprite/frame rect-vs-viewport arm used to cull per-mission-slot reaction updates is not ported (the clean-room Ship has no sprite-rect model; see 0x00443c60).
0x0046C930	Outfit_HasScannerTargetUntargetableCapability	src/game/targeting.cpp	100%	scanned inside NovaTargeting ScannerCapabilities: any owned outfit modType 0x1e with modVal bit 0x04 (kCloakScanner untargetable flag) across primary+alt mod slots; original's tri-state memo cache not reproduced (scan is once per targeting-command press).
0x0046CA60	Outfit_HasCloakScannerTargetCloakedCapability	src/game/targeting.cpp	100%	scanned inside NovaTargeting ScannerCapabilities: any owned outfit modType 0x1e with modVal bit 0x08 (cloaked-targeting flag); same no-cache note as the untargetable sibling.
0x0046CB90	Outfit_HasMiningScoopOutfit	src/game/outfit.cpp	100%	Ported as NovaOutfit_HasMiningScoopOutfit: ModType 0x1F across the four mod slots; player branch scans owned outfits, NPC branch scans class default outfit slots.
0x0046CCA0	Mission_AccumulatePlayerContributeMask	src/game/outfit.cpp	100%	Ported as NovaOutfit_AccumulatePlayerContributeMask (outfit.cpp): ship-class baseline + active+defined ränk Contribute mask + owned outfits + active crön events. Rank arm byte-verified against ränk runtime +0x14/+0x18 (payload +0x0e/+0x12); DecodeRank field order matches the ResForge TMPL and the salary/contribute consumers.
0x0046CD80	Outfit_EvaluateRequireMask		0%	Require-mask satisfaction routed through the ship-class-seeded ContributeMask (landed_store MeetsRequire)
0x0046CDD0	Stellar_ComputeShipJumpDepth		0%	
0x0046CEC0	Weapon_GetShipMaxWeaponRange	src/game/weapon_banks.cpp	100%	NovaWeapon_GetShipMaxWeaponRange: armed(ammo>0)+CanFire gate over 0x100 banks; reach = beam_length_px (modes 0/3), floor(range_scalar) via FISTP+backoff (modes -1/4/7 -- original case list tests 7 twice, mode 8 contributes 0, quirk kept), *0.85 mode 1 (DAT_00575850), *0.5 mode 6 (DAT_005757c8); clamp 0x7fff. Wired at its 0x00405590 caller: the state-4 Flags2 0x0002 standoff envelope scales the (short) reach by 0.85 (0x5750b8) and halves it for a disabled target.
0x0046D080	Ship_CheckSpecialLoadoutCapability	src/game/outfit.cpp	100%	NovaOutfit_HasFastJumpCapability: class Flags2 0x0020 OR any of an outfit's four ModTypes 0x25 (37, kFastJump); player (ship_instance_id 0) scans owned inventory (positive count, ModVal irrelevant), NPCs scan the class default loadout. Four direct callsite equivalents: Ship_UpdateShipAiState state-2 brake (0x004060d1) and state-3 attack jump-departure arm (0x00406720), and Ship_HandlePlayerShipCore kBrake stop gate (0x0044c4db) and kHold damp (0x0044c726). The fifth Ghidra caller, the player mode-3 map-bearing re-aim gate (0x0044ed32), is gated on ai_station_hold_timer > 0 (DAT_00575538 = 0.0, verified at 0x0044ed1d) and therefore runs during the engaged brake/hold alignment, not in an armed pre-engage state; the port satisfies it through the unconditional engaged-hold alignment. The verified timer gate is high confidence; port equivalence of the surrounding auto-turn timing (notably a possible one-frame entry offset) was not established (see 0x0044C18A row and docs/player_hyperspace.md).
0x0046D190	Ship_ShipsShareSquadRoot	src/game/collision.cpp	80%	Implemented as SharesSquadRoot, with the public NovaShip_ShipsShareSquadRoot wrapper (src/game/collision.cpp) so Shot_HandleShot's target-chain arm can reuse the exact chain semantics. Walks both squad_leader_ship_slot chains to their roots and compares; bounded loop tolerates malformed cycles (original is unbounded). Stored as 80% because the wrapping behaviour for inactive roots is a documented divergence.
0x0046D250	PascalString_ToCStringInPlace		0%	
0x0046D380	CString_ToPascalStringInPlace		0%	
0x0046D4B0	Outfit_RecomputeOutfitDerivedState	src/game/outfit.cpp	62%	Clean-room hook is NovaOutfit_RecomputeOutfitDerivedState (see docs/outfit_derived_state.md for the two-mechanism model). Modelled: stat-cache invalidation (lazy Ship_Compute* sentinel equivalent, GameState.stat_cache_valid), fleet-overflow scaling of the six ordinary cargo bins by capacity/(cargo+junk), negative cargo-bin/junk clamps, jamming_score reset, player cloak-latch reset (+0xC91C/1E/20), recently_hit_timer=-1.0, mining-scoop arm (NovaOutfit_RefreshPlayerMiningScoopActive), owned ModType 0x2c/0x30 government latches (Government.reinforcement_inhibited +0x82 / iff_scrambler_active +0x83, g_player_reinforcement_inhibit_all), and policy_flags clear/rebuild from active ranks. 14 direct callers + 5 interior Ship_HandlePlayerShipCore/Stellar_HandleStellarEntryAndExit sites; several port sites still set stat_cache_valid=false directly. TODO(decomp): license clamp, junk flags, carried-bomb class+timer. (The murk distance-intensity cache is instead computed on demand by NovaSystem_GetEffectiveMurkPercent; see docs/system_murk_rendering.md.) Contraband-scan candidate latches DAT_007356cc/DAT_007356cd are rebuilt by NovaOutfit_RefreshContrabandScanLatches (called from this recompute). g_playerInventoryAndLoadoutDirty after a scan fine is only the NovaUi_RefreshGameplayPanels (0x0045d320) cargo-HUD redraw latch, not a recompute trigger, so the latches correctly stay clear until a later real inventory mutation.
0x0046DF70	Outfit_ShipIsInertialess	src/game/outfit.cpp	70%	Inertialess gate split: the player branch (ship-class flags_secondary bit 0x40 or an owned opcode-38 inertial-dampener outfit via Outfit_HasOwnedEffect) is ported as NovaPlayer_IsInertialess and used by the manual-flight movement options and the jump-brake speed-decay arm (0x0044f0e3); the NPC branch (class flag + ai_control_mode 0x0c exclusion) is NovaShip_IsInertialess in spaceflight.hpp. Player outfit-inventory nuance and caching not reproduced (cheap probe instead).
0x0046E060	Ship_GetShipFuelBurnRate	src/game/outfit.cpp	75%	player opcode-15 scan follows the last-owned-afterburner ModVal / 30-tick rate; original cache sentinel omitted
0x0046E120	Stellar_ShipHasGravityShielding	src/game/spaceflight_player_state.cpp	25%	player opcode-38/41 gravity immunity gates stellar force; ship-class and NPC behavior remain unimplemented
0x0046E210	Stellar_ShipImmuneToStellarCrash	src/game/collision.cpp	95%	Ported as Stellar_ShipImmuneToStellarCrash: true when ShipClass Flags3 0x20 is set, or for the player only (ship_instance_id==0) when an owned outfit carries ModType 0x2a in any of its four mod slots. Deliberately distinct from Stellar_ShipHasGravityShielding (0x0046e120): the NPC flags_secondary 0x40 gate and the ModType 0x26 (inertial dampener)/0x29 (gravity resistance) outfits do NOT grant crash immunity. The original caches the player-outfit roll in DAT_007356c6; the clean-room recomputes per call, behaviorally identical while the inventory is unchanged (the original's cache is invalidated on outfit change), so the only divergence is the cache itself.
0x0046E2F0	Ship_AccelerateShipTowardPoint	src/game/spaceflight_player_state.cpp	55%	player stellar-gravity use reconstructed: unit bearing force with gravity*elapsed / squared-distance; generic helper and original near-zero constants remain inline/TODO(decomp)
0x0046E3C0	Stellar_IsStellarActive	src/game/targeting.cpp	100%	NovaTargeting_IsStellarActive: sprite strength capacity>0 && (live strength<0 || engage access>0), matching Ghidra +0x40 > 0 && (+0x3c < 0 || +0x47c > 0). Live strength is Stellar.strength (Ghidra +0x3c): decremented by planet-type weapons in Shot_ResolveCollisions, reset to the capacity by Mission_TickDailyWorldUpdate regen.
0x0046E3F0	Stellar_StellarTargetsSpriteSetActive	src/game/targeting.cpp	100%	NovaTargeting_StellarTargetsSpriteSetActive: control bit set && sprite-active == engaged flag (XNOR)
0x0046E440	Stellar_IsStellarUsableForTravel	src/game/targeting.cpp	100%	NovaTargeting_IsStellarUsableForTravel: targets-sprite-set-active && not availability_flags 0x3000
0x0046E470	Ship_ResolveShipTintColor	src/game/ship_visual.cpp	100%	NovaShip_ResolveTintColor: defaults to the global ship paint, then for ship_instance_id != 0 overrides from pers_def_slot color (5-bit) or the faction government ShipColor (loader stores byte << 8); all-zero -> 0x20. Exact resolver; render consumption (SDL color-mod approximation) is tracked on Ship_UpdateVisualState 0x00428340.
0x0046E540	Frame_ShouldTriggerAutoRepairTick	src/game/spaceflight_player_state.cpp	95%	Ported directly for both callers: frame-scaled random gate, destroyed-ship veto, and the ModType-0x31 repair-outfit scan (player owned outfits, NPC class default loadout). Fire restriction is applied by both callers (PlayerTick_StatusAndOutfitEvents and Ship_HandleShip 0x00433050).
0x0046E6D0	NovaText_SplitPascalStringAtNewline		0%	
0x0046E790	System_FindSystemContainingStellar	src/game/targeting.cpp	100%	NovaTargeting_FindSystemContainingStellar: first system (visible-first, else all) whose nav list owns the stellar id, else -1
0x0046E840	NoSys_NoOp_0046e840		0%	
0x0046E850	NoSys_NoOp_0046e850		0%	
0x0046E860	Government_GetGovernmentPolicyFlag	src/game/government.cpp	95%	Ported as NovaGovernment_GetPolicyFlag: validates government id and flag index, then reads policy_flags[0..1]. The ScenarioData container-size guard is an extra safety check; policy-flag writer/initialization coverage is tracked separately.
0x0046E8E0	NovaUi_DestroyWindowGuarded		0%	
0x0046E910	Outfit_ComputeOutfitPurchasePrice		100%	src/game/scenario_data.cpp Outfit::PurchasePrice() (flagged cost * hull, never below base). This is also the faithful (kApplyOriginalBugFixes == false) outfit price path, since the original discarded Outfit_ComputeScaledPurchasePrice in the outfitter.
0x0046E950	Outfit_ComputeOutfitPurchaseMass	src/game/scenario_data.cpp	100%	Outfit::PurchaseMass() (flagged mass * hull / 100; truncates toward zero via the x87 FIST + residual/sign correction, not round-half-away; never below base)
0x0046E9E0	Stellar_SelectRandomAdjacentDestination	src/game/ship_ai_behaviors.cpp	100%	NovaAi_SelectRandomAdjacentDestination: NovaRandom_Range(3)==0 supplies strict_mode to NovaAi_SelectRandomAdjacentTravelStellar, then accepts only a resolved stellar with availability_flags & 0x3000 (hypergate/wormhole); ordinary travel points return -1. Enforces the original's -1 < id < 0x800 bound. Called by the random-dude and random-encounter-fleet spawn paths (src/game/ship_spawn.cpp).
0x0046EA40	Outfit_CountCarriedShipsForOutfit	src/game/outfit.cpp	100%	Resolves the outfit's ModType-3 mode-99 bay, counts active non-disabled behavior-5 craft attached to the player, then falls back to the matching mounted bank's secondary counter. Wired into Oxxx NCB ownership tests.
0x0046EBB0	Stellar_CountValidLinkedStellarDestinations		0%	
0x0046EBF0	NovaEffects_QueuedAmbientStarParticles	src/game/spaceflight_view.cpp	90%	20-slot starfield spawn (SpawnAmbientStars): count=round(h/600*20), random frame over 16-frame star sheet (sp.x9an 700), offset, parallax speed=random(0x23)*0.01, outer-slot carry-over, murk<0 gate all faithful; only DAT_005914d7 toggle not plumbed (kept enabled)
0x0046EDE0	NovaEffects_ClearAmbientStarParticles	src/game/spaceflight_view.cpp	70%	cleared when system murk<0 via SpawnAmbientStars path
0x0046EE50	NovaEffects_UpdateAmbientStarParticles	src/game/spaceflight_view.cpp	85%	per-frame delta integration + drift threshold (0.0f, DAT_005757d8) faithful (UpdateAmbientStars, routed through unified SpaceflightView::AdvanceAnimations per-frame pass); sign verified against caller (prev-cur)
0x0046EEB0	PascalString_Copy		0%	
0x0046EF00	CString_Equals		0%	
0x0046EF80	NovaUi_HideTravelSelectionSprite		0%	
0x0046EFB0	Stellar_GetJumpSequenceDuration60Hz	src/game/travel.cpp	100%	NovaTravel_JumpSequenceDuration60Hz(state) selects the engine cue (snd 128, shipped 364 1/60 s ticks) or, while g_x2_mode_active, the noengine cue (snd 129, shipped 252); both are derived at preload from the decoded SoundHeader (numFrames * 60 / sampleRate) with the 0x15e (350) missing-resource fallback kept in GameState::jump_duration_*. Shared by the player tunnel (travel.cpp), the NPC mode-4 deadline (ship_ai_controls.cpp) and the NPC Ship_HandleShip jump ramp (spaceflight_movement.cpp).
0x0046EFD0	Stellar_AreStellarsEquivalent	src/game/mission.cpp	100%	Clean-room port as NovaStellar_AreStellarsEquivalent: id equality or same pos+display-name twins; [0,0x800) range gate
0x0046F100	Government_IsShipGovernmentDerelict	src/game/government.cpp	100%	Ported as NovaGovernment_IsGovernmentDerelict (renamed in Ghidra from the inverted Government_IsReputationTrackingGovernment): true when the ship faction is a valid 0-based government with flags_primary 0x0800 (derelict). Wired at the collision kill arm to skip the reputation event.
0x0046F140	Ship_HasAnyCargoLootOrActiveMission	src/game/mission.cpp	100%	Ported: player cargo bins + junk counts + active-mission slot scan. Consumers ported (player-info window 0x00499c10 / tab strip 0x004a1c40, src/game/player_info_window.cpp).
0x0046F1E0	Frame_AddCombatRatingPoints	src/game/collision.cpp	100%	Ported as NovaFrame_AddCombatRatingPoints: sub-5 strength adds 1, otherwise adds trunc(strength*0.2) (DAT_00575870), capped at 10,000,000. Wired from the kill arm of Ship_ApplyDamageToShip.
0x0046F270	Weapon_GetWeaponFireIntervalTicks	src/game/weapon.cpp	90%	flags-0x40 weapons wrap at burst_cycle_ticks, others at mount*burst_cycle_ticks; implemented inline in NovaWeapon_FirePlayerWeaponBank (player) and NovaWeapon_FireNpcWeaponBank (NPC) burst-reset arms.ire rate; exact burst-count side-effects and flags-0x40 branch still not replicated
0x0046F2C0	Weapon_GetWeaponBurstAttempts	src/game/weapon_banks.cpp	90%	NovaWeapon_GetWeaponBurstAttempts (player banks in GameState arrays): non-burst = 1; burst banks start from mounted ammo capped by cost-bank secondary (mode-99: own counter) or fuel_points / ((|cost|-1000)*0.1) for fuel-drawn codes. NPC path keeps its inline copy in NovaWeapon_FireNpcWeaponBank with fuel capping deferred.
0x0046F3F0	Weapon_ApplyWeaponOnHitEffects	src/game/collision.cpp	65%	Direct hits apply ionization unattenuated (impact_pos NULL); splash hits attenuate by squared distance inside splash_radius and OR the color. The gameplay-surface==8 overwrite branch of field_0xb0 remains TODO(decomp).
0x0046F500	ResourceArchive_OpenNamedSearchingPaths	src/brgr_archive.cpp	80%	Port enumerates resolved install subfolders and the support folder's Nova Plug-ins with std::filesystem (EnumerateRezArchives) and opens each .rez, replacing the Mac-style runtime path-list search; case-insensitive .rez match preserved.
0x0046F690	Resource_CountFilesByExtInFolder		0%	
0x0046FA30	Profile_PrintTimingsEntry		0%	
0x0046FBF0	Particles_ClearAllPools		0%	
0x0046FC10	Profile_ResetAllEntrySlots		0%	
0x0046FDE0	ProfileScope_SetLabel		0%	
0x0046FE20	ProfileScope_Begin		0%	
0x0046FE80	ProfileScope_End		0%	
0x0046FF00	Profile_WriteReportFile		0%	
0x00470000	DebugLog_Open		0%	
0x00470100	Profile_FreeSharedStream		0%	
0x00470120	NovaDebugLog_PrintCString		0%	
0x00470150	NovaDebugLog_PrintCStringIndir		0%	
0x004701B0	Profile_PrintDateStamp		0%	
0x004701F0	NovaDebugLog_PrintInt		0%	
0x00470220	NovaDebugLog_PrintNcbSetStringContent		0%	
0x00470390	NovaDebugLog_PrintLine		0%	
0x004703C0	Profile_SharedStreamPresent		0%	
0x00471800	BlitPixie_CopyRectRegionBetweenFrames	src/game/sprite_mask.cpp	60%	The boolean overlap query is ported inline in SpriteMask_TestOverlap; the original's shared rectangle-size/stride assertions and pixel-stride shift are subsumed by the RGBA masks. The name's blit origin is not reproduced (it is a collision query).
0x00472190	SpriteRleCommandStream_SkipToRowCount	src/game/sprite_mask.cpp	50%	RLE run/row walk replaced by direct opaque-bitmap iteration in SpriteMask_TestOverlap; command 2 = opaque, 3 = transparent, 1 = end-of-row, 0 = terminator semantics are represented by the bitmap + intersection scan.
0x004744A0	Sprite_Create	src/game/sprite_world.cpp	60%	Sprite object model (empty frame set + current frame index) mirrored by game::Sprite; Sprite_AddFrame/Release/SetCurrentFrame/TheFrame implement the frame-array ownership and clamps; creation resets runtime state; the original's error slots and update/draw callback slots are not populated
0x00474AB0	Sprite_CreateFromSpriteSheetResources	src/game/sprite_world.cpp	25%	SpriteAsset::LoadSpin implements the tile-grid frame-set construction (parse sp.x9an descriptor, decode named rl.x91D sheet into per-tile frames, upload textures, per-frame centre anchors) consumed by the spin store (stellars +1000, weapon shots +3000, star field 700); frames are assignable onto a live Sprite via Sprite_AssignAsset (Sprite_CreateFromSpriteSheetResources -> Sprite_AssignSpriteSet opening); DrawContext creation and render/present plumbing not reconstructed
0x00474E90	Sprite_CreateFromMultiFrameResource	src/rle_sprite_sheet.cpp	100%	Sprite_CreateFromMultiFrameResource rl\x91D decode
0x00475740	Sprite_AddFrame	src/game/sprite_world.cpp	80%	Sprite::AddFrame appends a reference-counted SpriteFrameImage to the sprite's frame list (shared_ptr refcount), returning the new index or -1 on null; frame capacity growth mirrors Sprite_AddFrame's array growth
0x00475830	Sprite_SetCurrentFrame	src/game/sprite_world.cpp	70%	Sprite::SetCurrentFrame resolves the requested index exactly as the original: negative clamps to 0, otherwise `index % num_frames` (Ghidra 0x00475830 `param_2 % *(int*)(sprite+0x54)`). The wrap (not a clamp) is what fixes the Manticore/Argosy engine glow: their shän glow sheet carries a single FramesPer=36 rotation while the base sheet carries 3/6 rows, so the composed `row*FramesPer + heading` index must fold back to the heading frame; the previous clamp stuck the glow on the last frame (reads as snapping to straight up). Same modulo resolution applied to Sprite::TheFrame and the SpriteAsset DrawSprite overload, which is the actual ship-layer draw path. The per-frame anchor delta/position bookkeeping the original also performs here is realised at draw time in DrawSprite (see 0x00475AF0 row).
0x00475AF0	Sprite_SetPositionFromCurrentFrameAnchor	src/game/sprite_world.cpp	70%	per-frame anchor alignment reimplemented: SpriteAnchorTransform/Sprite_AnchorToScreen computes the top-left given the frame-local anchor and DrawSprite aligns the frame's stored anchor (or Sprite_DrawOptions.anchor_* override, e.g. a shot's gun-fire point) to the world position, matching Sprite_SetPositionFromCurrentFrameAnchor placing the anchor on the world point; anchor data is stored per frame (Ghidra SpriteFrame +0x2a/+0x2c, centre for tile/sheet sets); Sprite::SetPositionFromCurrentFrameAnchor records the located position
0x00475BE0	Sprite_TestBoundingCircleOverlap	src/game/sprite_mask.cpp	90%	Clean-room SpriteMask_TestBoundingCircleOverlap: half-height radius, top-left + half-height centre, strict < on squared distance. Used as the fallback when an entity has no resolved mask.
0x00475C80	Sprite_TestPixelMaskOverlap	src/game/sprite_mask.cpp	90%	Clean-room SpriteMask_TestOverlap: intersects the two anchored frame bounds and returns true when any pixel is opaque in both, mirroring BlitPixie_CopyRectRegionBetweenFrames (0x00471800) + SpriteRleCommandStream_SkipToRowCount (0x00472190). Masks are decoded from the rl\x91D RGBA alpha (alpha >= threshold = opaque). The original's fatal missing-prepared-frame/mask assertions are not reproduced.
0x00475E20	Sprite_TestOpaquePixelAtPoint	src/nova_app.cpp	80%	NovaHud_TrackFocusHoverIndex + MenuSpriteContainsOpaquePixel reproduce the inclusive-bounds then opaque-pixel hover test (the bounds pre-check is shared as ContainsInclusive in src/util/geometry.hpp); the decoded focus-sprite alpha replaces the RLE command-stream walk-and-compare.
0x00475F70	Sprite_AssignSpriteSet	src/game/sprite_world.cpp	55%	Sprite_AssignAsset binds a SpriteAsset's frames onto a live Sprite as reference-counted frame images retaining the shared set (keeps the SDL textures alive); rebinds the frame set like Sprite_AssignSpriteSet; per-sprite world placement/sprite-set table still not reconstructed
0x00476BD0	Sprite_Release	src/game/sprite_world.cpp	80%	Sprite::Release clears the frame set, dropping each frame image's refcount (shared_ptr frees the SDL handle at zero); mirrors Sprite_Release releasing the frame refs at teardown
0x00479590	Beam_DrawBlendedSegment	src/game/spaceflight_view.cpp	60%	Alpha-clamp + profile handoff ported into DrawBeamBlendedLine (spaceflight_view.cpp); endpoint clipping delegated to SDL and 15-bit surface blending replaced by 8-bit alpha. SWBeams_SetupAndClipSegment scope not reproduced.
0x004797B0	Beam_BlendLineSegment	src/game/spaceflight_view.cpp	60%	Per-pixel alpha walk (start ramp / plateau / end fade, Bresenham step order) ported into DrawBeamBlendedLine; RGB555 blend arithmetic replaced by SDL alpha-blended points.
0x00479C50	SWBeams_DrawBeamSegment		0%	Pixel-copy primitive used only by the erase/save-restore pass; subsumed by SDL back buffering. Deliberately skipped.
0x00479CF0	SWBeams_PlotBresenhamLine		0%	Pixel copy between surfaces (erase pass); subsumed by SDL. Deliberately skipped.
0x00479FE0	SWBeams_DrawShortBeam	src/game/spaceflight_view.cpp	85%	Ported as DrawBeamCoreAndCorona: core lines at ±i (alpha 0x20-0x10i, end fade 0x14-0xa*i) plus corona at ±(width+k) (alpha 0x10-k*falloff, ramps 8-2k / 8+6k). Geometry and alpha faithful; 15-bit blending -> SDL divergence; bounds pre-cull skipped.
0x0047A410	SWBeams_DrawThickFadingBeam	src/game/spaceflight_view.cpp	95%	Lightning path ported as DrawLightningBeam: trunc(dist*density*0.01) jittered chained segments (±amplitude, DAT_00575888 is the double 0.01; the step count uses the x87 FIST truncation idiom, not lround), only the final segment lands on the exact target, per-offset-line alpha 32-j*32/(width+1), 0x20 fade on that final segment; step count < 2 draws nothing. The step count and loop/jitter/rounding match the decompile+disasm; the twin-surface DrawBeamWithFlare variant (0x0047AFD0) and the erase pass remain separate/0%. RNG stream divergence documented at the call site.
0x0047AC50	SWBeams_DrawKinkedBeam		0%	Kinked/offset beam plotter (source+target, width, colour) from SWBeams.c. Reachable from the visible Shot_DrawBeamHitQueueForSurface (0x00438810) field_0xec != 0 twin-surface branches and from the restore pass (0x004386f0). The port's DrawBeamCoreAndCorona (SWBeams_DrawShortBeam 0x00479fe0) covers only the normal non-twin simple-beam path, so this plotter is not reproduced yet. 0%, not ported.
0x0047AFD0	SWBeams_DrawBeamWithFlare		0%	Thick/flare beam plotter (width-graded rows, flare alpha from field_0x78) from SWBeams.c. Reachable from the same visible 0x00438810 field_0xec != 0 twin-surface branches and the restore pass (0x004386f0) as SWBeams_DrawKinkedBeam; the normal visible thick path uses the ported SWBeams_DrawThickFadingBeam (0x0047a410). Not reproduced yet. 0%, not ported.
0x0047B3C0	SWBeams_SetupAndClipSegment		0%	Software clip-rect walk; SDL clips rendered points to the viewport. Deliberately skipped.
0x0047B710	Rect_AlignCenterIn		0%	
0x0047B7A0	Resource_IsResourceTypePresent		0%	
0x0047B7D0	Stub_NoOp_0047b7d0		0%	
0x0047B960	SWParticles_SpawnParticle	src/game/impact_effects.cpp	80%	SWParticle allocation is the vector append inside NovaEffects_SpawnWeaponImpactParticleBurst: writes the original 8.8 fixed pos/vel, life, blend_mode and packed color. The original free-head recycling into a 100000-slot pool is not modelled; the clean-room uses a growable vector, which is not gameplay-visible.
0x0047BDD0	SWParticles_DrawParticles	src/game/spaceflight_view.cpp	80%	Ported as SpaceflightView::DrawSwParticles: projects each 8.8 fixed particle to the screen and draws a 1x1 logical-pixel SDL point (SDL expands it by display density, so retina gets a 2x2 backing block). SDL alpha deliberately follows the original 16-bit soft-particle path, clamping life/32 to full opacity; the original 24-bit branch instead wrote opaque pixels. BUGFIX(original) gated on kApplyOriginalBugFixes: the original never murk-fogs particles, so the port dims each point's alpha by (1 - distance_brightness/32) via Sprite_DistanceBrightness; see docs/system_murk_rendering.md. Dirty-pixel save/restore is not reproduced.
0x0047C800	SWParticles_Update	src/game/impact_effects.cpp	95%	Ported as NovaEffects_TickSwParticles: decrements life and integrates the 8.8 fixed position by velocity; dead entries are erased. Gravity is 0 in the shipped game (SWParticles_AllocatePool(100000,0)), so vel_y is not advanced. The original present-hook call is bounded by the outer flight loop's 21 ms minimum frame; the port banks whole logical calls at that 47.62/s maximum cadence. Fixed-pool free-list/high-water bookkeeping is replaced by vector erasure.
0x0047C8E0	NovaUi_RunBarWindow	src/game/docked_bar_dialog.cpp	65%	docked/screen modal via NovaLanded_RunWindow: Spaceport backdrop PICT 0x2134 (via g_travel_overlay_sprite_handle, FUN_0048e970) drawn at native size in a contained placement, with the destination stellar's own planet picture (PICT 0x2710+link_a_id, or its custom pict id at engage_highlight_frame>=0x80 per FUN_0048e970) drawn 1:1 into the Spaceport DITL-0x3e8 outer panel (612x285, the pict's natural size); destination name centred in the header band; the stellar's landing description (desc block key 0x64917363 at the raw stellar resource id, Ui_LoadSelectionDialogResource) word-wrapped into the inner panel, falling back to credits/fuel/hull status lines when absent; services in the DITL-0x3e8 two-column x4-row button layout at the lower left/right using the real three-state button strips (normal 0x1d4c.., pressed 0x1d4f.., grey 0x1d52..). Button state follows the original: mouse-hover = pressed art, unavailable slots (per StellarDef travel_flags/fuel/credits, mirroring NovaUi_RedrawTravelActionButtons 0x004a0220) = grey, no keyboard focus highlight; input is first-letter shortcuts (r/f,c/t,o,s,n,b; Enter/Esc leave) not WASD; refuel billed, armor/shields auto-repaired free on landing (Stellar_RunDockAndLaunchSequence 0x00455e10; there is no docked Repair button in the original); icon glyphs, the Communications frame and the desc placeholder expansion (<=1) still mocked; the sub-window modals render as real on-screen dialogs via NovaLanded_RunSubWindowDialog (src/game/docked_dialog.cpp): each service's Nova Graphics 3 frame PICT (0x2135 Shipyard/0x2136 Outfit/0x2137 Bar/0x2139 Mission BBS/0x213d Map/0x213e Trade) over the re-layered docked backdrop 0x2134 under a dim scrim, heading + Leave, Esc/Enter/click to close; on modal entry the AvailLoc-3 offer pass (0x00491f30's g_misn_list_page_group=3 + Mission_RunAvailLocOffers(3) 0x00448670 slice) runs over a dock snapshot via Mission_RunAvailLocOffers + NovaMission_RunOfferWindow; the Bar modal itself (0x0047c8e0 loop, 0x0047cfe0 draw, 0x004a2810/0x004a26e0 button strip, 0x0047cdb0 input callback) is reconstructed in docked_bar_dialog.cpp RunBarDialog: DLOG 0x3f5/0x3fd window over backdrop PICT 0x2137/0x2138, desc(stellar+10000) prompt panel, Leave/Gamble/Holovid/Hire Escort strip with g/r, w/n, h/e keys, the Holovid news window (0x0047d180/0x0047d370/0x0047d600), the credits<1 STR# 0x7d2 0x169 gamble denial, and the Hire Escort gate 0x00468920 opening the hire-mode shipyard loop; the action-6 AvailLoc-1 bar offer timer arm is ported with its original 15-tick entry delay and recurring randomized recheck; the gambling window (0x0047dc50, NovaUi_RunBarGamblingWindow) remains TODO(decomp). Bar prompt: RunBarDialog loads the destination desc at (0-based stellar index + 10000) (NovaLanded_BarDescriptionId), matching ai_secondary_target_slot+10000 (Earth 10000, Port Kane 10009), not the raw-id landing description. Prompt drawn with the shared Geneva-9 screen font (DAT_00735684/86) via DrawDialogFilledText, first baseline top+9 (DrawContext_DrawPascalStringInFilledRect 0x004bcd30), not Geneva 12. Layering fix: the bar draw is split into draw_bar_contents (no Present) and draw_frame (contents + Present); nested modals (mission offers, text readers) receive draw_bar_contents so the bar is layered beneath their window in one backbuffer before the single Present (passing the presenting draw_frame had them draw into an already-swapped backbuffer). Bar/news use native local DLOG placements after background redraw, matching input/probe coordinates and restoring the parent on exit.
0x0047CFE0	NovaUi_DrawTravelDestinationServicesWindow	src/game/docked_bar_dialog.cpp	75%	Ported in RunBarDialog's draw frame: window fill + backdrop PICT 0x2137/0x2138 blitted over the window rect Bar/news use native local DLOG placements after background redraw, matching input/probe coordinates and restoring the parent on exit.
0x0047D180	NovaUi_RunTravelNewsWindow	src/game/docked_bar_dialog.cpp	80%	Ported as RunBarNewsWindow: displays the headline/body strings precomposed once at bar entry (matching NovaUi_RunTravelDestinationServicesWindow 0x0047c8e0 calling 0x0047d600 before the selection-dialog load), govt news_pic_id via NovaBar_NewsPictId (default PICT 9000 with fallback; Stellar::government_id is the loader's zero-based faction index, so the lookup uses GovernmentByIndex), the window fill + news PICT and the two filled+inverted text panels. Input/close via 0x0047d560 inline. DITL 0x3f6 is the 2-byte 0xffff placeholder, so the window does not require a parseable item list (it renders from the DLOG bounds + the two hardcoded panels). Bar/news use native local DLOG placements after background redraw, matching input/probe coordinates and restoring the parent on exit.
0x0047D370	NovaUi_DrawTravelNewsWindow	src/game/docked_bar_dialog.cpp	95%	Ported in RunBarNewsWindow's draw_frame: fill + news PICT over the window rect + the two filled+inverted text panels via the shared DrawDialogFilledText (DrawContext_DrawPascalStringInFilledRect 0x004bcd30): headline band (left+10,top+140,right-10,top+180) and body (left+10,top+170,right-10,bottom-4), Geneva-9 screen font (DAT_00735684/86), first baseline top+9. NovaBar_NewsTextPanelRects pins the geometry. Remaining gap: none known. Bar/news use native local DLOG placements after background redraw, matching input/probe coordinates and restoring the parent on exit.
0x0047D560	NovaUi_HandleTravelNewsWindowInput	src/game/docked_bar_dialog.cpp	90%	Runs inline in RunBarNewsWindow's modal loop: Esc/Return (0xd/0x1b) set action 1 and close, a primary click inside UiWindow_GetRect sets action 1 (the port tests the DLOG 0x3f6 window rect), and the action-6 redraw request is serviced by the per-frame draw. No separate function.
0x0047D600	NovaUi_ComposeTravelNewsTexts	src/game/docked_bar_dialog.cpp	85%	Ported as NovaBar_ComposeNewsTexts + Bar_ComposeDisasterReport, called once at bar entry (RunBarDialog, mirroring 0x0047c8e0 before the selection-dialog load): random STR# 0x1fa4 (Commercials) headline with the STR# 0x7d2 0xbe fallback; body precedence covers the disaster report (defined öops record with days_remaining>1, preferring active_stellar_id_runtime==the landed stellar or target_stellar_id==-2, composed from the STR# 0x7d2 0xbe/0xc0/0xc1/0xc2/0xb5/0x3c fragments, the STR# 0xfa1 commodity name and the host stellar name) and the STR# 0x1fa5 (Generic News) / 0x7d2 0xbf fallback. The function composes DAT_007d169c/DAT_007d0e9c rather than redrawing. The crön-news arm is implemented as Bar_SelectCronNewsStr: active, past-holdoff events contribute local news when a NewsGovt/GovtNewsStr pair is allied with the landed stellar's government (last matching pair wins, mirroring the original's in-place overwrite), else independent news from IndNewsStr; local always beats independent, and crön news overwrites the disaster body (CronEventDef.independent_news_str decodes payload +0x14 -> cron block +0x3a field). Divergence: the eligible disaster and crön slot subsets are built explicitly instead of rejection-sampling the slot tables, and RNG draws use GameState.rng.
0x0047DC50	NovaUi_RunBarGamblingWindow		0%	Bar Gamble button; the 0x2152+ flash PICTs are the gambling-machine animation; bet 1000/10000 arms
0x0047E1E0	NovaUi_DrawBarGamblingWindow		0%	Draw callback of the bar gambling window 0x0047dc50. Not yet ported.
0x0047E2D0	NovaHud_ShowOverlayMessage	src/game/hud_overlay.cpp	80%	Transient HUD overlay message reconstructed with cached text/color and raw-call-count lifetime converted at 21 ms on the platform-owned gameplay clock; immediate-mode rendering replaces the original temporary surface fill/blit, and edge/blit flags are not modeled.
0x0047E430	NovaHud_ShowCachedOverlayMessage	src/game/hud_overlay.cpp	85%	Transient overlay preserves the cached message and live expiry and renders with the original explicit font id 0 / Chicago size 12 settings; immediate-mode drawing replaces the original replay blit flag.
0x0047E470	NovaUi_RunTargetShipCommWindow	src/game/ship_comm_dialog.cpp	78%	NovaShipComm_RunShipDialog (DLOG 0x3ef, PICT 0x213f): composites over the live flight view via SpaceflightView::DrawGameFrame; runtime DITL geometry, class/pers portrait, prompt and status panels, three context buttons, personality/bribe state, assistance/fuel/distress flows, payment, Greetings, and keyboard shortcuts are ported. Behavior-6 player escorts hand off to the dedicated 0x004853a0 management modal. Deferred: fleet-def branches and full hail-info assembly. Close-time escort release transfers cargo/junk before detachment. Ship comm and escort management use native local DLOG compositions with contained placement and inverse input mapping.
0x0047F9C0	NovaUi_RunTravelDestinationBribeWindow		0%	
0x0047FA40	NovaUi_PollTargetShipCommWindow		0%	
0x0047FB70	NovaUi_DrawTargetShipCommWindow	src/game/ship_comm_dialog.cpp	80%	The shared ship-comm window renderer (backdrop 0x213f + context buttons + item-10 portrait + item-11 info block + item-9 prompt panel), called per tick by 0x0047e470; the payment modal draw is 0x004826a0. Ported in DrawShipCommDialog: black item-11 block (grey Class: 0xc3 + white class name / pers-0x3ff Ambrosia Mascot" at +0x23 Ship comm and escort management use native local DLOG compositions with contained placement and inverse input mapping.
0x00480030	NovaUi_RunTravelDestinationInteractionWindow	src/game/negotiation_dialog.cpp	92%	comm-window semantics implemented in NovaNegotiation_RunDestinationDialog: STR# 0x96 labels via the DAT_007d83aa mapping (Close Channel bottom / Greetings|Offer Bribe top / Demand Tribute|Release middle, disabled when dominated+avail 0x20), STR# 0xbba/0xbb8 status ladder (welcome + name, denied prompt 2, uninhabited prompt 1, greeting response 9, refusal 9, bribe-offer 8), real RNG bribe cost + latch, govt policy-flag denial override, DLOG 0x3f0 payment sub-modal rendered per frame over the interaction window (0.75x Lower Price grant, refused/closed +1000 haggle), bribe success sets the selected stellar and the original 0x2ef approach timer without warping or directly docking, plus the faithful STR# 0x7d2 overlay. Demand Tribute / Release middle button PORTED: availability 0x20 gate, live current-system reputation read per action for the reputation-threshold decrement, faction crime event 3 (1x then 5x pulses), combat-rating<0x3200/cheat dismissal (status 1), first-demand domination (status 0x1a planet / 0x1b station, cleared destination, g_pers_defs[0x3fe].alive, dominated=1, domination_days=0, OnDominate script), refused demand (status 2, present_ship_count rescale + first defense-fleet wave via NovaStellar_SpawnDefenseFleetShip), release (status 0x24/0x25, dominated=0, garrison reseed, reputation decrement, OnRelease script), and the per-window has_attacked latch. Stellar OnDominate/OnRelease fields decode from payload +0x36/+0x135 (StellarDef +0x68/+0x167). Geometry from real DITL 0x3f1 Interaction and payment use native local DLOG compositions, independently contained over the flight background. The destination-window open copies the original action-index A sentinel -1 into travel.interaction_action_index_b (0x00480088..0x00480098), feeding the Ghidra-faithful hail-pool selector at 0x004819d0. Header Status: word recomputed via refresh_header_status after the middle-button action, matching 0x004812c0's per-redraw evaluation (Hostile/Forbidden appears on a mid-window Demand Tribute).
0x004812C0	NovaUi_DrawTravelDestinationInteractionWindow	src/game/negotiation_dialog.cpp	90%	DrawNegotiationDialog paints the DLOG 0x3f1 backdrop over the live flight view via SpaceflightView::DrawGameFrame (no scrim), centred at natural size from the runtime DITL layout: three comm buttons with hover/pressed art, the item-3 status panel (original fill/filled-rect/InvertRect sequence nets to black fill with white wrapped text), destination planet picture in the item-4 frame, and the item-5 header block (name +12, desc +26, Status: +42 with Forbidden/Hostile/Dominated/Owned/Uninhabited words in the verified palette); item-4 thumbnail shows the stellar ambient spin sprite (link_a_id+1000 via the shared spin store + StellarCurrentFrame, native size centred) with the planet PICT as a logged fallback only Interaction and payment use native local DLOG compositions, independently contained over the flight background.
0x004819D0	NovaUi_BuildShipCommHailInfoText	src/game/ship_comm_dialog.cpp	90%	Dude pool selector matches signed action_index_b % count + 1 as NovaRandom_Range bound, then adds one to the entry (0x00482047..0x00482065); action index is seeded on player reset/system arrival and reset to -1 by destination-window open. Empty pool strings restore STR# 0x7d2 entry 0xaf. Zero-bound clean-room call returns entry 1 but does not reproduce original LCG reseed. Branch 3 faction<0 still skips instead of underflowing resource id.
0x00482280	NovaUi_RunTravelDestinationPaymentWindow	src/game/negotiation_dialog.cpp	80%	RunBribePaymentWindow ports the DLOG 0x3f0 modal: window-open 35% roll, Accept Price = paid, granted Lower Price discounts 0.75x + /100 rounding and keeps the window open on the new figure (sVar4 latch), declined Lower Price = refused; caller applies the credits check then the +1000 haggle/latch reset. Each frame re-renders the interaction window + flight view beneath the payment panel, with one final modal-owned present. Debt mode (1.33x, mission payoff) not reconstructed
0x004826A0	NovaUi_DrawTravelDestinationPaymentWindow	src/game/negotiation_dialog.cpp	75%	DrawPaymentWindow in src/game/negotiation_dialog.cpp: DITL 0x3f0 geometry (runtime load + fallback), backdrop PICT 0x2142, prompt band <I will pay you> <grouped> <credit(s)>. (STR# 0x7d2 0xbc + cached credit pstrings) and Accept Price / Lower Price three-state buttons with hover; debt-mode prompt variant not reconstructed Interaction and payment use native local DLOG compositions, independently contained over the flight background.
0x004828C0	NovaUi_LoadTravelDestinationPromptString		0%	
0x00482910	NovaUi_LoadTravelDestinationStatusString	src/game/negotiation_dialog.cpp	80%	status STR# 0xbba loaded via NovaHud_LoadStringEntry with the 5-flavour variant at message*5+random+1 (real per-launch random index)
0x00482940	NovaUi_RunBoardingPlunderWindow	src/game/boarding_plunder.cpp	82%	Clean-room modal over DLOG 0x3f3 (PICT 0x2143): panic=rand(0x1a)+0xf, offer build, input flush on open, 60 Hz loop (panic self-destruct re-roll is ONE rand(100)<=panic check on the iteration after each successful loot action, latch cleared each pass), six three-state buttons, loot transfers (cargo clamp, credits, ammo ownership-gated, fuel fill) each multiply panic and arm the self-destruct roll, capture arm (derelict gate, roll, 1-in-10 Oops overlay pool 0x70, escort-cap gate, behavior-6 conversion with armor restore + reset-after-boarding). STR# indices are 1-based. Modal renders the LIVE game view beneath itself each frame via SpaceflightView::DrawGameFrame — no snapshot, no scrim, HUD overlay message visible at its normal spot (0xf0/0x168 raw-call lifetimes per Frame_TickHudOverlayAndRouteMapTimers 0x0042f1b0). Dispatch runs synchronously. Capture choice promotes the selected hull through Player_ReplaceShipWithCapturedHull (0x00423FA0) after the rename-confirm text dialog (STR# 0x7d2 0x77/0x7a) and reinstalls the gameplay layout (HudRenderer::Install); cancel abandons the capture. TODO(decomp): mission-ship free-outfit arm and mass accounting in the ammo loop. Panic self-destruct exits directly via break without an unused close store. Boarding and capture use local 309x198 and 257x114 contained compositions with scoped restoration.
0x00484230	Boarding_BuildOptions	src/game/boarding_plunder.cpp	85%	Faithful rolls: dude/mission booty credits (2.0 threshold + rand branch), booty-flag cargo bins, ammo candidates via Weapon_HasMatchingWeaponAmmoCarried quirk, fuel bins, capture odds (crew+10% escorts+marines, strength accumulator +10 gate, +-5 noise, clamp [1,75], derelict 0x800 + escort-cap zeroing). TODO(decomp): personality booty arm (PersDef +0x618 unmodeled), is_licensed_runtime gate.
0x00484D30	NovaUi_DrawBoardingPlunderWindow	src/game/boarding_plunder.cpp	80%	Draws the PICT 0x2143 backdrop and the DITL item-4 panel in the shipped layout (docs/reference/boarding.jpg): title STR# 0x6c, Cargo/credits/Ammo rows with 'none' dim markers, bottom Energy row with 'Capture Odds:' at x+120. Commodity names STR# 0xfa1 entry type; credits grouped. All indices are 1-based; pinned by tests/boarding_strings_test.cpp. Runs inline in NovaUi_RunBoardingPlunderWindow (cited at 0x00482940). Boarding and capture use local 309x198 and 257x114 contained compositions with scoped restoration.
0x004853A0	NovaUi_RunEscortShipManagementWindow	src/game/ship_comm_dialog.cpp	90%	RunEscortManagementDialog ports the DLOG 0x3fe / PICT 0x2141 modal, destination-class Availability gate, captured-only sale gate, c/r/u/s and Enter/Escape input, release ordering, and mutually exclusive upgrade/sale toggles. Immediate-mode SDL replaces the original window-owner/audio plumbing; held-button tracking is not reproduced. Ship comm and escort management use native local DLOG compositions with contained placement and inverse input mapping.
0x00485970	NovaUi_DrawEscortShipManagementWindow	src/game/ship_comm_dialog.cpp	95%	DrawEscortManagementDialog uses runtime DITL geometry with shipped fallback: options in item 9, portrait in item 10, and class name/subtitle plus captured/hired label in item 11. Geneva-9 text uses the original baselines and fixed x offsets; upgrade/sale/upkeep values are grouped and buttons show disabled and held states. SDL immediate rendering replaces the original draw-context ownership checks. Ship comm and escort management use native local DLOG compositions with contained placement and inverse input mapping.
0x004860B0	Profile_ExpressionGate_860		0%	
0x004860C0	Profile_CountExpression_860		0%	
0x004860D0	Util_Rotl8		0%	
0x004860F0	Compiler_UninitializedReturn		0%	
0x00486100	Profile_ExpressionTimestamp_860		0%	
0x00486110	Compiler_ReturnZero		0%	
0x00486120	Menu_RunAboutNovaDialog	src/game/about_dialog.cpp	85%	Loads desc 0x7fff and delegates to the shared DLOG 0xbbb selection-text reader, matching the original call path; registration wildcard uses "Unregistered" until registration state exists
0x004861B0	NovaHud_TrackFocusHoverIndex	src/nova_app.cpp	100%	NovaHud_TrackFocusHoverIndex menu hover tracking
0x00486790	View_ResetCameraAndHover		0%	
0x00486880	NovaMainLoop_Run	src/nova_app.cpp	100%	Primary runtime/game loop. Mode-exit teardown (0x00486c8a..0x00486cbe) raises the five "clear transient sprites" latches before returning to the menu shell; the port performs the synchronous wipe in NovaSpaceflight_Run via NovaWeapon_ClearTransientCombatState.
0x00486EC0	NoSys_NoOp_00486ec0		0%	
0x00486ED0	NovaGameMode_DispatchAction	src/nova_app.cpp	100%	NovaGameMode_DispatchAction; action 0 confirms discarding an active game through the shared Ui_ShowConfirmDialog (STR# 0x8c row 8) before Menu_RunNewGameFlow; action 1 dispatches the SDL Open Pilot chooser and its successful-load tail (vacancy sweep, mission-fleet restore with flag==1 -> copy_player_heading=true, ambient population, and region triggers for every visible system with discovery_state > 0; predicate byte-verified at 0x004870c4-0x004870e7), with the mission rearm tail applied by PilotFileLoadSave; action 5 opens the About Nova dialog; menu music stops for spaceflight and resumes on return when Intro Music is enabled.
0x004872A0	NovaCommand_DispatchToMode	src/nova_app.cpp	100%	Ported as NovaCommand_DispatchToMode in nova_app.cpp; maps polled main-menu tokens n/o/e/p/a/q plus the x ACKNOWLEDGEMENTS branch (dësc 0x7ffe reader, GameModeAction::acknowledgements). The port funnels x through requested_action/NovaGameMode_DispatchAction for structural symmetry; the original runs it inline. The menubar key tokens are produced by SdlPlatform::PollCommandEvent (n/o/e/p/a/x/q; Escape deliberately not aliased to q).
0x004873B0	NovaRender_RedrawAndPresentFrame	src/nova_app.cpp	100%	NovaRender_RedrawAndPresentFrame; bottom text block ported: steady "No Pilot File Loaded" prompt (STR# 0x7d2 0x114) when no pilot; loaded-pilot status panel draws only g_player_name in the Pilot Name row, matching the original (g_player_nickname has no main-menu row) Native 1024x768 contained menu placement; authored button/font/status coordinates; missing PICT clears black and missing RLE retains button rectangles.
0x00487FCD	NovaRender_RestoreClippedRegion		0%	
0x00488080	NovaMainLoop_UpdateFrame	src/nova_app.cpp	100%	NovaMainLoop_UpdateFrame Hover and click input use inverse native-menu placement, including after returning from gameplay.
0x00488380	NovaView_UpdateGameplayViewport	src/game/gameplay_interface.cpp	45%	frame-centering + HUD origin/anchor arithmetic reimplemented as GameplayGeometry_FromSurface; viewport-rect source + surface fill/blit + render integration not yet wired
0x00488650	Menu_RunSettingsDialog	src/game/preferences.cpp	95%	DLOG 0xfa3 modal with resource geometry/art, live toggles/sliders, owner-first window-stack redraw, Key Settings sub-dialog, and original OK save point; the locked quality/graphics controls (Share/QuickTime/Smoke/Ship-Anim/Engine-Glows/Running-Lights/Weapon-Effects/Parallax/Hyperspace/Check-Updates/Brightness) render light-grey disabled and ignore clicks via SettingsCheckboxLocked/SettingsSliderLocked, and NovaPrefs_ApplyLockedPreferences forces their values on load; the Run in a Window checkbox is live and drives SdlPlatform::ApplyWindowMode (SDL_SetWindowFullscreen), and the original forced Share Processor gate remains TODO Preferences and Key Settings use native local DLOG geometry with contained placement and scoped restoration.
0x00489210	Ship_RunSpaceflightMode	src/game/spaceflight.cpp	12%	Ship_RunSpaceflightMode skeleton: faithful loop/cadence with substantial gameplay scopes delegated to reconstructed helpers. The SDL presentation path rechecks the player ship class before every frame, cheaply retaining cached sheets for the common case and reloading hull/glow/light/weapon layers plus muzzle geometry after an in-loop shipyard purchase or capture. Mode-exit teardown clears the transient effect/freeflight pools (NovaWeapon_ClearTransientCombatState), matching NovaMainLoop_Run's latch group at 0x00486c8a.
0x00489D70	Menu_RunNewGameFlow	src/game/new_pilot_flow.cpp	80%	Dialog chain ported (selection 0x0048a7e0, christening 0x00497900) on the dialog runtime, then the fresh-world reset tail and initial .plt save to SDL's per-user preference path. Overwrite confirmation runs the shared Ui_ShowConfirmDialog 0x004977d0 (STR# 0x8c row 9) instead of silently replacing. Character template applied by ApplyCharacterTemplate (Cash credits, Kills combat rating, per-govt Status reputations, random System1-4 start-system pick reusing the original rejection/draw cadence, calendar + DatePrefix/DateSuffix, OnStart set string); placement (reinforcement countdown, starmap pan, spawn) runs after the pick, and the start system's region triggers fire via NovaSystem_TriggerNebulaRegionEvents 0x00467bd0. Remaining tail scopes are listed as a TODO in new_pilot_flow.cpp (stellar hazard-marker pass, live date-block copy, second PilotData_InitializePlayerState pass, per-ship zeroing). See docs/char_resource_format.md. Overwrite is confirmed BEFORE christening (verified original order); all names/strict-play/gender/template/class selections are held in a local draft and committed only in the success tail, and the save directory is resolved before that commit, so cancel/quit at any prompt leaves the running pilot and menu status unchanged.
0x0048A7E0	Menu_RunPilotSelectionDialog	src/game/new_pilot_flow.cpp	75%	Dialog logic complete on the SDL dialog runtime (ui_dialog.cpp) from real DLOG 0xc1d/0xc1e: variant census, rows 4/8/9/11/13, 0x18-char validate-on-OK, accept/cancel; writes only the caller-owned draft (names, strict play, gender, template) and never mutates live pilot state. One real divergence: the prefill/strip the original does in the caller (Menu_RunNewGameFlow 0x00489da0 via NovaRandom_Range + Resource_LoadStringEntry, then StripLeadingArticle/StripSubtitleSuffix at 0x00489e0d-2a) is folded into this port and uses std::uniform_int_distribution, so the RNG stream order can differ though the STR# 0x80 name rows are the same. Deferrable approximations (no stock observable): in-memory char registry merge not reconstructed (pilot_file.hpp:222); StripLeadingArticle exact article set provisional; ui_dialog owner-context/input-flush divergence (ui_dialog.cpp:155-166); SDL quit_requested guard.
0x0048ADC0	IntroCinematic_Run	src/game/intro_cinematic.cpp	98%	Timed configured-frame playback; Enter (0x1c)/Space (0x39) and an in-rect left click advance one frame only, while the skip command (g_player_key_bindings[0x17], default 0x01 = Escape) latches the skip-all. Epilogue: when not skipped and intro_text_desc_id != -1, loads the desc, runs the placeholder + wildcard passes, and opens the generic text reader Ui_RunTravelSelectionDialog when the expanded text is non-empty (empty opens no dialog, matching the 0x004982a0 empty-text arm); stock .Trader carries -1. See docs/char_resource_format.md. No port gap: NovaIntroCinematic_Run resolves g_player_key_bindings[0x17] from NovaPreferences::bindings and PollIntroInput matches the bound key code instead of hardcoding TextKey::escape. Native 1024x768 contained intro composition with centred PICTs, black margins, and authored-surface click bounds.
0x0048B230	NovaRender_PresentBlockingTransitionFrame		0%	
0x0048B250	NovaAudio_PreloadTransitionEffects		0%	NovaAudio_PreloadTransitionEffects into DAT_007d24b8
0x0048B280	Menu_RunKeySettingsDialog	src/game/preferences.cpp	88%	DLOG 0xfa2 modal with generic full-window clear/frame before native PICT 0x8b, stacked over a freshly rendered parent Preferences window, 34-row shadow editing, capture, Set Default, conflict-row selection, Cancel, and original OK commit/save; command-channel cadence remains approximate Preferences and Key Settings use native local DLOG geometry with contained placement and scoped restoration.
0x0048B6D0	Menu_KeySettingsHandleInput	src/game/preferences.cpp	80%	Runs inline in NovaMenu_RunKeySettingsDialog: 34-row mouse selection, physical-key capture into the shadow bindings, modulo row advance, and conflict-row focus. Original command-channel/key-release cadence is not reproduced one-to-one.
0x0048B860	Menu_KeySettingsDraw	src/game/preferences.cpp	85%	DrawKeySettingsDialog uses native PICT 0x8b, resource row geometry, original black/white selected-cell inversion, key names, and preserved menu background; exact native key-name table text/metrics remain incomplete Preferences and Key Settings use native local DLOG geometry with contained placement and scoped restoration.
0x0048BBB0	NovaHud_ReleaseTransientResources		0%	
0x0048BC20	NovaAudio_PlayTransitionEffectsWait		0%	
0x0048BC90	NovaHud_UpdateLayoutState	src/nova_app.cpp	80%	This is the main-menu entrance overlay layout, not the in-flight HUD: InitializeMenuEntrance seeds each row's reveal counter half the preceding strip's frame count behind (0.5 multiplier at DAT_00575938) and UpdateMenuEntrance advances them. 0x0048bc90 cited inline.
0x0048BF40	Hud_FreeTransientEffects		0%	
0x0048BFB0	Frame_TickTimerDecayAndEffects		0%	
0x0048C210	NovaHud_UpdateFocusAnimationState	src/nova_app.cpp	70%	UpdateMenuCenterPreview: fade eases ±4/ms toward 0x20 and the lane switches only after decay (verified against NovaHud_RenderFocusOverlay's tinted/opaque blit paths); the once-per-ms tick and the sprite pixel-test are folded into the SDL frame loop
0x0048C3C0	NovaHud_RenderOverlays	src/nova_app.cpp	60%	Main-menu overlay compositor folded into NovaRender_RedrawAndPresentFrame (0x0048c3c0 cited inline): top logo strip, the three button-slide reveal strips (PICT 608-610) and the focus sprites draw at their authored origins. The original's offscreen DrawContext push/blit and per-channel jitter-scroll offsets are replaced by direct SDL draws at the computed origins; the jitter-scroll and decay-counter motion is approximated by the reveal counters. (Name is a misnomer: this is menu chrome, not the in-flight HUD.)
0x0048C580	NovaHud_RenderFocusOverlay	src/nova_app.cpp	80%	Center-preview draw: rest state = OR-composite of the frame into the backdrop (BlitRaw -> BlitPixel_CopyOrSpan, verified in-game vs pilot.png), alpha fade approximates the BlitTintedRgb15 cross-fade; the lane-clamp/anchor plumbing lives in the menu renderer
0x0048C730	NovaUi_RunTradeCenterWindow	src/game/docked_trade_dialog.cpp	85%	Trade Center modal. Model in trade_center.cpp (NovaTradeCenter_OpenSession builds the 8-row table: STR# 0xfa4 base prices scaled by Stellar_TradeConnective 1/2/4 with scale 1.25/1.1/1.5, disaster overrides, two junk rows); SDL modal in docked_trade_dialog.cpp (RunTradeCenterDialog) loads DITL 0x3e9 geometry, colours the rows from the c\x9alr list palette (list_text/list_background/list_hilite), draws the grid/summary/banner and handles buy/sell/selection, dispatches the initial AvailLoc-4 mission offer and timed rechecks, and is dispatched from NovaLanded_RunSubWindowDialog. Alt buy/sell runs the DLOG 0x3eb quantity prompt (NovaUi_RunStoreQuantityPrompt 0x0049e8e0, modifier 0x800) composited over the live trade center. Gaps: nested starmap/player-info/mission-computer actions; footer mission-cargo clause simplified; button strip drawn inline. Native local trade DLOG placement contains only when needed, with window-point probe conversion and scoped restoration.
0x0048D190	NovaUi_HandleTradeCenterInput	src/game/docked_trade_dialog.cpp	75%	Runs inline in RunTradeCenterDialog: Esc/Enter/Leave close, DIK up/down cycle selection (NovaTradeCenter_CycleSelection), b/s buy/sell, alt quantity prompt (RunStoreQuantityPrompt), mouse button + row hit test. Gaps: starmap/player-info/mission-computer actions TODO(decomp).
0x0048D5A0	NovaUi_TradeCenterCycleSelection	src/game/trade_center.cpp	95%	Ported as NovaTradeCenter_CycleSelection: skip price-0 rows, wrap 0..7; adds an all-disabled guard the original lacks (which would loop forever).
0x0048D6F0	NovaUi_RedrawTradeCenterWindow	src/game/docked_trade_dialog.cpp	85%	DrawTradeCenterScreen: DITL 0x3e9 geometry, header Commodity/In Fleet-In Hold/Price, 8 rows with name/held/trend/price at the original cursor offsets (name left+7/6, count right-aligned to right-110, trend at right-70, price right-aligned to right-10) over the c\x9alr list_background/list_hilite row fill with the 0x733b5c grid lines, cargo-summary footer (free-space line only; the mission-cargo Other cargo clause is TODO(decomp)), disaster banner. Gaps: the summary's filled-rect+InvertRect composition and the exact word-wrap are simplified. Native local trade DLOG placement contains only when needed, with window-point probe conversion and scoped restoration.
0x0048E970	NovaUi_LoadTravelOverlaySprites		0%	
0x0048EA70	NovaUi_RunOutfitterInteractionLoop	src/game/docked_store_dialog.cpp	65%	Clean-room landed Outfitter modal (native 765x321 frame, DITL-aligned 4x5 grid and action controls, row paging), including the initial and timed AvailLoc-6 mission offer passes. Buy/sell carry the original gates: per-unit negative-free-mass block (entry 0xcf), ModType-27 dependent-outfit protection and carried-ammo protection (entries 0xd0-0xd4, using the weapon-bank secondary counters and the behavior-5 carrier-bay fighter tally for mode-99 weapons), the alt-modified DLOG 0x3eb quantity prompt (NovaUi_RunStoreQuantityPrompt 0x0049e8e0) composited over the live store screen, a list-changed rebuild reselecting definition 0 (resource id 0x80), active weapon-bank clear on the last unit, and same-session full-price refund vs half-price resale against the opening snapshot. The selected-item desc (outfit index +3000) is loaded on selection change and run through the {g}/{p}/{b} placeholder pass (Ui_LoadSelectionDialogResource 0x004c6d50). Remaining TODO(decomp): in-loop starmap/mission-computer re-entry actions, exact STR label resources, pressed-button tracking. Outfit buy/sell price through NovaLanded_OutfitPrice's BUGFIX(original) rank scale (the original discarded the scaled result here and charged the unscaled Outfit_ComputeOutfitPurchasePrice). Store and ship-detail compositions use native local placements with inverse input mapping and window-point probe bounds.
0x004909A0	OutfitterMenu_FUN_004909a0		0%	
0x00490C70	NovaUi_RedrawOutfitterMenu	src/game/docked_store_dialog.cpp	100%	Clean-room redraw using native PICT 0x2136 and original DITL geometry: 4x5 grid with zero-based outfit index+6000 PICT thumbnails, selected 200x200 preview (desc resource-id zero-based+3000), 12px native list row pitch, encoded newline splitting and one/two-line baselines, owned count only when >0 right-aligned to rect.right-(width+3) at rect.y+0xc in white. Detail panel (DITL entry 9) matches: Item Price +0xc, You Have +0x18, Item Mass +0x30 and Available +0x3c only when mass_tons>0 (ton/ton(s)), and the +0x5d status line (entries 0xdb-0xde) from Outfit_ClampOutfitOwnedCountToCurrentLimits plus the free-mass check. Grid labels and detail rows use the shared Geneva-9 screen font (DAT_00735684/DAT_00735686). DITL entry 6 draws the selected desc alone (no item name above it), left-aligned at the panel edge over the full panel width in white, matching DrawPascalStringInFilledRect + InvertRect (the frame already supplies the black). Two-line grid names tint a line grey (DAT_00733b62) when its first char is neither alpha nor digit, matching the MSL ctype pair 0x004d61a0/0x004d61d0. Grid cell frames use the c\x9alr GridDim/GridBright colors (selected cell re-framed in GridBright), falling back only when the color resource is missing; the desc panel preserves the double-return blank line before "Requires: ...". Marked 100%: exact cache cadence, scripted color variants, and cheat-mode raw-id display are rendering/QA mechanics intentionally not reproduced. The selected square is framed after the whole page loop (cells are 84x55 at 83x54 steps and overlap by 1px), so the neighbouring cell borders do not clip its right/bottom edge. Item Price uses NovaLanded_OutfitPrice's BUGFIX(original) rank scale (the original discarded the scaled result here). Store and ship-detail compositions use native local placements with inverse input mapping and window-point probe bounds.
0x00491950	NovaLanded_CanBuyOutfit	src/game/landed_store.cpp	100%	NovaLanded_CanBuyOutfit: tech/special-tech, RequireGovt band scoping (NovaLanded_RequireGovtAllows: 0x80..0x17f license, 0x468..0x567 conditional, 0x850..0x94f and 0xc38..0xd37 contraband, with Government_AreGovtsAllied ally checks and the independent -1 rules), Require mask, availability expression, ownership limits, credits and the one-shot map/record latches. Also models the mode-99 fighter-bay arm (NovaShipClass_HasPlayerBayCapacityFor) with the original's mod-slot precedence (primary ModType-3 ammo/launcher first, then cargo/map/record); the mass gate skips massless/negative items (Outfit_ComputeOutfitPurchaseMass < 1); the tail price-check g_outfitter_selected_id quirk is a no-op at our call sites. Negative-cargo arm ported: ShipClass::allows_mass_expansions (loader +0xa40, cleared by a negative raw Holds that the loader decodes to its absolute value) plus the player-only free-cargo test Ship_ComputeShipTotalCargoCapacity - Player_ComputeCargoAndJunkTotal >= -ModVal (deliberately no escorts, unlike Player_ComputeFleetCargoCapacity); covers Mass Expansion 0xbe and Mass Retool 0xc0 (tests/landed_window_test.cpp). Remaining divergence is the shared HasTech helper's negative/0x7fff sentinel handling, latent on shipped data. The credits tail uses NovaLanded_OutfitPrice's BUGFIX(original) rank scale (the original compared against the unscaled Outfit_ComputeOutfitPurchasePrice).
0x00491F30	NovaUi_RunTravelDestinationInteractionLoop	src/game/landed_window.cpp	60%	Partial clean-room equivalent in NovaLanded_RunWindow: Spaceport presentation, landing mission reaction/offer ordering, service input and dispatch, and return to flight. Remaining: action-0x0f service rechecks, legacy modal state, and some setup/teardown paths (the service content itself runs in the dispatched sub-window modals; see NovaLanded_RunSubWindowDialog). The probe surface is published only once the input loop owns the screen (after the AvailLoc-3 pass), so a harness cannot observe "spaceport" and click while an offer/debrief modal is about to open. Rank price scales DAT_007d4bbc/DAT_007d4bc0 are modelled as NovaLanded_RankPriceScale (active+defined allied ranks, PriceMod*0.01) and consumed by the outfit/ship/hire price paths. The stellar CustSndID ambient slice is ported (0x4928a0 per-frame callback, Ghidra-folded into the parent): NovaLanded_RunWindow decodes snd cust_snd_id at dock open when >=0x80 and g_pref_ambient_sounds, and the run loop plays it via SdlAudio on the original 0x1e0+NovaRandom_Range(0x1e0) 60Hz retrigger (8..16s), or gaplessly while availability_flags (Bible Flags2) 0x10 is set, stopping the voice on window close. The secondary click-inside-DITL-item-5 replay of the same cue is not wired. The docked renderer composites the live flight HUD behind the Spaceport window (cockpit strip + radar forced empty + status panels) before drawing the centered 618x517 DLOG window, matching the original window-open redraw of NovaUi_DrawStellarRadarPanel (0x0045d600) and NovaUi_DrawCargoMissionStatusPanel (0x004612c0). The surrounding background is the flat per-system space tint (SystemDef BkgndColor): during the transition the original fills with NovaRender_SetSystemSpaceBackgroundColor but skips SpriteWorld_RenderLayers (NovaUi_RedrawGameplayViewportAndRadar 0x0046a870, g_is_system_transition_active != 0), so no starfield/ship sprites belong behind the dock. Spaceport uses a contained native 618x517 local composition; HUD remains window-space and probe bounds map through placement.
0x00492C40	NovaUi_RenderTravelDestinationOverlay		0%	
0x00492F10	NovaUi_PollTravelScriptAction		0%	
0x00492F30	NovaUi_RunShipyardPurchaseLoop	src/game/docked_store_dialog.cpp	92%	Replacement mode mirrors empty-list notices (STR# 0x7d2 0xdf purchase / 0xe0 hire), purchase-latch input gating, trade-in credit/OnRetire/class change/full-price ordering, confirmation/christening dialog (Long Name prompt and default stem plus three nonzero digits), fighter retirement, persistent/default outfit rebuild, stock weapon minima, cargo/junk ratio transfer plus derived-state overflow clamp, OnPurchase, target/bank/meter/position resets, BuyRandom reroll, and modal exit. The SDL flight view invalidates its player sprite-layer cache when the purchased class changes. Remaining: exact gameplay-panel dirty/layout refresh globals and several ancillary availability/mission arms. Store and ship-detail compositions use native local placements with inverse input mapping and window-point probe bounds.
0x0049458D	NovaUi_ShipyardSetCursorSlot	src/game/landed_store.cpp	25%	LandedStoreSession tracks 20-slot cursor selection and preserves/clears it across four-item row paging; original directional command mapping remains TODO(decomp).
0x004948B0	NovaUi_DrawShipyardShipList	src/game/docked_store_dialog.cpp	100%	Partial native Shipyard redraw: PICT 0x2135 DITL-aligned 4x5 grid ship-class thumbnails (the loader-resolved portrait PICT ShipClassDef +0xa0a portrait_pict_resource_id -- own 5000+id else clone-source portrait) and 200x200 selected preview (with No Picture/Available placeholder) selection frame desc-13000 text panel Ship Price/Trade-In/Final Price/You Have rows and five gated actions; encoded newline splitting and one/two-line baselines match the original; entry-9 rows share the outfit's Geneva-9 white labels at the panel edge / values at +0x46; DITL entry 6 draws the desc alone, left-aligned over the full panel width in white. Two-line grid-name tint (grey DAT_00733b62 when a line starts non-alphanumeric, MSL ctype 0x004d61a0/0x004d61d0) modeled. Grid cell frames use the c\x9alr GridDim/GridBright colors (selected cell re-framed in GridBright); the desc panel preserves the double-return blank line before "Requires: ...". Marked 100%: exact cache cadence and scripted color variants are rendering mechanics intentionally not reproduced. The selected square is framed after the whole page loop (cells are 84x55 at 83x54 steps and overlap by 1px), so the neighbouring cell borders do not clip its right/bottom edge. Store and ship-detail compositions use native local placements with inverse input mapping and window-point probe bounds.
0x004956A0	NovaUi_RunShipyardDetailWindow	src/game/docked_store_dialog.cpp	90%	Shipyard Info submodal (RunShipyardInfoDialog): DLOG 0x3ed/0x3fb variant selection from desc Graphic PICT Store and ship-detail compositions use native local placements with inverse input mapping and window-point probe bounds.
0x00495C80	NovaUi_DrawShipyardDetailPanel	src/game/docked_store_dialog.cpp	100%	RunShipyardInfoDialog + DrawShipyardInfoPanel: full two-column stat block with STR# 0x7d2 labels FreeMass ("Space:") row: BUGFIX(original) via ShipyardDisplayFreeMass + kApplyOriginalBugFixes. The original recompute keys the ammo subtraction on the weapon bank index while the loader fold (0x004BD3C0) keys it on WeaponDef.ammo_or_energy_cost_code (+0x8), so a second weapon sharing another weapon's ammo outfit overcounts the displayed space. The port shows ShipClass.advertised_free_mass (raw payload); the faithful buggy recompute is retained for kApplyOriginalBugFixes==false. Store and ship-detail compositions use native local placements with inverse input mapping and window-point probe bounds. Marked 100%: the free-mass display follows the port's data path and the buggy recompute is retained under kApplyOriginalBugFixes==false, so no original behavior is unported.
0x00497430	NovaUi_RedrawOpenTravelWindows		0%	
0x00497500	NovaMainLoop_PumpAndYieldFrames		0%	
0x004976B0	Ui_ShowDialogFromResource		0%	
0x004977D0	Ui_ShowConfirmDialog	src/game/ui_dialog.cpp	90%	Shared DLOG 0xbba confirm modal: entry 3 message, OK (activation code 1) returns true; Cancel (code 5) or quit returns false. Used by the new-game discard, overwrite-pilot and jettison prompts; jettison delegates here too.
0x00497900	NovaUi_ShowTextConfirmCodeDialog	src/game/ui_dialog.cpp	85%	Ported as the shared NovaUi_ShowTextEntryDialog (moved from new_pilot_flow.cpp): DLOG 0xbb9, row 3 prompt, row 5 edit text, code 1 accepts when the text fits max_chars else reselects, code 6 cancels; returns the final text/nullopt. Call sites include new-game christening, shipyard purchase and the boarding capture rename prompt.
0x00497B70	NovaUi_BlitPictThumbnailCached	src/game/docked_store_dialog.cpp	100%	Ported inline as the StoreTextureCache helpers: StoreTextureCache lazily loads and reuses outfit/ship PICT thumbnails per modal; original shared 128-entry atlas LRU and three-load-per-redraw cadence are not reproduced. Ship thumbnails source the class portrait PICT (portrait_pict_resource_id) with the ship-sprite sheet as the missing-PICT fallback (the original fills the atlas cell black). Marked 100%: thumbnail drawing is ported via StoreTextureCache; the original shared 128-entry atlas LRU and three-load-per-redraw cadence are rendering-cache mechanics intentionally replaced by the SDL per-modal texture cache.
0x00497CF0	FUN_00497cf0		0%	
0x00497D50	FUN_00497d50		0%	
0x00497DF0	Frame_RenderViewportBackground	src/game/spaceflight_view.cpp	50%	system-space backdrop fill reimplemented (DrawBackground: per-system BkgndColor clear + fill + commit); surface/rect-copy plumbing not reconstructed
0x00497EB0	NovaUi_ShowCaptureDecisionDialog	src/game/boarding_plunder.cpp	75%	RunCaptureDecisionDialog: DLOG 0x3fa (257x114, PICT 0x2144 backdrop, DITL item-2 panel STR# 0x7d2 0x75 word-wrapped, binary-choice buttons STR# 0x96 0x2e Use As My Ship / 0x2d Use As Escort via the shared three-state art, hover + click answer, transition-table[1] cue on both choices) drawn over the still-open boarding window; shown when player class capture_power (crew) >= 1. Strings pinned by tests/boarding_strings_test.cpp. TODO(decomp(0x00497eb0)) skipped: the swap arm (rename-confirm + Player_ReplaceShipWithCapturedHull) falls back to the escort conversion (logged).
0x00498110	FUN_00498110		0%	
0x004982A0	Ui_RunTravelSelectionDialog	src/game/selection_text_dialog.cpp	88%	PORTED as NovaUi_RunTextReaderDialog on the shared NovaTextScrollView (clean-room NovaTextView 0x004bcd90/0x004bce10/0x004bce90): DLOG 0xbbb + DITL geometry (entry 1 Okay button via STR# 0x96 slot 0x1a, entry 3 text view, entries 5/6 scroll arrows as three-state bodies with vector ^/& chevrons in the câlr white/0x262626 glyph colours), black window fill + 3-PICT backdrop 0x214d body/0x214c top/0x214e bottom-anchored (0x00499870 draw order, clipped to the window), auto-shrink arm: pure-text measured height (0x004bcc70, no insets) clamped to 0x30, shrink = view_h - measured - 0x10, entry 3 top fixed/bottom rises, window + children drop round(shrink*0.3) (DAT_005759a8), shrunk entry-3 rect republished into the view, Geneva-9 screen font DAT_00735684/86 with 11pt leading, arrows hidden (state 0xfffe) when the view fits; the 0x00499440 callback's scroll keys are PORTED: normalized Up/Down scroll +/-10px, Home/End jump to an end, PageUp/PageDown move 0xfa (250)px, all gated on the live can-scroll-up/down latches, and a held press on entries 5/6 repeats 1px per 60Hz tick via SdlPlatform::PrimaryMouseDown (real input; probe clicks stay discrete); starmap action (allow_starmap; polls rebindable map command slot 9 through NovaInput_IsCommandActive, edge-triggered). Keyboard auto-repeat is PORTED: the callback's type-3 key-down and type-5 autoKey arms are identical, and SdlPlatform::PollTextEvent surfaces SDL event.key.repeat events tagged TextInput::repeat instead of dropping them, so a held scroll key repeats its step at the OS rate. variant >= 0x80 DLOG 0xbbc + backdrop PICT 0x214f arm PORTED: the draw callback 0x00499870 blits the desc dialog_variant value as a custom PICT into DITL entry 2, and the auto-shrink arm is disabled exactly as in the original; the port threads the dësc variant from mission briefings/debriefs, the acceptance dialogs, the offer decline follow-up, About/Acknowledgements and the intro epilogue. TODO(decomp): desc status-string display (Ui_PlayMovieFileModal, a QuickTime platform replacement), save/restore player ai_secondary_target_slot/travel_transfer_mode around the map, over-static-surface redraw variants, pressed-button flash during click tracking. Background re-renders the live docked menu / flight view per frame rather than replaying a captured snapshot (deliberate divergence; the native contained DLOG canvas preserves the original auto-shrink 0.3 offset; probe bounds refresh each frame and placement restores on exit).
0x00498DC0	NovaUi_UpdateSelectedShipPurchaseAllowed	src/game/landed_store.cpp	85%	Replacement gate ports selected/current class, net trade-in affordability, Require mask, and Availability expression rechecks; escort-hire affordability and Availability are ported. Registration/license-seed rejection remains deliberately unmodelled; rank price scaling is supplied by NovaLanded_RankPriceScale.
0x00499150	thunk_FUN_008745b6		0%	
0x00499270	NovaUi_ScrollSelectionText	src/game/selection_text_dialog.cpp	85%	Expressed as the clean-room NovaTextScrollView::ScrollBy/ApplyScrollKey plus NovaTextScrollHold: clamps the scroll against the wrapped text height (NovaTextView_UpdateContentHeight) and recomputes the maxed/active latches from the view/content rects. The immediate +/-px path is reproduced (line 10px, page 0xfa/250px, Home/End oversized steps clamped to an end). The smooth param_5==0 elapsed-tick path (px_per_second * ticks) is skipped: TODO(decomp(0x00499270)) skipped -- dead in the shipped binary, every call site passes the immediate flag.
0x00499870	NovaUi_DrawSelectionDialogContent	src/game/selection_text_dialog.cpp	60%	Port draw slice runs inline in NovaUi_RunTextReaderDialog's draw_frame lambda (selection_text_dialog.cpp): window fill, backdrop composite (variant < 0x80 body 0x214d/top 0x214c/bottom 0x214e clipped to the window; variant >= 0x80 single PICT 0x214f + the dësc variant PICT into entry 2), text-view draw, arrow and Done buttons. TODO(decomp): the offscreen-surface owner switching and DrawContext_BlitClippedRect composite are replaced by direct rendering to the platform surface.
0x00499C10	NovaUi_RunPlayerSpecialInteractionWindow	src/game/player_info_window.cpp	75%	NovaPlayerInfo_RunWindow: guards (hold-timer/death-timer; the BOOL_007354a8 modal latch has no port counterpart), pre-open Weapon_ReconcileOutfitPoolWithWeaponBanks ledger refresh, DLOG 0x3f9 geometry, auto-grow math (delta+4, 0.5 shift), Tab/shift-Tab cycle 1..4, Esc/Enter close and the bound Player Info key close, tab dispatch 0/1-4/5, jettison confirm via DLOG 0xbba port of 0x004977d0 (the confirmed flag is applied by the flight loop as Player_RedistributeFleetCargoOverflow). Gap: mission-cargo arm of the any-cargo gates. The close-on-release key comes from NovaPreferences::bindings slot 0x19. Uses a contained local DLOG composition; auto-grown height is centred by placement with matching input. The window takes a render_background callback (live flight frame in flight, docked menu from the BBS/offer action), decoupled from SpaceflightView/HudRenderer.
0x0049A540	NovaUi_DrawPlayerInfoWindow	src/game/player_info_window.cpp	50%	Backdrop slices 0x2146-0x2148 top/middle-stretch/bottom, page switch, tab strip redraw. Page 1 grid: pilot/date/system/legal status/class/turn/thrust/speed with the .data scales (30/2500/100, 2/3 non-strict), exact combat rank 0x00469030 thresholds including the positive-score first rank, credits, shield/armor/fuel rows. Gaps: key-settings hint glyph row, fleet-value/tribute tail (DAT_00575948 0.01 sum), row labels provisional (DAT_0072d*cc pools). Uses a contained local DLOG composition; auto-grown height is centred by placement with matching input.
0x0049C050	NovaUi_BuildPlayerSpecialInteractionStrings	src/game/player_info_window.cpp	55%	Extras/honors text builders: the 0x0049c050 count words (a/an vowel test, STR# 0x89 0x1e/0x1f "two"/"three", digits above), the list glue (honors comma/"and"; extras " and " with a comma only at 3+), similar_to outfit grouping ordered by DisplayWeight descending (Outfit.similar_to computed in LoadFromArchives from the 0x004bd3c0 name-match pass), and the honors badge arm (active+defined rank full names ordered by Weight descending, then the rank outfits). Gap: cargo text (commodity/junk defs unmodelled).
0x0049D630	FUN_0049d630		0%	
0x0049D640	Outfit_ComputeScaledPurchasePrice	src/game/landed_store.cpp	100%	Faithful clean-room price scaling: tech discount and scale both truncate toward zero (x87 FIST + residual/sign correction, not round-nearest), then threshold quantization. POSSIBLE-BUG(original): the <=5 upper bound on both techs (0x0049d65a/0x0049d662 signed JG, no clamping) disables the markdown at every base-tech-6/7 stellar (Earth, Spacedock I-V, New England, Rebel I/II, Harbor) and for the whole 6-7 ship/outfit band, and is not the guard one would use merely to exclude the sentinel techs (999/9999/32767). Reproduced faithfully pending a gameplay decision.
0x0049D7A0	NoSys_NoOp_0049d7a0		0%	
0x0049D7B0	NoSys_NoOp_0049d7b0		0%	
0x0049D7C0	Ui_PlayMovieFileInRect		0%	Plays a named QuickTime movie ("9:Nova Plug-ins:<name>" then "9:Nova Files:<name>") into an explicit rect; shipyard per-ship MovieFile preview loop. Unported (QuickTime replaced by SDL).
0x0049DA80	FUN_0049da80		0%	
0x0049DAB0	FUN_0049dab0		0%	
0x0049E420	NoSys_NoOp_0049e420		0%	
0x0049E430	Ui_DrawTargetCategoryPanel	src/game/hud_renderer.cpp	100%	Ported as HudRenderer::DrawEscortCommandsPanel: original 160x120 panel at (15,150), c\x9alr floating-map frame and escort-highlight colors, fixed Geneva 9 font, centered title, five `N) Group` rows on an 18px pitch, presence dimming, exact highlight inset, right-aligned current-order labels from the shared input/AI/pilot category table, and the 32-tick compositor fade after the 480-tick inactivity hold. SDL draws the panel immediately instead of through the prepared sprite frame; same position and colors, so the prepared-frame step is a platform-equivalent compositor replacement. No remaining output gap.
0x0049E8D0	Ui_ShowTargetCategoryPanel	src/game/escort_commands.cpp	80%	Timer arm ported inline as ShowEscortPanel (0x20 ticks). The original immediately calls Ui_DrawTargetCategoryPanel; SDL defers rendering to HudRenderer::DrawEscortCommandsPanel during the HUD refresh.
0x0049E8E0	NovaUi_RunStoreQuantityPrompt	src/game/docked_store_dialog.cpp	100%	Quantity prompt PORTED as RunStoreQuantityPrompt (docked_store_dialog.cpp): loads DLOG 0x3eb through the ui_dialog runtime, sets entry 2 to STR# 0x7d2 0x173, pre-fills entry 3 with the maximum, parses/clamps the decimal field and rejects invalid or empty input by resetting the field. Entry-3-only return path matches. Marked 100%: the ui_dialog-inherited exact button/DIK activation ordinals and the param_2==2 bet label are UI-runtime details intentionally not reproduced.
0x0049ED00	NovaUi_ResetModalWindows		0%	
0x0049EEC0	FUN_0049eec0		0%	
0x0049EEF0	UiPanel_TrackSixEntryMouseSelection	src/game/starmap.cpp	70%	Hover/click tracker for the six starmap buttons. The port inlines a single hover pass over the button rects each frame and dispatches clicks through the same starmap loop; the enable gates match the original (index 3 clear-route gated on DAT_007dc744, zoom out/in on DAT_007dc743/742). TODO(decomp): the original's separate press/release tracking loop and per-event redraw blits are folded into the per-frame draw.
0x0049F1F0	NovaUi_DrawStarmapButtons	src/game/starmap.cpp	90%	DrawButtons: the six bottom-row buttons use the house three-state PICT art with STR# 0x96 labels and the original's enable gates (Clear Route disabled unless a route is plotted (DAT_007dc744), zoom out/in gated on DAT_007dc743/742), matching the local_18 enable array at 0x0049f1f0. Click dispatch is in NovaStarmap_RunWindow.
0x004A04D0	NovaUi_TradeCenterHitTestButtons	src/game/docked_trade_dialog.cpp	65%	The three-button strip is hit-tested inline in RunTradeCenterDialog (Contains on layout.leave/buy/sell) rather than as a standalone helper; the nested press/hover redraw loop is folded into the frame loop.
0x004A06A0	NovaUi_TradeCenterDrawButtons	src/game/docked_trade_dialog.cpp	80%	Drawn inline as DrawTradeButton (three-state art + label). Captions resolve through the original STR# 0x96 label table (NovaUi_InitThreeStateButtonArt builds it from entries 1..0x3d; DAT_007d82e8 = {4,1,2} -> "Done"/"Buy"/"Sell"). Gaps: no hover art (the redraw only ever passes -1) and the '^'/'&' vector-icon captions used by other windows are not drawn.
0x004A0810	NovaUi_HitTestAndTrackTravelBinaryChoiceButtons		0%	
0x004A0950	NovaUi_RedrawTravelBinaryChoiceButtons		0%	
0x004A09E0	NovaUi_HandleTravelDestinationContextButtons		0%	
0x004A0BC0	NovaUi_DrawTravelDestinationContextButtons		0%	
0x004A0E50	NovaUi_HandleTravelDestinationPrimaryButtons		0%	
0x004A0F90	NovaUi_DrawTravelDestinationPrimaryButtons	src/game/negotiation_dialog.cpp	60%	label selection ported inline in negotiation_dialog.cpp NegotiationFrame assembly + DrawNegotiationDialog: per-slot STR# 0x96 pool indices {0x14 Close Channel, 0x15 Greetings|0x17 Offer Bribe, 0x2c Demand Tribute|0x1f Release} via NovaHud_LoadStringEntry + three-state art with hover-as-pressed; the shared UiPanel rect-fetch approximated by the runtime DITL layout, disabled-slot grey art by ServicesButtonArt ButtonState::kDisabled
0x004A1130	NovaUi_HitTestMissionBbsActionButtons	src/game/docked_mission_dialog.cpp	70%	Runs inline in RunMissionBbsWindow's mouse arm: window entry 1 = Accept (only when a mission row is selected), entry 7 = Leave; both rects come from DITL 0x3ee. Gaps: the original's return-code fan-out into the surrounding command-map action codes is simplified to the two direct actions.
0x004A1290	NovaUi_DrawMissionBbsActionButtons	src/game/docked_mission_dialog.cpp	80%	Runs inline in DrawMissionBbsContents: window entries 1 (Accept) and 7 (Leave) drawn with the shared three-state art and DrawThreeStateButtonLabel, captions from the STR# 0x96 label table (DAT_007d82fa = {0x19, 0}). Gaps: the original's pressed/hover highlight parameter is not threaded through.
0x004A1670	NovaUi_HitTestMissionOfferButtons	src/game/docked_mission_dialog.cpp	70%	Hit-test runs inline in NovaMission_RunOfferWindow's mouse arm: the four button slots (accept, decline, up/down scroll arrows) resolve from DITL 0x3f8/0x3fc entries 1/2/9/10, or entry 6 as the accept slot with the decline rect unhittable when Flags 0x0004 is set (matching the original). Gaps: the original's nested press/hover redraw loop is approximated by the modal's per-frame draw; the accept/decline caption first-letter mnemonics live in 0x00447170 and are not ported.
0x004A1AE0	NovaUi_HandlePlayerSpecialInteractionTabs	src/game/player_info_window.cpp	85%	HandleTabStrip: faithful hit-test of entries 1-5+7, press loop with the change guard clamping to -1, release index returned.
0x004A1C40	NovaUi_DrawPlayerSpecialInteractionTabs	src/game/player_info_window.cpp	80%	DrawTabStrip: 6 strip buttons from STR# 0x96 0-based indices {4,0x23,0x24,0x25,0x26,0x3c}, pressed = index or page, jettison gate page==2 + Ship_HasAnyCargoLootOrActiveMission. Divergence: original labels are vector-glyph pstrings via 0x004a3340; port draws text labels on ServicesButtonArt.
0x004A1D90	NovaUi_HandleEscortShipManagementButtons	src/game/ship_comm_dialog.cpp	90%	Runs inline in RunEscortManagementDialog: maps the four DITL rects to close/release/upgrade/sale actions, rejects disabled upgrade/sale choices, and the draw pass tracks a held pointer inside the button for pressed art. SDL dispatches the click event directly rather than running the original nested input pump.
0x004A1ED0	NovaUi_DrawEscortShipManagementButtons	src/game/ship_comm_dialog.cpp	95%	Runs inline in DrawEscortManagementDialog: STR# 0x96 labels Close Channel, Release, Upgrade/Cancel Upgrade and Sell/Cancel Sale; unavailable choices use disabled art and a held pointer uses pressed art.
0x004A2090	NovaUi_HandleTravelDestinationPaymentButtons		0%	
0x004A21E0	NovaUi_DrawTravelDestinationPaymentButtons		0%	
0x004A22E0	NovaUi_HandleBoardingPlunderOptionButtons	src/game/boarding_plunder.cpp	50%	Button hit-test set (items 0..3 then 5..6 -> action codes 1,2,3,4,6,7) and disabled-slot hover filtering; Esc/Enter/click dispatch. Runs inline as the modal poll in NovaUi_RunBoardingPlunderWindow (cited at 0x00482940).
0x004A24E0	NovaUi_DrawBoardingPlunderOptionButtons	src/game/boarding_plunder.cpp	70%	Draws the six DITL option strips via the shared three-state button art: enabled = normal (or hover/pressed) art, disabled (no offer / capture odds < 1) = grey art, labels from STR# 0x96 (Abort 0x22 / Cargo 0x27 / Credits 0x28 / Ammo 0x29 / Energy 0x2a / Capture Ship 0x2b). Runs inline in NovaUi_RunBoardingPlunderWindow (cited at 0x00482940).
0x004A26E0	NovaUi_HandleTravelDestinationServicesButtons	src/game/docked_bar_dialog.cpp	70%	Hit-test + hover highlight ported inline in RunBarDialog: slots 0/1/2/4 dispatch actions 1/2/3/5, inert slots redraw only, hovered enabled slot draws pressed art. TODO(decomp): the original's click-and-hold tracking loop (FUN_004b68f0 pump) is approximated by per-event hit tests.
0x004A2810	NovaUi_DrawTravelDestinationServicesButtons	src/game/docked_bar_dialog.cpp	70%	Ported in RunBarDialog's button strip: STR# 0x96 label pool per slot {0,10,0xb,-,0xc,-}, slots 0-3 enabled / 4 gated on NovaShip_CanPlayerHaveMoreEscorts / 5 disabled (grey art), hover = pressed art. TODO(decomp): slots 3/5 draw captionless here while the original renders stale shared-label-cache pstrings.
0x004A2960	OutfitterMenu_FUN_004a2960		0%	
0x004A2AC0	OutfitterMenu_FUN_004a2ac0	src/game/selection_text_dialog.cpp	40%	Reader draw slice inline in NovaUi_RunTextReaderDialog: Okay button plus entries 5/6 arrows via NovaUi_DrawScrollArrow. Entry 5 = label 0x12 (STR# 0x96 entry 19 '^' up), entry 6 = label 0x13 (entry 20 '&' down); both hidden (0xfffe) when the view fits. Arrow glyphs anchor at the original local integer centre floor(w/2),floor(h/2) with s=floor(h/10). Gaps: -3 caller-image arm remains incomplete; arrows share the original 2x2 raster footprint with store buttons. ServicesButtonArt::Draw keeps the native 13px caps (overlapping) for these 23px arrows.
0x004A2C30	OutfitterMenu_FUN_004a2c30		0%	
0x004A2DE0	OutfitterMenu_FUN_004a2de0		0%	
0x004A2F50	NovaUi_InitThreeStateButtonArt	src/game/services_buttons.cpp	60%	Art cache via ServicesButtonArt::Initialize (0x1d4c..0x1d54 strips + 0x1db0.. cap masks); the STR# 0x96 label table this builds (entries 1..0x3d, DAT_007d83aa) is consumed by callers as direct NovaHud_LoadStringEntry(0x96, n) lookups rather than as a resident table. Gaps: the per-state label colours are inlined at each call site instead of the DAT_007d8350 table.
0x004A3300	NovaUi_ShutdownThreeStateButtonArt		0%	
0x004A3340	NovaUi_DrawThreeStateButton	src/game/services_buttons.cpp	78%	Three-state body render via ServicesButtonArt::Draw (normal/pressed/disabled strip pick) and the caption pass via DrawThreeStateButtonLabel: centred text, or the 2px '^' up / '&' down chevron and '+'/'-' plus/minus icons, matching the original's leading-byte branches. Store and text-view arrows share DrawThreeStateButtonArrow: local integer centre, s=floor(h/10), original endpoint adjustment and 2x2 pen stamps (9x5 footprint at both 23px and 25px button heights). Gaps: the -3 caller-supplied-image arm and plus/minus pen rasterisation remain approximate. Body uses native 13px caps with the middle tile stretched between them; sub-26px buttons overlap the caps (right cap last) rather than compressing them.
0x004A3AA0	NovaUi_RunStarmapWindow	src/game/starmap.cpp	85%	NovaStarmap_RunWindow: original zoom-DIVISOR model (start 0.5625, out x4/3 gated zoom<2.0 to max 2.3703, in x0.75 gated zoom>0.5 - one step to 0.4219; labels all revealed while zoom<=1.1 else selected-only), projection screen=centre+(world-pan)/zoom with pan persisted in GameState and re-centred on jump arrival, mouse drag-pan + kept arrow-key pan convenience, first-id-order +-10px click hit-test on revealed systems gated by the acceptance rule (0x004a4773: latched by the discovery rebuild, mission target, or already selected; otherwise travel-resolvable adjacency of the current system, or of the shift-click route tail with positional-twin acceptance 0x004a4899; rejected hits fall to drag-pan), plain click arms (travel_transfer_mode=3, 0x004a491e) or clears the travel slot (0x004a4e70), shift-click route editing (32-hop starmap_route in TravelState, consumed hop-by-hop on arrival), modal Find (DLOG 0xbbd) and Clear Route disabled unless a route is plotted, Tab/Backslash ring kept (clean-room addition), nb\x91u nebula ActiveOn evaluation at open, CICN 0x3a98/0x3a99 marker icons, STR# 0x96 buttons. The Show/Hide Borders state lives in GameState::starmap_show_borders, seeded from NovaPreferences::starmap_show_borders and persisted at .prf +0x76; the port defaults it ON (the original defaulted OFF). TODO(decomp): licence-seed easter egg, destination-window stellar sub-flow (DAT_007354a6). Starmap uses native 601x513 authored geometry, without an intermediate 640x480 fit.
0x004A4353	NovaUi_StarmapWindowInnerLoop	src/game/starmap.cpp	60%	Modal loop ported inside NovaStarmap_RunWindow: pane action-3 hit-test (is_visible gate + twin-resolved hit via 0x0046b920), plain-click select/arm (0x004a5840 compare is twin-resolved on both ends), Shift+click route edit (0x004a47cc: reset/truncate-with-re-arm/twin-pop/append with discovery gate; truncate falls through to re-append the hit as the new terminus, verified on disassembly), empty-space drag-pan, zoom/button actions (8 clear-route gated on a plotted route (DAT_007dc744), 9 borders toggle -> GameState::starmap_show_borders persisted to .prf +0x76, 10 modal search DLOG 0xbbd -> RunStarmapSearchDialog, 4/5 zoom with limit latches), close path (0x004a8f50) with route sync. Tab/Backslash intentionally have no map function (0x2a/0x36 are LShift/RShift). TODO(decomp): mission-info destination-window sub-flow (DAT_007354a6 mode), licence-seed easter-egg branch, hover cursor handling.
0x004A4FD0	NovaUi_CloseStarmapWindow		0%	
0x004A51E0	FUN_004a51e0		0%	
0x004A51F0	NovaUi_RedrawStarmapWindow	src/game/starmap_render.cpp	80%	Redraw ported across DrawChrome/DrawNebulae/DrawGalaxy/DrawSidePanels/DrawButtons: black map viewport over the PICT 0x213d backdrop (side column + status bar keep the starfield, separated by background rules), nbu91 nebula tier images (PICT 0x251c+7i, first-tier-fit pick) for ActiveOn+explored nebulae, STR# 0x7d2/0x86/0xfa0 panel text (Ports list, Navigation Hazards composition, Government/Legal Status/Goods Traded/Services, travel-status header), white labels at +7/+4 for visited (discovery_state>0) systems only while zoom<=1.1, selected-only zoomed in (0x004a9819) - the label pass does NOT accept the reveal latch. TODO(decomp): game-date line (calendar unreconstructed), mission-target list covers active missions only. The Navigation Hazards summary capitalizes its first byte through MWRuntime_ToUpper (0x004a70b3), so the empty fallback STR# 0x7d2 0x14f reads "None"; the goods/ports rows draw the same entry directly and stay lower-case.
0x004A7470	NovaUi_RedrawStarmapAfterPan		0%	
0x004A74E0	FUN_004a74e0		0%	
0x004A7E80	NovaUi_NormalizeStarmapRoutePlan	src/game/travel.cpp	90%	NovaStarmap_NormalizeRoutePlan: drops a leading empty slot by shifting left and clears the route when the first hop is missing (route = state.travel.starmap_route, 32 x int16 -1-filled).
0x004A7FC0	System_NormalizePlannedRouteToCurrentSystem	src/game/travel.cpp	90%	NovaStarmap_NormalizeRouteToCurrentSystem: consumes route[0] when the next hop resolves to the just-entered system, clears the route when no hop is plotted; called from the FireJump arrival block alongside the travel-slot re-arm.
0x004A8080	NovaUi_SyncTravelSelectionFromStarmapRoute	src/game/travel.cpp	90%	NovaStarmap_SyncTravelSelectionFromRoute: arms the travel slot + starmap destination from the first plotted hop when directly linked and latches travel_transfer_mode=3 (0x004a8080); called on starmap close and after jump arrival (Ship_HandlePlayerShipCore calls it in both places).
0x004A8100	NovaUi_DrawStarmapRoutesAndMarkers	src/game/starmap_render.cpp	85%	DrawGalaxy: plotted-route green chain (2px), adjacency links from visited systems (is_visible && has_explored_flag && discovery>0) deduplicated with the highlight-flag rule, every link resolved through NovaSystem_ResolveVisibleForTravel (0x0046b920) so invisible twin groups end the line while visitation does not gate the target, committed-jump slot accent dark green 0x9900 gated on travel_transfer_mode==3 (line-225 gate), plotted-jump accent line pass (line-290: thick dark green current->resolve(links[slot]) while mode==3), markers as background discs + 1-2px StellarDisplayColor ring gated on the outer is_visible gate + marker latch (current / visited / discovered_this_rebuild, plus mission-target & selection overrides; mission targets compared via System_ResolveSystemDiscoverySlot 0x0046b9b0 discovery slots), zoom tier: radius 4 + 1px ring normally, 6 + 2px ring at zoom<0.5 (DAT_00575a00), current system cyan dot (radius 2/3), selection reticle 6/8 green corner ticks as 8 DISJOINT 4px segments. Mission-target CICN 0x3a98 arrow (down-right, up-left of the marker, box corner at the inset marker-rect corner, suppressed on the selected system per 0x004a8e5c); the green CICN 0x3a99 selected arrow (DAT_007dc3b4, 0x004a9040) draws up-right of ANY selected system in the flight map too - selecting a mission target swaps the red arrow for the green one (0x3a99/0x3a98 both load together at 0x004aea40; DAT_007dc745 only gates the selection clearing the mission override).
0x004A99F0	Ui_DrawSystemRouteMap	src/game/starmap.cpp	90%	Draw pass ported as NovaStarmap_DrawRouteMapChart (starmap.cpp): reuses the shared routes/markers/labels pass with pan on the current system + g_route_map_zoom_scale, per-element alpha (blit tint), per-system space-background fill (PTR_DAT_00575acc) and the c\x9alr Colors floating_map border (DAT_00735658, 12,12,12 shipped) drawn before the markers per the non-8-bit path; remaining gap: the alpha is per-element rather than a surface blit tint, so the fill does not fade at the overlay tail
0x004A9B30	NovaUi_UpdateTravelSelectionOverlay	src/game/route_map.cpp	95%	correctness
0x004A9BF0	NovaUi_ProjectSystemToOverlayGrid	src/game/starmap_render.cpp	60%	System position -> overlay grid projection inlined in BuildPoliticalOverlay: gx/gy = round((screen - panel origin)/2) half-pixel cells, centred exactly on the marker.
0x004A9D10	NovaUi_EnableStarmapPoliticalOverlay	src/game/starmap.cpp	50%	NovaStarmap_RunWindow wires the Show/Hide Borders toggle to the political-overlay rebuild: the overlay grid is marked dirty on toggle-on, zoom and pan and rebuilt against the actual panel before the next draw (the original recomputes on the same events via NovaUi_EnableStarmapPoliticalOverlay). Hover highlighting not modelled.
0x004A9D50	NovaUi_BuildStarmapPoliticalOverlay	src/game/starmap_render.cpp	90%	BuildPoliticalOverlay uses the original's exact field: radius round(22/zoom)+12 / round(11/zoom)+9 grid UNITS (1 unit = 2 screen px, ~102px at default zoom), strength clamp((r^2-d^2)*fade*zoom, 1, 255) with fade 0.2/0.4, eligibility visited+latched+gov scan_mask bit2 clear+usable destination.
0x004AA070	NovaUi_PaintStarmapGovDisc	src/game/starmap_render.cpp	75%	Per-system disc eligibility + projection folded into BuildPoliticalOverlay: gates on visited (System.discovery_state > 0, the corrected fog record; the original's is_visible/has_explored_flag are load-time flags), valid government, scan_mask bit 2 clear and NovaSystem_HasUsableTravelDestination (shared port of System_HasUsableTravelDestination 0x00468af0: nav_defs[0..3] stellar travel_flags bit 0x20 / availability 0x3000).
0x004AA25E	NovaUi_PaintStarmapDiscRowLoop	src/game/starmap_render.cpp	60%	Disc block iteration in BuildPoliticalOverlay: 0-aligned cell_size-stride rows/cols over the disc bounding box clamped to the grid.
0x004AA2DA	NovaUi_PaintStarmapDiscCellStep	src/game/starmap_render.cpp	60%	Disc block iteration (column step) in BuildPoliticalOverlay; the original's coarse-compute + cell_size-expand pass is replaced by direct 0-aligned block painting (same blocky field, no sub-block shift).
0x004AA2F3	NovaUi_BlendStarmapOverlayCell	src/game/starmap_render.cpp	70%	Per-pixel strength = clamp((r^2-d^2)*fade*zoom, 1, 255) (NovaUi_BlendStarmapOverlayCell 0x004aa2f3); at each pixel the highest-strength disc wins, the visual strongest-slot rule (the original's 4-slot grid was only needed because its coarse grid had spare slots).
0x004AA620	NovaUi_DrawStarmapPoliticalOverlay	src/game/starmap_render.cpp	90%	DrawPoliticalOverlay: opaque 16px-block colour theme*strength*0.5 (16-bit RGBColor, >>8 on SetRgbColor = theme*strength/512, peaking at half theme brightness), zero-strength cells unpainted over the black viewport; strongest-slot rule kept. Rendered per-pixel instead of the original's blocks - same field, smoother gradient.
0x004AA980	Mission_RebuildMissionTargetSystemList	src/game/starmap.cpp	80%	BuildMissionTargetSystems reproduces the 0x004aa980 predicate: per mission it emits the TravelStel system, replaced by the ReturnStel system once travel_stellar_reached is set and the two differ (an unavailable ReturnStel keeps TravelStel), honoring is_available, Bible Flags 0x0002 (suppress) and 0x0200 (resolved ShipSyst via Misn_ResolveVisibleSystemForTravel, current_system_id +0x10); deduplicated. Remaining: exact fixed-list ordering/capacity.
0x004AAB30	NovaUi_RunStarmapSearchDialog	src/game/starmap.cpp	90%	RunStarmapSearchDialog: real modal DLOG 0xbbd (row 5 edit text, activation 1 = Find/3 = Cancel) with the map redrawn behind it. Matching (FindBestSystemMatch/NormalizeSearchName in starmap_render.cpp, unit-tested): lowercase [a-z0-9] normalization, candidate gate is_visible && discovery_state>0 && discovered_this_rebuild, longest leading-prefix score with shorter-name tie-break, a 1-char match accepted only when unique. Caller selects the match and re-centres the pan on its position. TODO(decomp): 0x160/0x164 UI sounds not queued.
0x004AAF60	NovaUi_PresentStartupSplashFrame	src/nova_app.cpp	100%	NovaUi_PresentStartupSplashFrame Native resource-size contained placement capped at 1x; black margins and logged resource failures.
0x004AB070	NovaUi_PresentLoadingSplashFrame	src/nova_app.cpp	100%	NovaUi_PresentLoadingSplashFrame Native resource-size contained placement capped at 1x; black margins and logged resource failures.
0x004AB180	NovaUi_ClearMainWindowAndHoldFrame	src/nova_app.cpp	100%	Subsumed by the SDL present path: the black window clear is performed by NovaUi_PresentStartupSplashFrame/NovaUi_PresentLoadingSplashFrame (SDL_SetRenderDrawColor(0,0,0)+SDL_RenderClear) at src/nova_app.cpp:1732/1752, and Frame_CommitFrameAndLatchTransitionWait (0x00467de0) plus its BOOL_007354a8 transition latch are replaced by SdlPlatform::Present(); same deliberate skip as spaceflight.cpp:4267. Startup sequencing also differs: NovaGameSession_Run defers the clear/splash work to the main-loop state machine.
0x004AB1B0	NovaUi_RunProgressBarReveal	src/nova_app.cpp	80%	Resets g_loading_progress_value and starts the expand-in wipe: reveal_inset = half the c\x9alr outline height, advanced one reference pixel per main-loop frame (original runs it synchronously with MarkTickAndWait(2), drawing the growing outline + black fill). Total is seeded from the port's staged startup load count instead of ResourceData_CountEntries('ship'), because NovaData_LoadAllShipClassVisualAndLaunchData is not preloaded at startup yet; recorded as a divergence.
0x004AB3A0	NovaUi_ProgressCallbackNoOp	src/nova_app.cpp	100%	Faithful no-op progress sink.
0x004AB3B0	NovaUi_AddProgressAndRedraw	src/nova_app.cpp	100%	Adds delta to loading_progress_value then calls NovaUi_RedrawProgressBar.
0x004AB3D0	NovaUi_RedrawProgressBar	src/nova_app.cpp	85%	Draws the c\x9alr bar over the startup-splash surface: ProgOutline 1px frame, bright fill from value/total over DAT_00575a58=198 reference px, ProgDim fill outline, black trough. Geometry/colors parsed from c\x9alr (NovaMainMenuStyle progress_*). Native reference insets and centre-relative geometry share the startup splash placement, including its small-window containment factor.
0x004AB5D0	FUN_004ab5d0		0%	
0x004AB820	FUN_004ab820		0%	
0x004AB8D0	NovaPlatform_PumpWindowEventsThrottled		0%	
0x004AB970	NovaRandom_Reseed	src/game/ship_spawn.cpp	40%	NovaGame_ReseedRandom: reseeds the clean-room mt19937 with fresh entropy (seed_seq of random_device + steady_clock) at new-game bootstrap, mirroring the original mixing NovaTime_GetTicksMs into the global LCG via NovaRandom_Range(0). Makes spawned ships/positions/time rolls vary across sessions instead of the default-42 deterministic sequence. TODO(decomp): original also advances the rest of the LCG via the session bootstrap; only the reseed (not the LCG mixer itself) is modeled
0x004AB980	NovaUi_SetInterfaceActive		0%	
0x004ABD8D	SpriteWorld_InitializeFlightViewSpritePools		0%	PROVISIONAL Ghidra rename (was FUN_004abd8d): flight-view sprite bootstrap from NovaUi_InitializeFlightViewSurfaces (via FUN_008757c0); installs sprite-world hooks and clones/attaches every pooled sprite instance. Not yet ported.
0x004AC380	Ship_InitializeMainInterface	src/game/spaceflight_view.cpp	100%	Viewport half-size ported as SpaceflightView::SyncGameplayViewport: CurrentViewport returns the play area = window minus kGameplayHudStripWidth (0xc2, the original's DAT_0088c020 right cockpit inset), so g_viewport_center_x/y = (window_width-194)/2, window_height/2; WrapAsteroids uses the same half-size. Render-owner creation/release/black-fill (FUN_004b8ae0 DrawContext setup) is replaced by SdlPlatform ownership; the NoSys_NoOp + DAT_00596d2e repaint latch has no SDL counterpart (redraw is per-frame). Divergence: the original's DAT_0088c020 is ui_scale-scaled, fixed 194 here (ui_scale not modelled).
0x004AC560	DataTables_AllocateAll		0%	
0x004AC950	FUN_004ac950		0%	
0x004ACAC0	FUN_004acac0		0%	
0x004AD960	FUN_004ad960		0%	
0x004AEDA0	NovaData_LoadAllShipClassVisualAndLaunchData	src/game/scenario_data.cpp	100%	The per-class gameplay/launch decode runs inline in ScenarioData::LoadFromArchives ship pass (0x004b4ee0 semantics): base_sprite_clone_source_ship_class (+0xa08) = the class's own index (0x004b0c20 seed) or the first class sharing a sh\x8an BaseImageID; target_pict_ship_class (+0xa0c) = the class's own index when it owns its 3000+id target PICT (g_ship_class_target_pict_images), else the base-sprite owner; portrait_pict_resource_id = PICT 5000+class else 5000+base-sprite owner; frames_per_rotation, sprite_behavior_flags (+0xA24), animation_cycle_count (+0xA00 <- shan+0x04 BaseSetCount, or 1 when prefs.ship_animations off), combat_state_init_range (+0x9FE), base_transparency, blink_mode/val_a..d, weapon_glow_decay_rate, muzzle geometry/compress scales, light/engine image ids. Runs over all 0x300 ship classes (0..0x2ff): the port's former 0x200 table silently dropped the escape pod (class 0x2ff) and every class above 0x1ff, so the ejected pod had no class/sprite and rendered as nothing.
0x004AF020	SpriteWorld_RebuildSessionSpritePools	src/game/hud_renderer.cpp	85%	The tail message-rect layout slice lives in hud_renderer.cpp; the sprite-pool rebuild half is replaced structurally and not reconstructed as a runtime call. The tail itself has unresolved behavior: the message band right edge (--DAT_0088c020-50) is provisional and multi-line word wrap is TODO(decomp). DIVERGENCE: the per-class field_0xab4 affine-skew heading->frame table (built only when shan Flags 0x100, using UpCompressY/DnCompressY) is NOT reproduced -- ComposeShipFrameIndex uses the plain linear heading map. Inert for all shipped data (scanned all 288 shan records across Nova Ships *.rez/Nova.rez: zero set 0x100); a plugin class with 0x100 would display the wrong rotation frame.
0x004B0740	NovaAudio_PreloadGameplayData	src/game/weapon.cpp	25%	partial gameplay snd preload: resources 200..455 are decoded into the shared session cache, covering the original weapon/effect/cloak handle range; duration-table setup and original handle allocation remain deferred
0x004B0A30	FUN_004b0a30		0%	
0x004B3350	Ship_ResetPlayerShipState	src/game/new_pilot_flow.cpp	55%	NovaShip_ResetPlayerShipState owns the shared slot-0, inventory, weapon-bank, mission, travel, death/game-over, and effective-meter reset used before both original pilot-load callers and the new-game flow. Seeds travel.interaction_action_index_b with NovaRandom_Range(0x800) at 0x004b39f2..0x004b3a05. Remaining gaps: mission-offer rerolls, persistent-on-ship-swap outfit branch, system/rank/paint/UI globals, and several unmodelled ShipState fields. The 0x004b3dad transition-frame clear latches are modelled synchronously via NovaWeapon_ClearTransientCombatState; sets ShipState +0x72 to -1 at 0x004b3477.
0x004B4220	Game_ResetReputationAndAvailability	src/game/new_pilot_flow.cpp	10%	Baseline reputation/availability reset run before every pilot load (all four callers pass 1): zero combat rating, raise each system reputation to its govt InitialRec floor, recompute stellar availability latch from availability_flags 0x20, clear recently_activated_rank_id (not new-game-only; contrast Game_ResetNewGameState 0x004b4690). UNPORTED as a function. Partial inline slices: Stub_ResetReputationAndWorldTables (new_pilot_flow.cpp) resets intro_played only and logs the rest; the escape-pod respawn path in spaceflight.cpp rebuilds system_reputation straight to initial_rec but does NOT floor-clamp, reset combat rating, recompute the availability latch, or clear the rank id. Remaining gap: the actual pre-load reset at all four callsites. Inline slices also reset the pilot control bits, the player combat rating and the recently-activated rank latch in Stub_ResetReputationAndWorldTables (new_pilot_flow.cpp); reputation floor-clamping, the stellar availability latch and the four pre-load callsites (new game, open pilot, autoresume) are still unported.
0x004B42F0	FUN_004b42f0		0%	
0x004B4320	NovaPrefs_ResetToDefaults	src/game/preferences.cpp	85%	NovaPreferences::ResetToDefaults sets all modeled dialog preferences, CE starmap-border state (port default ON; the original defaulted OFF), and key bindings, then applies NovaPrefs_ApplyLockedPreferences (the port's fixed quality/graphics values); legacy/sensitivity globals remain unmodeled
0x004B4400	NovaPrefs_ResetKeyBindings	src/game/preferences.cpp	90%	KeyBindings::ResetToDefaults writes the full short[0x52] defaults incl panel-suppressed aliases; flight navigation row verified. Slot 0x12/0x0c is self-destruct (with 0x38/0x6f arm modifier, 0x00451970), not zoom; route-map zoom is the separate raw minus/equals channel
0x004B4690	Game_ResetNewGameState	src/game/new_pilot_flow.cpp	25%	Fresh-world reset entry (called from Menu_RunNewGameFlow 0x00489d70). Ported slices: SetNewGameDateAndStrings (the calendar seed via DrawContext_ReadRenderParams 0x004bbb10) and NovaNewPilot_ResetStellarStrengthForNewGame (0x004b46bc..0x004b4760: set dominated from availability_flags 0x20 [Bible "starts the game dominated"], seed live Strength -1 with the pinned countdown for availability_flags 0x40 starts-destroyed bodies, else reset live Strength to the capacity with destroyed_days_remaining 0). Remaining: faction reputation/mission-flag reset (Stub_ResetReputationAndWorldTables logs it), outfit/weapon-bank zeroing and the other tail scopes. NOTE: the local-clock+250 calendar seed set here is the pre-override fallback; Menu_RunNewGameFlow passes the char-template start date (+0x134/+0x136/+0x138) afterwards. Confidence: high on the ported slices. Also zeroes the 10,000 control bits (0x004b477e) via Stub_ResetReputationAndWorldTables and reloads the scenario tables (which clears the resource-derived mutable state the original's tail scopes reset: personalities, nebulae, system fog); remaining tail scopes (beam-hit/impact/freeflight pools, asteroid pool, region-trigger defs, ambient particles) are reinitialised at flight/reset boundaries or unmodelled.
0x004B4E10	FUN_004b4e10		0%	
0x004B4EE0	ShipClass_LoadShipClassVisualAndLaunchData	src/game/ship_visual.cpp	74%	Gameplay/launch fields fully decoded: animation_cycle_count (+0xA00 <- shan+0x04 BaseSetCount, or 1 when prefs.ship_animations off) and alt_sprite_cycle_count via the scenario ship pass, plus skill_variance_percent is correctly the separate sh\xefp SkillVar (+0x9F8, clamped [1,50]). sh.x9an descriptor field decode (base/alt/glow/light/weap/shield ids+sizes, FramesPer, Flags, AnimDelay, WeapDecay) verified, including glow layer fields + 0x16, the LightImageID/WeapImageID roles, and the +0x36..0x3e BlinkMode/BlinkValA-D running-light program (the Ghidra gun/turret exit names there are wrong; real exit geometry starts at +0x48). Exit geometry is decoded at scenario load: ExitType family X/Y arrays use +0x48/+0x50 +16g+2q and Z uses +0x90+8g+2q. Raw base_set_count (+0x04), alt_image_id (+0x0c) and alt_sprite_cycle_count (AltSetCount +0x10, or 1 when the ship-animations preference is off) plus shield_image_id (+0x40) are stored on ShipClass; the renderer loads the alt and shield sheets and draws the alt. DIVERGENCE: the Flags 0x100 affine-skew heading table (field_0xab4) is not built; ComposeShipBaseRow/ComposeShipFrameIndex use the linear heading map (inert for all shipped data).
0x004B6620	FUN_004b6620		0%	
0x004B6760	FUN_004b6760		0%	
0x004B67C0	ShipClass_FindShipSpriteSetByResourceId		0%	
0x004B6810	FUN_004b6810		0%	
0x004B6850	NovaRender_CommitFrame		0%	
0x004B68A0	Mouse_GetPositionShortPair		0%	
0x004B68D0	NovaInputQueue_FlushAllCommands		0%	
0x004B68E0	NovaPlatform_PumpInputAndReadyState		0%	
0x004B68F0	NovaInput_PumpAndHasPendingEvents		0%	Pump + return DAT_008701a0 pending flag. 0% unported.
0x004B6900	DrawContext_SetFontId	src/game/nova_font.cpp	100%	active family id selected per draw via the NovaFontFamily enum passed to NovaText_Draw/NovaText_DrawCentered Marked 100%: reimplemented on SDL_ttf via NovaFontCache/NovaText_*; the original QuickDraw/Mac Toolbox metric engine (fixed-point scale storage, text-resource draw path) is intentionally not reproduced.
0x004B6920	DrawContext_StoreScaledValue	src/game/nova_font.cpp	100%	NovaText draw path scales the logical point size by the active presentation/backing-pixel factor before obtaining a font handle; original fixed-point scale storage and non-text uses remain TODO(decomp) Marked 100%: reimplemented on SDL_ttf via NovaFontCache/NovaText_*; the original QuickDraw/Mac Toolbox metric engine (fixed-point scale storage, text-resource draw path) is intentionally not reproduced.
0x004B6940	FUN_004b6940		0%	
0x004B6960	FUN_004b6960		0%	
0x004B73B0	FUN_004b73b0		0%	
0x004B74C0	FUN_004b74c0		0%	
0x004B76D0	FUN_004b76d0		0%	
0x004B7CB0	FUN_004b7cb0		0%	
0x004B81E0	FUN_004b81e0		0%	
0x004B8300	FUN_004b8300		0%	
0x004B8400	FUN_004b8400		0%	
0x004B8AB0	FUN_004b8ab0		0%	
0x004B8AC0	FUN_004b8ac0		0%	
0x004B8AD0	FUN_004b8ad0		0%	
0x004B8AE0	FUN_004b8ae0		0%	
0x004B8CA0	Resource_LoadStringEntry	src/game/hud_overlay.cpp	95%	Port helper NovaHud_LoadStringEntry/DecodeStringEntry take 1-based entry numbers like the original; on a missing pool/entry it returns nullopt (empty string in the original) so callers keep literal fallbacks.
0x004B8D50	Rect_Offset		0%	
0x004B8D80	FUN_004b8d80		0%	
0x004B8DC0	Rect_Inset	src/util/geometry.hpp	100%	Ports as evnova::util::InsetRect (SDL_Rect, by-reference return instead of in-place mutation): dy shrinks top/bottom, dx left/right, exactly the original byte writes. Consumed by the goal-4 (observe) cloaked-target on-screen test in Mission_HandleMissionOrSurrenderShipReaction (0x00443c60).
0x004B8DF0	Rect_Intersect	src/util/geometry.hpp	100%	Ports as evnova::util::IntersectRect (SDL_Rect, returns std::optional instead of mutating an out param): QD SectRect (max lefts/tops, min rights/bottoms, empty when edges touch). The HUD radar clip IntersectRadarRect (hud_renderer.cpp) delegates to it through an exact int16<->SDL_Rect bridge, and the mission observe-on-screen test (0x00443c60) uses it directly.
0x004B8E90	Rect_ContainsPoint		0%	
0x004B8ED0	Resource_LoadPictAsImageWithColorRemap	src/pict_image.cpp	85%	Resource_LoadPictAsImage: BitsRect family (0x90/0x91/0x98-0x9b) incl. 8-bit indexed + 1-bit + RGB555 + demoted-24-bit paths via the ported opcode walker; the optional post-load color-remap tail (DAT_0085faee) is NOT ported (confirmed dead: all callers pass remap off)
0x004B9050	Resource_LoadPictAsImage	src/pict_image.cpp	100%	Resource_LoadPictAsImage: wrapper over LoadWithColorRemap with remap off; used for loading/startup splash PICTs and dialog DITL image items
0x004B9060	FUN_004b9060		0%	
0x004B9160	FUN_004b9160		0%	
0x004B9170	FUN_004b9170		0%	
0x004B9180	FUN_004b9180		0%	
0x004B92D0	FUN_004b92d0		0%	
0x004B9410	FUN_004b9410		0%	
0x004B97E0	DrawContext_DrawLineTo	src/game/services_buttons.cpp	20%	DrawThreeStateButtonArrow ports the unclipped 45-degree 2x2-pen slice: decrement larger coordinate endpoint on each axis, then stamp both arms; general slopes, clipping, other pen sizes and draw-context cursor bookkeeping remain unported.
0x004BA320	FUN_004ba320		0%	
0x004BA350	DrawContext_DrawCircleInRect	src/game/hud_renderer.cpp	100%	DrawRadarDisc: midpoint circle outline (8-way, 1px plot, d=1-r) with the same centre/radius derivation from the radar-clipped rect. The fat-pixel filled-run branch is for context pixel scale != 1; port contexts are always 1x1, so it is unreachable and the output is equivalent. No remaining gap.
0x004BB260	FUN_004bb260		0%	
0x004BB860	FUN_004bb860		0%	
0x004BB870	FUN_004bb870		0%	
0x004BBA00	FUN_004bba00		0%	
0x004BBA40	FUN_004bba40		0%	
0x004BBA50	FUN_004bba50		0%	
0x004BBA60	FUN_004bba60		0%	
0x004BBA70	FUN_004bba70		0%	
0x004BBAD0	FUN_004bbad0		0%	
0x004BBAE0	FUN_004bbae0		0%	
0x004BBAF0	FUN_004bbaf0		0%	
0x004BBB80	Resource_LoadCicn	src/cicn_image.cpp	80%	Resource_LoadCicnAsImage decodes the extended color-icon payload (0x004bbb80 cited inline): mask rowbytes / reserved-word gate, bits-per-pixel, 1-bit mask + complementary rowbytes, then the row decoder FUN_004d2bd0. The resource lookup half of the original wrapper is done separately by NovaResource_Load, so only the 'cicn' fetch/release is not reproduced here.
0x004BBBF0	FUN_004bbbf0		0%	
0x004BBCB0	FUN_004bbcb0		0%	
0x004BBCC0	FUN_004bbcc0		0%	
0x004BBCE0	PascalString_FromUInt		0%	
0x004BBD20	FUN_004bbd20		0%	
0x004BBD30	FUN_004bbd30		0%	
0x004BBD40	FUN_004bbd40		0%	
0x004BBD50	Resource_LoadPixPat	src/pixpat_image.cpp	90%	Ghidra wrapper: looks up the ppat via the resource DB and decodes it with thunk_Resource_LoadPixPatAsImage (0x004fdf40) / Resource_LoadPixPatAsImage (0x0087293e) into an RGBA image (src/pixpat_image.cpp, Resource_LoadPixPatAsImage). Used by the radar static 128..137. Divergence: lookup is first-match archive order, not the original's newest-archive-first (affects only ppat 128, the one duplicated key).
0x004BBDC0	DrawContext_TileImageInRect	src/game/hud_renderer.cpp	80%	Radar static fills the panel by tiling the chosen ppat with SDL_RenderTextureTiled; the 10 preloaded ppat 128..137 (DAT_00733b7c) decode via Resource_LoadPixPatAsImage.
0x004BBF90	ResourceError_SetMessageContext		0%	
0x004BC070	ResourceError_ShowMessageDialog		0%	
0x004BC0E0	NovaPlatform_MarkTickAndWait		0%	
0x004BC100	CStringBuffer_ReplaceSubstring		0%	
0x004BC2A0	NovaSound_LoadDecodedById	src/brgr_archive.cpp	85%	Loads `snd ` resources
0x004BC300	FontCache_NoOpCleanup		0%	
0x004BC3E0	FontCache_InitializeDefaultFamilies	src/game/nova_font.cpp	100%	NovaFontFamily enum + ResolveFontFile mapping Chicago/Charcoal, Geneva, Times->Times New Roman, Helvetica->Arial, New York->Georgia; bundled Charcoal+Geneva ttfs shipped by CE build; tiered resolver: bundled CE TTF -> native macOS family face (Times/Helvetica/NewYork/Geneva) -> CE GDI substitution names (Times New Roman/Arial/Georgia) + Linux generics -> bundled Geneva last resort; resolved face logged once per family. Native-macOS tier is a deliberate divergence from the CE reference (which always used the substitute names) Marked 100%: reimplemented on SDL_ttf via NovaFontCache/NovaText_*; the original QuickDraw/Mac Toolbox metric engine (fixed-point scale storage, text-resource draw path) is intentionally not reproduced.
0x004BC450	FontFamily_CreateFontHandle	src/game/nova_font.cpp	100%	style bold/italic flags mapped onto the SDL_ttf face (bold synthesized via TTF_STYLE_BOLD, no post-open weight setter in this version) Marked 100%: reimplemented on SDL_ttf via NovaFontCache/NovaText_*; the original QuickDraw/Mac Toolbox metric engine (fixed-point scale storage, text-resource draw path) is intentionally not reproduced.
0x004BC5C0	FontCache_CreateFamilyEntry		0%	
0x004BC600	FontFamily_FindHandleBySizeAndStyle		0%	
0x004BC640	FontCache_GetFamilyEntryByIndex		0%	
0x004BC670	FontCache_GetOrCreateFontHandle	src/game/nova_font.cpp	100%	NovaFontCache.Font/TextWidth: caches SDL_ttf faces by (family,size,style) key; lazy TTF_Init refcounted in the cache lifetime; bundled CE Geneva.ttf opened via in-memory sfnt rewrite stripping its corrupt EBDT/EBLC strikes (advances inconsistent with outlines, FreeType served them at exact ppem matches), with the sanitized image cached process-wide so per-modal NovaFontCache instances share it Marked 100%: reimplemented on SDL_ttf via NovaFontCache/NovaText_*; the original QuickDraw/Mac Toolbox metric engine (fixed-point scale storage, text-resource draw path) is intentionally not reproduced.
0x004BC6E0	FontCache_FindOrAddFamilyByName		0%	
0x004BC760	FUN_004bc760		0%	
0x004BCA70	FUN_004bca70		0%	
0x004BCA90	DrawContext_DrawPascalString	src/game/nova_font.cpp	100%	NovaText_Draw rasterizes antialiased transparent text at the physical output density then blits at unchanged logical size/baseline (mirrors the scaled OS DrawTextW path in FUN_004bc760) Marked 100%: reimplemented on SDL_ttf via NovaFontCache/NovaText_*; the original QuickDraw/Mac Toolbox metric engine (fixed-point scale storage, text-resource draw path) is intentionally not reproduced.
0x004BCAB0	FUN_004bcab0		0%	
0x004BCAD0	DrawContext_GetPascalStringWidth	src/game/nova_font.cpp	100%	NovaFontCache.TextWidth via TTF_GetStringSize on the same face used to draw Marked 100%: reimplemented on SDL_ttf via NovaFontCache/NovaText_*; the original QuickDraw/Mac Toolbox metric engine (fixed-point scale storage, text-resource draw path) is intentionally not reproduced.
0x004BCB00	FUN_004bcb00		0%	
0x004BCBC0	FUN_004bcbc0		0%	
0x004BCC70	FUN_004bcc70		0%	
0x004BCD30	FUN_004bcd30		0%	Not ported as a unit. Its DrawTextW(DT_WORDBREAK) multi-line layout -- including the double-return blank line the desc resources place before "Requires: ..." -- is mirrored by WrapDescriptionLines (src/game/landed_window.cpp); the fill+invert draw is reproduced inline at each call site. UiWindow_Draw's static-text arm reuses WrapDescriptionLines plus item-rect clipping (ui_dialog.cpp).
0x004BCD90	NovaTextView_Create	src/game/selection_text_dialog.cpp	80%	Clean-room NovaTextScrollView ctor: stores the view/display rect and wraps the text at the full DITL view width without an extra horizontal inset with the shared Geneva-9 face and 11pt leading (NovaTextView_Create 0x004bcd90 + NovaTextView_SetText). Gaps: original +0xc/+0x14 rect-field split and the optional draw-context handle are structural.
0x004BCE10	NovaTextView_UpdateContentHeight	src/game/selection_text_dialog.cpp	80%	Wrapped height measured by WrapDescriptionLines and stored as text_height_ = NovaText_MeasureWrappedTextHeight (0x004bcc70/0x004bce10) content height. The reader/offer scroll clamp uses this pure text height, not the draw-only insets.
0x004BCE40	FUN_004bce40		0%	
0x004BCE90	NovaTextView_ScrollBy	src/game/selection_text_dialog.cpp	75%	Clamp modelled by NovaTextScrollView::UpdateMaxScroll()/max_scroll(): the base extent is max(0, wrapped_text_height - view_h); only once the text overflows is the draw model's baseline correction (kFirstLineOffset - font ascent) plus a 2px bottom margin, so the last line's descenders scroll fully into the view with a small gap while a fitted view stays at zero extent (the original slides the view over the content rect, leaving the last baseline one descender above the bottom). ScrollBy() steps +/-10px (0x004bce90). Gaps: exact +0xc/+0x14 view/content rect fields and the dirty-surface redraw are structural.
0x004BCF30	NovaTextView_Draw	src/game/selection_text_dialog.cpp	75%	NovaTextScrollView::Draw: clipped wrapped redraw at the view rect using the scroll offset, with text starting at rect.left and wrapping to rect.right (no extra 6px inset). The incoming bottom line is submitted as soon as its line box enters the clip (not only once its baseline is inside), so its upper half shows while scrolling in, matching the original's single clipped DrawText over the whole run. Gaps: draw-context/owner-surface bookkeeping and the per-button flash are approximated.
0x004BCF80	NovaUtil_FreeOwnedHeapBufferAndRelease		0%	
0x004BCFA0	IniConfig_EnsureLoaded		0%	
0x004BCFD0	FUN_004bcfd0		0%	
0x004BD000	IniConfig_GetSectionString		0%	Reads EVNova.ini "<section>" / "S<index>" into a buffer (Pilots folder, Last Pilot marker, prefs name, error strings). Unported; port uses fixed literals.
0x004BD090	FUN_004bd090		0%	
0x004BD0C0	Prefs_SetPilotsPathPrefix		0%	Builds the "Pilots:" prefix from EVNova.ini [130] S3. Former Ghidra name Prefs_SetNovaFilesPathPrefix was wrong. Unported; the port resolves a "Pilots" child of the per-user support folder (src/nova_paths.cpp, used by src/game/pilot_file.cpp PilotFileSaveDirectory).
0x004BD160	Resource_ValidateInstallFolders	src/brgr_archive.cpp	40%	NovaResourceDb::EnsureLoaded resolves the install root (NovaPaths::InstallRoot) and reproduces the Nova.rez -> Nova Files/*.rez -> bundled Nova Plug-ins/*.rez load order, with the CE bare "Plug-ins" fallback for the bundled folder, then appends the support folder's Nova Plug-ins/*.rez (port extension, strongest). The Pilots-dir validation, missing-folder abort dialogs, and install-checksum pass are not reconstructed.
0x004BD3C0	NovaData_LoadScenarioResourceTables	src/game/scenario_data.cpp	68%	Reimpl: ScenarioData::LoadFromArchives() src/game/scenario_data.cpp walks the sh.x95p/w.x91ap/o.x9ftf/sp.x9ab/s.xd8st/g.x9avt/fl.x91t/d.x9fde families into clean-room tables; record names surfaced from the BRGR map. Government decoder complete: gains/mission resource entries (3 name tables, class/ally/enemy id lists, ScanFine/CrimeTol, Smug/Disab/Board/Kill/Shoot penalties, InitialRec, InhJam1-4, derived voice_type_mode + MaxOdds/SkillMult + 8-bit theme colors) verified vs Federation 0x80. Outfit decoder verified against the loader's payload->runtime map (DispWeight +0x00, ItemClass +0x3ec, ScanMask +0x3ee, BuyRandom +0x3f0, RequireGovt +0x3f2 band-clamped to -1), incl. ModVal-=0x80 rebasing for ModType 1/3/0x15 (zero-based weapon bank slot); ship+weapon verified (shp Holds: a negative raw value decodes to its absolute capacity and clears the +0xa40 allows_mass_expansions flag); weapon decode: field names/offsets aligned with loader WeaponDef mapping (flags_secondary/tertiary/quaternary at +0x48/+0x66/+0x1e, turret_arc +0x30, homing/turn/shot-dwell +0x32, kickback +0x56, turret_group +0x58, burst_cycle_ticks +0x5a, burst_reset_cooldown +0x5c, retarget +0x68, jam_vuln +0x5e..+0x64; max_ammo/flags2/guided_turn at +0x44/+0x44/+0x72 are bogus); weapon hit-particle fields decoded (Bible HitParticles +0x4c, HitPartLife +0x4e, HitPartVel +0x50 scaled *0.01, HitPartColor +0x52) and consumed by the SWParticle impact burst; beam render fields decoded (Bible Falloff +0x34 w/ 0x10 default + lightning clamp/falloff-zero normalization, BeamColor +0x36, CoronaColor +0x3a, LiDensity +0x6e (>=2), LiAmplitude +0x70 (>=1), verified vs loader 0x004bd3c0); system/stellar partial (dude types/prob, ReinfFleet rebasing + ReinfIntrval min-1 normalization, visibility, TechLevel and SpecialTech1-8 decoded; stellar tail TODO(decomp); stellar Govt+0x14 rebased (<0x80 -> -1, else -0x80) per loader line 0x004be1xx; AvailStel govt-lane gating (misn 10000+) and radar/negotiation govt lookups consume it; system decoder reconciled (Step 2): Dude1-8+0x44 and weights+0x54 split into normalized dude-class bindings or negative-encoded encounter-fleet ids/weights/count/chance; avg_ships+0x64, govt+0x66 (rebase <0x80/>0x17f -> -1), Message+0x68, Asteroids+0x6a (loader rescales by render height; raw kept, TODO), Interference+0x6c, dude_types+0x6e (rebase -0x80, <0x80/>0x47e -> -1)/dude_prob+0x7e (clamp) decoded and tested; fleet defs (fl.x91t, 128, 0x124 stride) with rebasing, spawn_system_filter, availability, arrival_message_id, carry_cargo_flags; stellar animation fields (AnimDelay/Frame0Bias = +0x470/+0x472 from payload +0x22/+0x24) and Bible CustPicID / hypergate transition frame (+0x26 from payload +0x18) decoded; ship fields include PodCount +0x4c (ShipClassDef +0xA20, consumed by destruction), OnCapture +0x3d0 (executed on escort capture), CommName +0x60e, MovieFile +0x6ae, and EscortType +0x732 with the original automatic category inference; ast_types decoded from system payload +0x94 (SystemDef +0x1f4, verified 0x80->0x711, 0x83->0x1f33); dude defs (d.x9fde family, 147 present, up to 0x200 slots, 0x4a stride) — DecodeDude re-arranges the scattered payload (ai/gov/booty/hail at +0x00/+0x02/+0x04/+0x06, ship_types at +0x08, probs at +0x28, 88-byte record) into the 74-byte DudeDef, rebases gov (-0x80 in 0x80..0x180) and each ship type (-0x80 in 0x80..0x380), validates ship types against the loaded ship table's nonexistent marker (ShipClassDef.tech_level == (short)0xd8f1); verified vs 0x80/0x81. asteroid-type rows (r.x9aid family 0x729a6964, ids 0x80..0x8f, the Metal/Ice/Dust/Crystal x Small/Medium/Big/Huge asteroid-drift classes) — DecodeAsteroidType fills the typed 16-row g_asteroid_defs table (AsteroidDef; Bible r\xf6id names: strength +0x00, spin_rate = word[0x02]*0.01, yield_type +0x04, yield_qty +0x06, part_count +0x08, PartColor +0x0a retained as 0x00RRGGBB for SDL, frag_type1/2 +0x0e/+0x10, frag_count +0x12, explode_type +0x14, mass +0x16), reproducing the loader's rebase/clamp validation, feeding the AsteroidState spawn Step 2. përs personality pass (0x004c33de): full PersDef decode (field map in Ghidra struct; verified byte-for-byte against përs 0x83 Jack Folstam) öops disaster family (DisasterDef, kDisasterResourceType 0x9a6f7073): 0x100 slots from Nova Data 2 ids 0x80..0x92, 5 payload words + ActivateOn C string + record display name, verified against the raw payloads. ShipClass InherentGovt (payload +0x48) is normalized to the two zero-based g_government_defs indexes the loader produces (0x004c149b..: 0x80..0x17f -> both, 0x468..0x567 -> attributes-only, 0x850..0x94f -> combat-only, else neither), so the mission ship-restriction filters, interface resolution and jamming lookups consume it directly; crön IndNewsStr is also decoded from payload +0x14 (cron block +0x3a) for the travel-news arm. The first c\x9alr (Nova Graphics 3 id 0x80) is parsed by NovaMainMenuStyle_Parse (src/brgr_archive.cpp); its GridDim/GridBright fields (+0x5a/+0x56, big-endian 0x00RRGGBB) drive the Outfitter/Shipyard grid frame colors. j\x9fnk family (0x6a9f6e6b, 0x80 slots, stride 0x526): DecodeJunk fills sold_at/bought_at (rebased <0x80 -> -1), base_price (clamped >=0), flags, scan_mask, lc_name/abbrev/buy_on/sell_on and the record display name; 23 present in the shipped data. ränk decoder field order (Salary/SalaryCap payload +0x06/+0x0a, Contribute +0x0e/+0x12) matches the ResForge TMPL field order and the salary/contribute consumers. Outfit similar_to name-match pass modelled in LoadFromArchives (group by identical LCName, first slot wins) and consumed by the player-info Extras/Honors lists. Ported: the ship-section default-loadout FreeMass fold (FoldShipDefaultLoadoutMass) adds the default weapon/ammo/DefaultItem PurchaseMass to ShipClassDef+0x4 after the outfit/weapon tables load; ShipClass.advertised_free_mass keeps the raw shp payload +0x0c. Ammo keying matches the loader (WeaponDef.ammo_or_energy_cost_code, mode-99 -> bank). Also decodes ShipClassDef +0x44 jump_duration_multiplier from the Flags word (bit0 0.7 / bit1 1.3 / bit2 1.6 / else 1.0, *1.3, floored 0.5) as JumpDurationMultiplierFromCapabilityFlags. Deionize loader arm (0x004c18a0) matches the original: raw>0 -> (float)(raw*0.01 double), raw<=0 -> 1.0 (no positive-value minimum). Reciprocal-link pass (0x004bf1ab..0x004c0a0d) reconstructed and gated behind !kApplyOriginalBugFixes with a BUGFIX(original) marker: the original appends A to B's first free Con slot whenever B does not link back to A's discovery slot (five genuinely one-way links in shipped Vell-os data). The sh\x95p table is 0x300 entries (resource ids 0x80..0x37f), matching the original loader loop; 0x300 is required to include the escape pod (class 0x2ff, id 0x37f). The per-class availability roll arrays are likewise 0x300 so the daily reroll pass does not overrun them.
0x004C6D50	Ui_LoadSelectionDialogResource		0%	
0x004C7040	NovaData_LoadDisplayNamePstringTables	src/game/hud_overlay.cpp	95%	Reimplemented without startup globals as NovaResources_LoadPatchedStringEntry: sparse `STR ` overrides win over their corresponding STR# entry. Wired for starmap goods names (base 9000 / STR# 4000), full commodity names (9100 / 4001), status abbreviations (9200 / 4002), and cargo-panel labels (9400 / 4003). Existing UI sites load the other fixed STR# tables directly rather than materializing 0x100-byte Pascal-string caches; only as-yet-unported consumers can still lack cached entries.
0x004C73B0	NovaResources_CopyStringResource	src/game/hud_overlay.cpp	100%	Ported as NovaResources_LoadStringResource: loads type 0x53545220 (`STR `), validates/decodes its single Pascal string, and returns nullopt when absent or malformed. Mission hail uses it for the plugin override before its STR# 7101 fallback; the port returns an owned string rather than copying raw bytes to a caller buffer.
0x004C7400	NovaPrefs_LoadOrInit	src/game/preferences.cpp	82%	Loads and validates the original little-endian 0x8c-byte version-0x69 payload from the per-user support folder (NovaPaths::SupportDirectory), resets bindings before applying the 34 persisted display rows, the locked quality/graphics fields are then forced by NovaPrefs_ApplyLockedPreferences while starmap_show_borders (+0x76) is read normally; legacy flags, sensitivity, and two opaque control shorts remain unmodeled; modern system path deliberately replaces @: volume-relative path. A separate "EV Nova Extra Prefs" INI for decomp-only settings is planned there (format TODO).
0x004C7820	NovaPrefs_SaveToDisk	src/game/preferences.cpp	82%	Writes the original little-endian 0x8c-byte version-0x69 payload at startup and both dialog commit points into the per-user support folder (NovaPaths::SupportDirectory); reserved/unsupported fields are zeroed like the original allocator, while sensitivity and two opaque control shorts remain unmodeled
0x004C7D40	PilotFile_RecordLastPilotPath	src/game/pilot_file.cpp	100%	Writes the NUL-terminated pilot path to g_pilots_path_prefix + EVNova.ini [130] S4 ("Pilots:Last Pilot"); called after successful save and load. Port writes the marker via PilotFileSaveDirectory.
0x004C7DB0	PilotFile_SaveGame	src/game/pilot_file.cpp	90%	PilotFileSaveGame builds <nova_files>/<pilot>.plt, serializes the tracked state, writes it, and records the last-pilot path. Remaining divergence: the original license/runtime guards and anti-piracy license-seed class-id zeroing are deliberately not reconstructed. The jump/travel destination passed here is rebased to the 0-based g_stellar_defs index the original expects (PilotFileStellarIndexFromResourceId) instead of a raw 0x80-based resource id. Call sites ported: Menu_RunNewGameFlow initial save, the launch tail (0x00456103, also on quit-from-dock), and the post-respawn Strict-Play save (0x0044da30, first NavDef of the new system or slot 0).
0x004C7DD0	PilotFile_SaveGameCore	src/game/pilot_file.cpp	92%	PilotFileSerialize covers the block1/block2 offsets and framing, including active escorts/fighters, përs active/visible flags, paint RGB5, date affixes, missions, world state, nickname, and ship-name trailer. Active missions retain the complete opaque 0x8e6 payload while modeled counters, runtime DateTimeRec words, and all six script buffers are overlaid; block2 +0x2006 and +0x5efe are zero-filled because the original explicitly clears them. Remaining deliberate divergence: license-seed class-id behavior. block1+0x00 is the 0-based g_stellar_defs index (PilotFileStellarIndexFromResourceId rebases resource ids); a raw resource id mis-placed the restored player. ShipState +0x72 (active secondary bank) is intentionally not written; only the weapon-bank counters are saved. Confidence high on offsets.
0x004C9E90	Menu_OpenPilotFileDialog	src/nova_app.cpp	85%	SDL3 native .plt chooser is wired asynchronously into the main menu; selected files run the original pre-load NovaShip_ResetPlayerShipState and accept PilotFileLoadSave repair status -0x2e. After a successful load the dispatcher tail runs the vacancy sweep, mission-fleet restore (flag==1 -> copy_player_heading=true), ambient NPC population and the per-system region loop (is_visible && discovery_state > 0; 0x004870c4-0x004870e7); EvaluateAvailability/Asteroid_Init stay in the spaceflight-entry pre-loop and the mission rearm tail in PilotFileLoadSave to avoid duplication, and player escorts are restored by the loader. Remaining: reputation reset, error dialogs, and the STR# 0x8c entry 0x34 repair-warning dialog.
0x004CA120	PilotData_AutoresumeLastPilot	src/game/pilot_file.cpp	90%	Reads Last Pilot exclusively from SDL's writable per-user preference path after staged startup loading; resolves the saved path, runs the original pre-load NovaShip_ResetPlayerShipState, and auto-activates only an exact-success load. Repaired (-0x2e) pilots are left inactive for explicit Open Pilot handling, matching the original caller. Remaining: reputation reset and post-load region-event/mission reaction schedule reseeding.
0x004CA2C0	PilotDebug_WritePilotLog		0%	debug-only pilotlog.txt dump (licensed runtime only); not reconstructed
0x004CB260	PilotFile_LoadSave	src/game/pilot_file.cpp	99%	File I/O, retail XOR decode, name/path restore, definition repairs, inventory/world/mission/fleet state, përs active/visible gates, paint RGB5, date affixes, mission deadline/display-name/count/rearm transient rebuild, last-pilot marker, final availability/discovery refresh, and player/escort transient reset are ported. Both port callers run NovaShip_ResetPlayerShipState first, matching the original load ownership. The active secondary bank (ShipState +0x72) is deliberately not restored: this loader never touches it, so PilotFileApply preserves the pre-load Ship_ResetPlayerShipState -1 instead of applying an unsaved default-0 field that re-selected bank 0 (the Shuttle's Light Blaster) as a secondary on reload. Deliberate compatibility divergence: converted big-endian Mac payload and Pascal nickname auto-detection. block1+0x00 is read as a 0-based g_stellar_defs index (matching 0x004cb260's direct indexing). Remaining: optional PilotDebug_WritePilotLog only.
0x004CD030	PilotFile_ProbeExists	src/game/pilot_file.cpp	90%	PilotFile_ProbeExists: reimplemented as filesystem is_regular_file probe (original opens the file); used by save tests
0x004CD040	PilotFile_Delete	src/game/pilot_file.cpp	90%	PilotFile_Delete: probe-guarded remove, same guard semantics as original
0x004CD100	ResourceData_EnsureBlockSize		0%	
0x004CD140	Resource_LoadRandomStringEntry		0%	Loads a random STR# entry into a caller buffer. The port reimplements the logic inline at each call site (e.g. mission_script.cpp LoadRandomStringListEntry) rather than as one helper, so no impl_file yet.
0x004CD1A0	Resource_AppendStringEntry		0%	
0x004CD1F0	Resource_DrawStringEntry		0%	
0x004CD230	NameString_StripSubtitleSuffix	src/game/nova_name_text.hpp	100%	
0x004CD290	PilotData_FindActivePilotName	src/game/pilot_file.cpp	80%	Scans the ch\x9ar archive family (0x63688a72) in id order for flags bit 0 at block+0x132 (big-endian u16), returns that entry's registered name (stock: .Trader, pinned by tests/intro_cinematic_test.cpp), else the empty default DAT_0056df7d; EnsureBlockSize/registry-cache slice and in-memory registry merge TODO(decomp)
0x004CD350	PilotData_ResolveStartType	src/game/new_pilot_flow.cpp	70%	ResolveStartTypeFromTemplate: ch r block+4 minus 0x80 with <0x80 -> 0 fallback; block grow/release and by-key access semantics not reproduced
0x004CD3B0	IntroCinematic_SetupFrames	src/game/intro_cinematic.cpp	95%	Faithful NovaIntroCinematic_SetupFrames: keyed block lookup by character-template name (ResourceData_AccessByKey via NovaResource_AccessCharacterBlockByKey); fills source_pict_ids block+0x20, duration_60h_ticks block+0x28 (clamped [0,300]), and intro_text_desc_id block+0x30 (Bible char IntroTextID). Absent block -> PICT 0x2008/10 ticks/desc 0x7ffd. See docs/char_resource_format.md.
0x004CD4B0	PilotData_InitializePlayerState	src/game/pilot_file.cpp	75%	Absent-block seed in PilotFile::Fresh (10000 credits, class 0, system 0, date 2250/1/1). The param_2 != 0 branch is read by CharacterTemplate_Read (0x63688a72 keyed block, big-endian, short blocks zero-padded): Cash (+0x00), ShipType (+0x04), System1-4 (+0x06), Govt1-4/Status1-4 (+0x0e/+0x16), Kills (+0x1e), start date (+0x134/+0x136/+0x138), DatePrefix/DateSuffix (+0x13a/+0x14a) and OnStart (+0x32). new_pilot_flow applies these and the random System1-4 start-system pick via PilotData_PickStartingSystem, which reuses the original selection/rejection draw cadence (port mt19937; system 0 and no draw when no slot is valid). Remaining: block grow/dirty/release semantics and the in-memory registry merge. See docs/char_resource_format.md.
0x004CD7E0	ResourceData_VerifyCatalogChecksum		0%	Full-catalog resource integrity check: sums FUN_004fe285 over 0x17 resource types and compares to the stored checksum in resource type 0x63739f6d, showing STR# 0x8c entry 7 on mismatch. Called between the startup splash and the progress-bar reveal. Deliberately not ported (licence/tamper checks out of scope); the loading bar therefore appears immediately on the startup splash instead of after this pass.
0x004CDA50	Ui_InstallGameplayInterfaceLayout	src/game/gameplay_interface.cpp	30%	layout record decode + panel rect/color/font/bg fill implemented; govt-resolution + bg PICT draw + radar rebuild not yet wired
0x004CDFA0	ResourceDb_FindRecord	src/brgr_archive.cpp	95%	NovaResourceDb::Load/LoadNamed walk archives newest-first (reverse of load order), first matching (type,id) wins, matching the prepended DB list.
0x004CE030	ResourceData_GetSlotByIndex	src/brgr_archive.cpp	90%	NovaResourceDb::LoadNthOfType walks newest-first, deducting each archive's matching-record count; within an archive records stay in map order.
0x004CE0B0	FUN_004ce0b0		0%	
0x004CE110	ResourceData_FindByKey	src/brgr_archive.cpp	90%	NovaResourceDb::LoadByKey scans newest-first comparing the record display name directly (not via id), backing ResourceData_AccessByKey.
0x004CE1A0	ResourceData_ResolveSlotByHandle		0%	
0x004CE250	FUN_004ce250		0%	snd/pict resource acquisition helper
0x004CE2A0	ResourceData_AccessByIndex		0%	
0x004CE300	ResourceData_AccessByKey	src/brgr_archive.cpp	80%	NovaResource_AccessCharacterBlockByKey: name-keyed lookup over the ch\x9ar archive family (ResourceData_FindByKey + materialize semantics) backing SetupFrames/InitializePlayerState; in-memory registry merge and block locking/initializer slice not reconstructed (needs a .plt writer, TODO(decomp))
0x004CE370	ResourceData_ReleaseEntry		0%	
0x004CE400	FUN_004ce400		0%	
0x004CE470	ResourceData_CountEntries		0%	
0x004CE480	ResourceData_ReadEntryMetadata		0%	
0x004CE4D0	ResourceArchive_OpenRez	src/brgr_archive.cpp	80%	ParseArchive reconstructs the BRGR descriptor-table and big-endian resource.map parse into entries/records.
0x004CE640	FUN_004ce640		0%	
0x004CE660	FUN_004ce660		0%	
0x004CE700	FUN_004ce700		0%	
0x004CEA20	FUN_004cea20		0%	
0x004CEA90	FUN_004cea90		0%	
0x004CEAC0	FUN_004ceac0		0%	
0x004CECF0	FUN_004cecf0		0%	
0x004CEDE0	FUN_004cede0		0%	
0x004CEEC0	FUN_004ceec0		0%	
0x004CEF50	Dialog_ParseItemList	src/brgr_archive.cpp	70%	DITL item parser reimplemented as NovaResource_LoadDialogItems: BE count, rect/type bytes, per-type tail skip, even align; validates the 8 docked Spaceport buttons
0x004CF1C0	FUN_004cf1c0		0%	
0x004CF760	UiWindow_CreateFromDialogResource	src/game/ui_dialog.cpp	60%	Ported on SDL: DLOG+DITL load and authored window-local geometry; placement is selected during the interaction frame without mutating renderer state during resource loading. Original window-surface allocation is replaced by SDL compositing.
0x004CF960	UiPanel_GetEntryInfo		0%	
0x004CF9F0	UiPanel_SetEntryRect		0%	
0x004CFA60	FUN_004cfa60		0%	
0x004CFAC0	UiPanel_GetEntryTextPascalIndexed		0%	
0x004CFB10	FUN_004cfb10		0%	
0x004CFB90	UiPanel_SetEntryTextPascal		0%	
0x004CFBE0	FUN_004cfbe0		0%	
0x004CFC10	UiPanel_GetEntryTextPascal		0%	
0x004CFC60	FUN_004cfc60		0%	
0x004CFC70	FUN_004cfc70		0%	
0x004CFCA0	UiPanel_SetTextEntrySelectionRange		0%	
0x004CFD40	UiControl_SetValue		0%	
0x004CFD80	UiControl_GetValue		0%	
0x004CFD90	FUN_004cfd90		0%	
0x004CFDC0	FUN_004cfdc0		0%	
0x004CFDD0	UiWindow_RunInteractionLoop	src/game/ui_dialog.cpp	55%	Ported per-frame modal loop: background redraw, scoped contained dialog placement, matching inverse mouse mapping and window-point probe bounds. Original window-stack compositing is replaced by SDL; existing keyboard/default-control and callback gaps remain.
0x004D0610	FUN_004d0610		0%	
0x004D0640	FUN_004d0640		0%	
0x004D0A50	FUN_004d0a50		0%	
0x004D0B70	FUN_004d0b70		0%	
0x004D0BD0	FUN_004d0bd0		0%	
0x004D0D00	UiWindow_Draw	src/game/ui_dialog.cpp	65%	Ported control drawer: bevel triples Static text (type 8) wraps via WrapDescriptionLines with real Ascent/LineHeight metrics, top-aligned and clipped to the item rect; edit text/selection/caret clip to the field rect inset by 3 (0x004bcd30/ NovaText_DrawText semantics). The item pass saves and restores the renderer clip through util::RenderClipScope.
0x004D17B0	NovaRender_GetMainWindowOwner		0%	
0x004D17E0	NovaMouse_GetWindowRelativePosition		0%	Mouse minus current window record origin. 0% unported.
0x004D1810	FUN_004d1810		0%	
0x004D1890	FUN_004d1890		0%	
0x004D18B0	FUN_004d18b0		0%	
0x004D1A30	FUN_004d1a30		0%	
0x004D1A60	NovaList_Create	src/game/nova_list_control.cpp	35%	List-control constructor (rect, row pitch, row count, scrollbar-enabled flag) modelled as the NovaListControl constructor (nova_list_control.cpp), the clean-room counterpart of the native list control. The original's text buffer, per-row offset table and draw-callback fields (+0x28/+0x2c/+0x1c) are not reproduced: the dialogs own std::vector row text and paint it through NovaUi_DrawListRow. Provisional; only the fields the mission lists consume are modelled.
0x004D1B40	NovaUtil_FreeNestedHeapBufferFieldsAndRelease		0%	
0x004D1D40	NovaList_ScrollSelectionIntoView	src/game/nova_list_control.cpp	100%	Scroll-selected-row-into-view modelled as NovaListControl::EnsureVisible: no-op when the whole list fits, otherwise scroll by (selected - current offset) so the row is just inside. Converges on the same offset as the original's minimum-delta scroll.
0x004D1DB0	NovaList_HitTestPoint	src/game/nova_list_control.cpp	60%	Point-to-row mapping modelled as NovaListControl::RowAt and the scrollbar arm as NovaListScrollbarHitTest: content clicks map to (y - list.top)/pitch + scroll, the 15px strip classifies arrow caps / above- and below-thumb page bands / thumb; on-thumb clicks are a no-op (the original has no drag). TODO(decomp): the +0x38 last-click 60 Hz tick stamp is not modelled.
0x004D1F50	NovaList_GetRowRect	src/game/nova_list_control.cpp	100%	Row rectangle modelled as NovaListControl::RowRect: list.top + (row - scroll) * pitch, list-local x/width; matches the original's FUN_004b8d80 + Rect_Offset composition.
0x004D1FB0	NovaList_ScrollByRows	src/game/nova_list_control.cpp	100%	Scroll-by-rows modelled as NovaListControl::ScrollRows: offset += delta, clamped to [0, row_count - visible_rows] with visible_rows = floor(height/pitch), exactly the original's integer clamp.
0x004D2010	NovaList_Draw	src/game/nova_list_control.cpp	50%	List redraw modelled as NovaUi_DrawListScrollbar plus the dialogs' clipped row loop: row rectangles and per-row fills/labels via NovaUi_DrawListRow, then a 15px scrollbar with frame, trough, up/down chevrons and a proportional thumb (no drag; on-thumb clicks are inert). TODO(decomp): the native grip/hash lines and exact thumb rounding.
0x004D2440	FUN_004d2440		0%	
0x004D2950	Platform_RegisterMainWindow		0%	
0x004D2A80	NovaApp_Run	src/nova_app.cpp	100%	NovaApp_Run app entry
0x004D2BD0	FUN_004d2bd0		0%	
0x004D3163	NovaPlatform_InitializeRuntime		0%	
0x004D332D	NovaPlatform_ShutdownRuntime		0%	
0x004D3356	NovaPlatform_IsRuntimeInitialized		0%	
0x004D335C	NovaPlatform_RunIdleCallbacks		0%	
0x004D339E	NovaPlatform_SleepWhilePumpingIdleCallbacks		0%	
0x004D3457	NovaPlatform_RegisterIdleCallback		0%	
0x004D34A0	NovaPlatform_FindShutdownCallback		0%	
0x004D34CF	NovaPlatform_TerminateRuntime		0%	
0x004D3589	NovaPlatform_ReleaseTlsInitLock		0%	
0x004D35EA	NovaPlatform_HasTlsInitLock		0%	
0x004D361F	NovaPlatform_GetHiddenWindow		0%	
0x004D3632	NovaPlatform_SetHiddenWindow		0%	
0x004D363C	NovaPlatform_FindWindowMessageHandler		0%	
0x004D3667	NovaPlatform_HiddenWindowProc		0%	
0x004D36B9	NovaPlatform_FindConsoleWindowByTempTitle		0%	
0x004D376D	NovaPlatform_EnsureHiddenWindow		0%	
0x004D394B	NovaPlatform_SuspendThread		0%	
0x004D3956	NovaPlatform_ResumeThread		0%	
0x004D3961	NovaTime_GetLocalUnixSeconds		0%	
0x004D3967	NovaTime_GetUtcUnixSeconds		0%	
0x004D39F6	NovaTime_GetLocalUnixSeconds_2		0%	
0x004D3A85	NovaTime_GetMillisecondsSinceRuntimeInit		0%	
0x004D3AE6	NovaTime_PrimeTickCount		0%	
0x004D3AF5	NovaTime_GetMillisecondsPerSecond		0%	
0x004D3B08	NovaTime_GetMicroseconds		0%	
0x004D3DD2	NovaTime_GetMilliseconds		0%	
0x004D3FF5	NovaPlatform_CreateWorkerThread		0%	
0x004D415A	NovaPlatform_SetWorkerThreadDelay		0%	
0x004D41F1	NovaPlatform_DestroyWorkerThread		0%	
0x004D435B	NovaPlatform_WorkerThreadMain		0%	
0x004D4420	NovaTime_GetCurrentTimeCount		0%	
0x004D4430	FUN_004d4430		0%	
0x004D4480	FUN_004d4480		0%	NovaTime_GetSharewareDayCounter: (UTC now - DAT_00870900)/0x15180 + 1 with a 0x5a floor for pre-release clocks. Not reimplemented (shareware trial state deliberately absent from the clean-room).
0x004D44C0	License_GetTokenBitmask		0%	
0x004D44E0	License_ComputeToken		0%	
0x004D4500	License_GetRegBufferPtr		0%	
0x004D4510	License_ComputeSeed		0%	
0x004D45A0	FUN_004d45a0		0%	
0x004D45C0	FUN_004d45c0		0%	
0x004D46E0	License_PeriodicTamperCheck		0%	
0x004D4740	Product_RegisterInfoStrings		0%	
0x004D4900	FUN_004d4900		0%	
0x004D4BA0	NovaConfig_LoadRuntimeSettings		0%	
0x004D4F70	NovaConfig_LoadLicenseState		0%	
0x004D5180	FUN_004d5180		0%	
0x004D5460	FUN_004d5460		0%	
0x004D5990	FUN_004d5990		0%	
0x004D5A00	Util_PackNibbleKey32		0%	
0x004D5A70	FUN_004d5a70		0%	
0x004D5B10	FUN_004d5b10		0%	
0x004D5C80	FUN_004d5c80		0%	
0x004D5CD0	FUN_004d5cd0		0%	
0x004D5E10	NovaTime_GetTicksMs		0%	
0x004D5E90	NovaMainLoop_WaitFrameBudgetMs		0%	
0x004D6000	FUN_004d6000		0%	
0x004D6010	CString_Copy		0%	
0x004D6030	CString_CopyBounded		0%	
0x004D6070	CString_Append		0%	
0x004D60A0	CString_Compare		0%	
0x004D60E0	FUN_004d60e0		0%	
0x004D6120	FUN_004d6120		0%	
0x004D6150	FUN_004d6150		0%	
0x004D6290	NovaAudio_Initialize		0%	
0x004D6440	FUN_004d6440		0%	
0x004D64B0	NovaAudio_GetOutputLevelByte		0%	
0x004D64D0	OsHeap_FreeInternal		0%	
0x004D64F0	NovaAudio_FillVoiceSlotDescriptor	src/sdl_audio.cpp	90%	Runs inline in SdlAudio::Play: one voice, fixed 1.0 playback rate, centered mono gain, priority_width preserved. SDL stream setup replaces original backend descriptors and owner-link allocation.
0x004D6550	Audio_AllocateVoiceSlot	src/sdl_audio.cpp	90%	SDL replacement preserves the 16-slot ordered insertion policy: scan until incoming width and effective level both meet/exceed an entry, insert there, evict the final entry when full, or reject when none qualifies. DirectSound handles and callback fields are deliberately replaced by RAII SDL streams.
0x004D6770	NovaAudio_CountActiveByHandle	src/sdl_audio.cpp	90%	SdlAudio::CountActiveByKey counts draining voices with matching resource key. Original also accepts owner-link ids and handle 0 as count-all; neither form is needed by reconstructed callsites.
0x004D67D0	NovaAudio_UnregisterCallbacks	src/sdl_audio.cpp	85%	SdlAudio::StopByKey clears all active streams matching a resource key, matching gameplay cancellation behavior. Original callback invocation and owner-link matching are not modelled.
0x004D6890	FUN_004d6890		0%	
0x004D6900	NovaSound_ExpandIma4Samples		0%	snd sample expansion (v+0x80) dup quirk; decoded in NovaSound_DecodePayload
0x004D6B90	FUN_004d6b90		0%	
0x004D6D00	FUN_004d6d00		0%	
0x004D6D30	FUN_004d6d30		0%	
0x004D6E60	NovaSound_DecodePayload	src/brgr_archive.cpp	60%	snd payload decoder (NovaSound_DecodePayload): format-1 'ima4' extended + 'NONE' 8-bit + format-2 'NONE' 8-bit sub-formats; covers menu blips (600/601/602/603) and weapon fire sounds (snd 200..235, slot->200+slot); other AIFC/16-bit sub-forms still unsupported
0x004D7240	NovaInputQueue_DispatchNextCommand		0%	
0x004D72A0	NovaInputQueue_PeekCommand		0%	
0x004D72F0	FUN_004d72f0		0%	
0x004D7330	FUN_004d7330		0%	
0x004D79A0	FUN_004d79a0		0%	
0x004D7A80	Platform_WindowMessageInit		0%	
0x004D7AE0	FUN_004d7ae0		0%	
0x004D7AF0	Settings_EnableRawInputPoll		0%	
0x004D7B00	FUN_004d7b00		0%	
0x004D7B10	NovaPlatform_IsInputReady		0%	
0x004D7B20	Mouse_GetPositionClamped		0%	
0x004D7BA0	FUN_004d7ba0		0%	
0x004D7D00	FUN_004d7d00		0%	
0x004D7DA0	FUN_004d7da0		0%	
0x004D7F20	MemManager_Start		0%	
0x004D82D0	FUN_004d82d0		0%	
0x004D86D0	NovaHeap_Alloc		0%	
0x004D8710	FUN_004d8710		0%	
0x004D87D0	NovaHeap_Free		0%	
0x004D87F0	FUN_004d87f0		0%	
0x004D8890	FUN_004d8890		0%	
0x004D8AE0	FUN_004d8ae0		0%	
0x004D8B00	FUN_004d8b00		0%	
0x004D8B20	NovaHeap_GetAllocatedBytes		0%	
0x004D8B80	FUN_004d8b80		0%	
0x004D8BA0	FUN_004d8ba0		0%	
0x004D8BB0	FUN_004d8bb0		0%	
0x004D8C20	FUN_004d8c20		0%	
0x004D8CE0	FUN_004d8ce0		0%	
0x004D8D60	FUN_004d8d60		0%	
0x004D8EE0	NovaHeap_DumpBlockList		0%	
0x004D9090	FUN_004d9090		0%	
0x004D9920	FUN_004d9920		0%	
0x004D9B10	Path_GetModulePathMac		0%	Full path -> Mac-style "<drive>:a:b" prefix string. Unported.
0x004D9C70	QuickTime_EnterQTML		0%	
0x004D9C90	Ui_ShowErrorDialog		0%	
0x004D9D10	FUN_004d9d10		0%	
0x004D9E10	QuickTime_CheckInternetExtras		0%	
0x004D9E30	QuickTime_RunShutdownCheck		0%	
0x004D9E50	FUN_004d9e50		0%	
0x004D9E70	FUN_004d9e70		0%	
0x004D9E90	FUN_004d9e90		0%	
0x004D9EB0	FUN_004d9eb0		0%	
0x004D9ED0	FUN_004d9ed0		0%	
0x004D9EF0	FUN_004d9ef0		0%	
0x004D9F10	FUN_004d9f10		0%	
0x004D9F30	FUN_004d9f30		0%	
0x004D9F50	FUN_004d9f50		0%	
0x004D9F70	FUN_004d9f70		0%	
0x004D9F90	FUN_004d9f90		0%	
0x004D9FB0	FUN_004d9fb0		0%	
0x004D9FD0	FUN_004d9fd0		0%	
0x004D9FF0	FUN_004d9ff0		0%	
0x004DA010	FUN_004da010		0%	
0x004DA030	FUN_004da030		0%	
0x004DA050	FUN_004da050		0%	
0x004DA070	FUN_004da070		0%	
0x004DA090	FUN_004da090		0%	
0x004DA0B0	FUN_004da0b0		0%	
0x004DA0D0	FUN_004da0d0		0%	
0x004DA0F0	FUN_004da0f0		0%	
0x004DA110	FUN_004da110		0%	
0x004DA12A	MemOrStream_SetupBackend		0%	
0x004DA2AD	FUN_004da2ad		0%	
0x004DA370	MemOrStream_OpenOrResolvePath		0%	
0x004DA40F	MemOrStream_FUN_004da40f		0%	
0x004DA450	MemOrStream_FUN_004da450		0%	
0x004DA480	MemOrStream_FUN_004da480		0%	
0x004DA738	MemOrStream_FUN_004da738		0%	
0x004DA8C8	MemOrStream_FUN_004da8c8		0%	
0x004DAAF0	MemOrStream_FUN_004daaf0		0%	
0x004DABE9	MemOrStream_FUN_004dabe9		0%	
0x004DAC8A	MemOrStream_FUN_004dac8a		0%	
0x004DACCC	MemOrStream_ReadBoundedViaCallback		0%	
0x004DAD00	MemOrStream_FUN_004dad00		0%	
0x004DAD25	MemOrStream_FUN_004dad25		0%	
0x004DAD42	MemOrStream_FUN_004dad42		0%	
0x004DAD5F	MemOrStream_FUN_004dad5f		0%	
0x004DAD8B	MemOrStream_FUN_004dad8b		0%	
0x004DAE5F	FUN_004dae5f		0%	
0x004DB160	FUN_004db160		0%	
0x004DB183	FUN_004db183		0%	
0x004DB18C	FUN_004db18c		0%	
0x004DB23E	FUN_004db23e		0%	
0x004DB2F5	FUN_004db2f5		0%	
0x004DB31B	Palette_BuildDepthLookupTable		0%	
0x004DB4DF	FUN_004db4df		0%	
0x004DB4F3	FUN_004db4f3		0%	
0x004DB4F9	FUN_004db4f9		0%	
0x004DB721	FUN_004db721		0%	
0x004DB7CB	FUN_004db7cb		0%	
0x004DB7D9	FUN_004db7d9		0%	
0x004DB7E7	FUN_004db7e7		0%	
0x004DB810	FUN_004db810		0%	
0x004DB81B	FUN_004db81b		0%	
0x004DB826	FUN_004db826		0%	
0x004DB831	FUN_004db831		0%	
0x004DB9B0	FUN_004db9b0		0%	
0x004DBB37	FUN_004dbb37		0%	
0x004DBC5E	FUN_004dbc5e		0%	
0x004DBCE3	FUN_004dbce3		0%	
0x004DBD13	FUN_004dbd13		0%	
0x004DBD6A	FUN_004dbd6a		0%	
0x004DBFCC	FUN_004dbfcc		0%	
0x004DC069	FUN_004dc069		0%	
0x004DC110	FUN_004dc110		0%	
0x004DC1B7	FUN_004dc1b7		0%	
0x004DC26F	FUN_004dc26f		0%	
0x004DC314	FUN_004dc314		0%	
0x004DC55C	FUN_004dc55c		0%	
0x004DC80E	FUN_004dc80e		0%	
0x004DC8F6	FUN_004dc8f6		0%	
0x004DC9F8	FUN_004dc9f8		0%	
0x004DCAFA	FUN_004dcafa		0%	
0x004DCC0D	FUN_004dcc0d		0%	
0x004DCD0D	FUN_004dcd0d		0%	
0x004DCFA9	FUN_004dcfa9		0%	
0x004DD278	FUN_004dd278		0%	
0x004E7389	FUN_004e7389		0%	
0x004E7446	FUN_004e7446		0%	
0x004E7767	FUN_004e7767		0%	
0x004E7A99	FUN_004e7a99		0%	
0x004E7D39	FUN_004e7d39		0%	
0x004E803F	FUN_004e803f		0%	
0x004E8356	FUN_004e8356		0%	
0x004E85C2	FUN_004e85c2		0%	
0x004E8882	FUN_004e8882		0%	
0x004E8B5F	FUN_004e8b5f		0%	
0x004E97FA	FUN_004e97fa		0%	
0x004E9F32	FUN_004e9f32		0%	
0x004EA028	FUN_004ea028		0%	
0x004EA377	FUN_004ea377		0%	
0x004EA3C9	FUN_004ea3c9		0%	
0x004EA43E	FUN_004ea43e		0%	
0x004EA528	FUN_004ea528		0%	
0x004EA683	FUN_004ea683		0%	
0x004EA80C	Stream_ReadBytes		0%	
0x004EA850	FUN_004ea850		0%	
0x004EA90B	FUN_004ea90b		0%	
0x004EAA61	FUN_004eaa61		0%	
0x004EAA81	FUN_004eaa81		0%	
0x004EAAC3	UiTool_RegisterWindowClasses		0%	
0x004EADB7	FUN_004eadb7		0%	
0x004EAE38	FUN_004eae38		0%	
0x004EAE3E	FUN_004eae3e		0%	
0x004EB5D4	FUN_004eb5d4		0%	
0x004EB6CA	FUN_004eb6ca		0%	
0x004EB76D	CString_MeasureLength		0%	
0x004EB784	MWRuntime_FUN_004eb784		0%	
0x004EB7C2	CString_Copy		0%	
0x004EB7E6	CString_CopyBounded		0%	
0x004EB81D	CString_AppendBounded		0%	
0x004EB866	CString_Compare		0%	
0x004EB89C	CString_CompareBounded		0%	
0x004EB8E2	CString_SplitNextTokenInPlace		0%	
0x004EB92E	CString_FindSubstring		0%	
0x004EB96D	CString_FindFirstOf		0%	
0x004EB994	CString_FormatUInt		0%	
0x004EB9F2	CString_ParseUInt		0%	
0x004EBA1B	CString_CopyUppercaseBounded		0%	
0x004EBA96	CString_CopyLowercaseBounded		0%	
0x004EBB11	CString_ToUpperInPlace		0%	
0x004EBB22	CString_ToLowerInPlace		0%	
0x004EBB33	CString_Format		0%	
0x004EBB62	CString_FormatBounded		0%	
0x004EBB93	CString_VFormatBounded		0%	
0x004EC234	MWRuntime_FUN_004ec234		0%	
0x004EC35B	MWRuntime_FUN_004ec35b		0%	
0x004EC420	FUN_004ec420		0%	
0x004EC480	FUN_004ec480		0%	
0x004EC670	FUN_004ec670		0%	
0x004EC6C0	NovaRender_PresentFrame		0%	
0x004EC960	NovaRender_QueuePresentAndSwap		0%	
0x004EC990	NovaRender_ShutdownGraphics		0%	
0x004ECBD0	VideoMode_ApplySnapshot		0%	
0x004EE300	FUN_004ee300		0%	
0x004EE5A0	FUN_004ee5a0		0%	
0x004EE6F0	FUN_004ee6f0		0%	
0x004EE7A0	NovaBootstrap_CheckInstallAndRegister		0%	
0x004EEA80	FUN_004eea80		0%	
0x004EEBE0	FUN_004eebe0		0%	
0x004EECE0	MWRuntime_SqrtWithErrno		0%	
0x004EED20	Math_Sqrt		0%	
0x004EED40	FUN_004eed40		0%	
0x004EED60	FUN_004eed60		0%	
0x004EED80	FUN_004eed80		0%	
0x004EEDB0	CString_Length		0%	
0x004EEE50	FUN_004eee50		0%	
0x004EEE90	FUN_004eee90		0%	
0x004EEEA0	FUN_004eeea0		0%	
0x004EEF30	FUN_004eef30		0%	
0x004EEF70	FUN_004eef70		0%	
0x004EEFC0	FUN_004eefc0		0%	
0x004EEFF0	MWRuntime_FUN_004eeff0		0%	
0x004EF4F0	MWRuntime_FUN_004ef4f0		0%	
0x004EF6E0	MWRuntime_FUN_004ef6e0		0%	
0x004EF930	MWRuntime_FUN_004ef930		0%	
0x004EFC90	FUN_004efc90		0%	
0x004EFD70	MWRuntime_FUN_004efd70		0%	
0x004F04A0	FUN_004f04a0		0%	
0x004F0EB0	Stream_Printf		0%	
0x004F0F50	FUN_004f0f50		0%	
0x004F0FB0	FUN_004f0fb0		0%	
0x004F0FD0	FUN_004f0fd0		0%	
0x004F1000	FUN_004f1000		0%	
0x004F1080	FUN_004f1080		0%	
0x004F1180	FUN_004f1180		0%	
0x004F11C0	FUN_004f11c0		0%	
0x004F1290	FUN_004f1290		0%	
0x004F13D0	FUN_004f13d0		0%	
0x004F13F0	FUN_004f13f0		0%	
0x004F1410	FUN_004f1410		0%	
0x004F1430	FUN_004f1430		0%	
0x004F1450	FUN_004f1450		0%	
0x004F1470	FUN_004f1470		0%	
0x004F1490	FUN_004f1490		0%	
0x004F14B0	FUN_004f14b0		0%	
0x004F14D0	thunk_FUN_004f13d0		0%	
0x004F14E0	thunk_FUN_004f13f0		0%	
0x004F1500	FUN_004f1500		0%	
0x004F15A0	QuickTime_Initialize		0%	
0x004F1750	QuickTime_Terminate		0%	
0x004F1800	FUN_004f1800		0%	
0x004F1850	NovaUtil_RegisterGlobalPair		0%	
0x004F18A0	NovaUtil_UnregisterGlobalPair		0%	
0x004F1900	FUN_004f1900		0%	
0x004F1920	NovaPlatform_PollCommandEvent		0%	
0x004F1940	FUN_004f1940		0%	
0x004F1990	String_ExpandControlCode		0%	
0x004F1A20	FUN_004f1a20		0%	
0x004F1A50	FUN_004f1a50		0%	
0x004F1A80	Platform_ShowCursorForce		0%	
0x004F1B00	FUN_004f1b00		0%	
0x004F1B20	MWRuntime_FUN_004f1b20		0%	
0x004F1C50	FUN_004f1c50		0%	
0x004F1C70	FUN_004f1c70		0%	
0x004F1CA0	FUN_004f1ca0		0%	
0x004F22B0	FUN_004f22b0		0%	
0x004F22E0	FUN_004f22e0		0%	
0x004F2310	FUN_004f2310		0%	
0x004F2350	FUN_004f2350		0%	
0x004F23D0	FUN_004f23d0		0%	
0x004F2430	FUN_004f2430		0%	
0x004F24C0	FUN_004f24c0		0%	
0x004F2530	FUN_004f2530		0%	
0x004F25F0	FUN_004f25f0		0%	
0x004F2650	FUN_004f2650		0%	
0x004F2720	FUN_004f2720		0%	
0x004F27D0	FUN_004f27d0		0%	
0x004F2800	FUN_004f2800		0%	
0x004F2870	FUN_004f2870		0%	
0x004F28F0	FUN_004f28f0		0%	
0x004F2970	NovaHeap_AllocZeroed		0%	
0x004F29C0	FUN_004f29c0		0%	
0x004F2A10	FUN_004f2a10		0%	
0x004F2A30	FUN_004f2a30		0%	
0x004F2A50	FUN_004f2a50		0%	
0x004F2A6A	FUN_004f2a6a		0%	
0x004F2B4E	FUN_004f2b4e		0%	
0x004F2C78	FUN_004f2c78		0%	
0x004F2D0F	Platform_QueryRegistrationState		0%	
0x004F2E98	FUN_004f2e98		0%	
0x004F339B	FUN_004f339b		0%	
0x004F33AA	FUN_004f33aa		0%	
0x004F33B9	FUN_004f33b9		0%	
0x004F33D1	FUN_004f33d1		0%	
0x004F340C	FUN_004f340c		0%	
0x004F341A	FUN_004f341a		0%	
0x004F36C3	FUN_004f36c3		0%	
0x004F3709	FUN_004f3709		0%	
0x004F374F	ImlNetwork_ParseModeString		0%	
0x004F3817	FUN_004f3817		0%	
0x004F3B4C	FUN_004f3b4c		0%	
0x004F3C1F	FUN_004f3c1f		0%	
0x004F3CCC	FUN_004f3ccc		0%	
0x004F3E0A	FUN_004f3e0a		0%	
0x004F3E67	FUN_004f3e67		0%	
0x004F3F01	FUN_004f3f01		0%	
0x004F3FB1	FUN_004f3fb1		0%	
0x004F40AC	FUN_004f40ac		0%	
0x004F420B	FUN_004f420b		0%	
0x004F42CD	FUN_004f42cd		0%	
0x004F4513	FUN_004f4513		0%	
0x004F4650	FUN_004f4650		0%	
0x004F4774	NetQuery_ResetEntryArray		0%	
0x004F47F1	FUN_004f47f1		0%	
0x004F4925	FUN_004f4925		0%	
0x004F4B1C	NetQuery_FUN_004f4b1c		0%	
0x004F4C79	NetQuery_InitEntryArray		0%	
0x004F4D6B	FUN_004f4d6b		0%	
0x004F4DE4	FUN_004f4de4		0%	
0x004F4E7C	FUN_004f4e7c		0%	
0x004F4FBE	NetQuery_HandlePeerMetadataResponse		0%	
0x004F5219	NetQuery_HandleKindCountResponse		0%	
0x004F54F6	NetQuery_HandleLookupAddressResponse		0%	
0x004F5583	NetQuery_HandleLookupQueueResponse		0%	
0x004F56EF	NetQuery_HandleMatchRequestAck		0%	
0x004F578E	NetQuery_HandleKindRecordResponse		0%	
0x004F59B2	NetQuery_HandleInviteRequestAck		0%	
0x004F5A51	NetQuery_HandleProbeRequestAck		0%	
0x004F5B48	NetQuery_HandleServerStatusResponse		0%	
0x004F5CEC	NetQuery_HandlePendingRequestCompletion		0%	
0x004F5D7D	NetQuery_HandleLookupBlockResponse		0%	
0x004F5F33	NetQuery_SendPacketAck		0%	
0x004F5FB8	NetQuery_HandleKindListChangedAndAck		0%	
0x004F60C6	NetQuery_HandleIncomingMessageAndAck		0%	
0x004F62B4	NetQuery_HandleIncomingMatchRequest		0%	
0x004F643E	NetQuery_HandleIncomingInviteRequest		0%	
0x004F6601	NetQuery_CreatePendingPeerRequest		0%	
0x004F66B7	NetQuery_SendPeerRequest		0%	
0x004F6940	FUN_004f6940		0%	
0x004F69D1	FUN_004f69d1		0%	
0x004F6A47	FUN_004f6a47		0%	
0x004F6DC1	NetQuery_FUN_004f6dc1		0%	
0x004F705C	FUN_004f705c		0%	
0x004F7223	NetQuery_FUN_004f7223		0%	
0x004F72C5	NetQuery_FUN_004f72c5		0%	
0x004F7474	FUN_004f7474		0%	
0x004F7571	NetQuery_FUN_004f7571		0%	
0x004F77E9	FUN_004f77e9		0%	
0x004F78C3	NetQuery_FUN_004f78c3		0%	
0x004F79B3	NetQuery_FUN_004f79b3		0%	
0x004F7B7E	FUN_004f7b7e		0%	
0x004F7C96	NetQuery_FUN_004f7c96		0%	
0x004F7DC3	FUN_004f7dc3		0%	
0x004F7EB7	FUN_004f7eb7		0%	
0x004F8245	FUN_004f8245		0%	
0x004F83A8	NetQueryAsync_PumpRetriesAndTimeouts		0%	
0x004F8610	NetQuery_FUN_004f8610		0%	
0x004F8694	NetQuery_FUN_004f8694		0%	
0x004F8733	FUN_004f8733		0%	
0x004F87E1	FUN_004f87e1		0%	
0x004F8852	FUN_004f8852		0%	
0x004F88E6	NetQuery_FUN_004f88e6		0%	
0x004F8A31	NetQuery_FUN_004f8a31		0%	
0x004F8B05	FUN_004f8b05		0%	
0x004F9309	FUN_004f9309		0%	
0x004F9899	FUN_004f9899		0%	
0x004F9910	Display_SnapshotSettings		0%	
0x004F9940	Display_ApplySnapshot		0%	
0x004F99A0	FUN_004f99a0		0%	
0x004F9B40	FUN_004f9b40		0%	
0x004F9C00	Platform_AcquireSingleInstanceLock		0%	
0x004F9D76	FUN_004f9d76		0%	
0x004F9DEC	FUN_004f9dec		0%	
0x004F9EA1	FUN_004f9ea1		0%	
0x004F9ED5	FUN_004f9ed5		0%	
0x004F9FB9	FUN_004f9fb9		0%	
0x004FA0AD	FUN_004fa0ad		0%	
0x004FA149	NetQueryEntryArray_Create		0%	
0x004FA250	FUN_004fa250		0%	
0x004FA2CD	FUN_004fa2cd		0%	
0x004FA351	FUN_004fa351		0%	
0x004FACCC	FUN_004faccc		0%	
0x004FB01D	FUN_004fb01d		0%	
0x004FB509	FUN_004fb509		0%	
0x004FB52D	NetQueryEntryArray_FUN_004fb52d		0%	
0x004FB5E6	NetQueryEntryArray_Destroy		0%	
0x004FB644	NetQueryEntryArray_FUN_004fb644		0%	
0x004FB669	NetQueryEntryArray_FUN_004fb669		0%	
0x004FB694	NetQueryEntryArray_FUN_004fb694		0%	
0x004FB6A9	FUN_004fb6a9		0%	
0x004FB9E4	NetQueryEntryArray_FUN_004fb9e4		0%	
0x004FBA37	NetQueryEntryArray_FUN_004fba37		0%	
0x004FBA6E	NetQueryEntryArray_FUN_004fba6e		0%	
0x004FBAC1	NetQueryEntryArray_FUN_004fbac1		0%	
0x004FBAF8	NetQueryEntryArray_FUN_004fbaf8		0%	
0x004FBB32	FUN_004fbb32		0%	
0x004FBC47	FUN_004fbc47		0%	
0x004FBC5C	FUN_004fbc5c		0%	
0x004FBD31	FUN_004fbd31		0%	
0x004FBD55	FUN_004fbd55		0%	
0x004FBD7C	NetQueryEntryArray_GetNthEntry		0%	
0x004FBE7D	FUN_004fbe7d		0%	
0x004FBE9C	FUN_004fbe9c		0%	
0x004FBEC0	FUN_004fbec0		0%	
0x004FBF20	FUN_004fbf20		0%	
0x004FBF50	FUN_004fbf50		0%	
0x004FBFE0	FUN_004fbfe0		0%	
0x004FC080	FUN_004fc080		0%	
0x004FC120	FUN_004fc120		0%	
0x004FC170	FUN_004fc170		0%	
0x004FC1C0	PascalString_ToCString		0%	
0x004FC1F0	FUN_004fc1f0		0%	
0x004FC270	FUN_004fc270		0%	
0x004FC290	FUN_004fc290		0%	
0x004FC2B0	FUN_004fc2b0		0%	
0x004FC2D0	FUN_004fc2d0		0%	
0x004FC2F0	FUN_004fc2f0		0%	
0x004FC310	FUN_004fc310		0%	
0x004FC330	FUN_004fc330		0%	
0x004FC350	FUN_004fc350		0%	
0x004FC370	FUN_004fc370		0%	
0x004FC390	FUN_004fc390		0%	
0x004FC3B0	FUN_004fc3b0		0%	
0x004FC3D0	FUN_004fc3d0		0%	
0x004FC3F0	FUN_004fc3f0		0%	
0x004FC430	FUN_004fc430		0%	
0x004FC4E0	FUN_004fc4e0		0%	
0x004FC570	FUN_004fc570		0%	
0x004FCA30	FUN_004fca30	src/pict_image.cpp	80%	Endian-converting 36-byte PixMap-header copy is represented inline in Resource_LoadPictAsImage by direct big-endian field reads (including pixelSize/cmpCount and the 32->24-bit demotion input); destination-copy and pmTable handle semantics are not applicable to the file-based parser
0x004FCAC0	FUN_004fcac0	src/pict_image.cpp	60%	Row expander: 1-bit MSB-first expansion semantics confirmed and used via the monochrome path; 2/4-bit expansion branches and raw passthrough cases remain unported
0x004FCC00	Pict_DecodePixmapRows	src/pict_image.cpp	70%	PICT row decoder: packbits + raw-copy paths, masked-rowBytes 1-byte/BE16 length rule, 1-bit expansion and 8-bit indexed palette output used by PICTs 0x81/0x82/0x8b; depth-0x20 4-component path and output-buffer aliasing details remain out of scope
0x004FD0A0	Pict_ParseDirectBitsRect	src/pict_image.cpp	70%	Opcode walker ported (DAT_00570344 operand table, 0x0001 rect dim override, region/length skips, v2 scan from 0x0011 0x02FF) + BitsRect parse incl. 8-bit indexed ColorTable (sequential ctFlags) and default DAT_005705cc palette; v1 byte-opcode walking and QuickTime 0x8200/0x8201 path TODO(decomp)
0x004FDB60	FUN_004fdb60		0%	
0x004FDB90	FUN_004fdb90		0%	
0x004FDBF0	FUN_004fdbf0		0%	
0x004FDC70	FUN_004fdc70		0%	
0x004FDCB0	FUN_004fdcb0		0%	
0x004FDDD0	FUN_004fddd0		0%	
0x004FDE20	FUN_004fde20		0%	
0x004FDE40	FUN_004fde40		0%	
0x004FDEA0	FUN_004fdea0		0%	
0x004FDEC0	ThreadSafe_CallUnderLock		0%	
0x004FDEF0	Platform_ExitProcess		0%	
0x004FDF10	FUN_004fdf10		0%	
0x004FDF40	thunk_Resource_LoadPixPatAsImage	src/pixpat_image.cpp	100%	Thunk to Resource_LoadPixPatAsImage (0x0087293e). The port calls the decoder body directly from Resource_LoadPixPatAsImage.
0x004FE1F9	MemOrStream_FUN_004fe1f9		0%	
0x004FE22C	MemOrStream_Alloc		0%	
0x004FE25F	MemOrStream_FUN_004fe25f		0%	
0x004FE285	FUN_004fe285		0%	
0x004FE2B0	FUN_004fe2b0		0%	
0x004FE2C3	FUN_004fe2c3		0%	
0x004FE31A	MemOrStream_FUN_004fe31a		0%	
0x004FE338	MemOrStream_FUN_004fe338		0%	
0x004FE356	MemOrStream_FUN_004fe356		0%	
0x004FE3DE	MemOrStream_AllocHandleSlot		0%	
0x004FE493	MemOrStream_FUN_004fe493		0%	
0x004FE4B5	MemOrStream_FUN_004fe4b5		0%	
0x004FE501	MemOrStream_FUN_004fe501		0%	
0x004FE546	MemOrStream_FUN_004fe546		0%	
0x004FE5B8	Stream_GetPosition		0%	
0x004FE5CD	MemOrStream_FUN_004fe5cd		0%	
0x004FE636	FUN_004fe636		0%	
0x004FE64B	MemOrStream_FUN_004fe64b		0%	
0x004FE674	MemOrStream_FUN_004fe674		0%	
0x004FE6F1	MemOrStream_FUN_004fe6f1		0%	
0x004FE74E	MemOrStream_FUN_004fe74e		0%	
0x004FE7C3	MemOrStream_FUN_004fe7c3		0%	
0x004FE82C	MemOrStream_FUN_004fe82c		0%	
0x004FE884	MemOrStream_FUN_004fe884		0%	
0x004FE949	MemOrStream_FUN_004fe949		0%	
0x004FF112	MemOrStream_FUN_004ff112		0%	
0x004FF774	MemOrStream_ValidateHandleTable		0%	
0x004FF830	FUN_004ff830		0%	
0x004FF850	FUN_004ff850		0%	
0x004FF870	FUN_004ff870		0%	
0x004FF8A0	FUN_004ff8a0		0%	
0x004FF900	ResourceDb_RegisterArchive	src/brgr_archive.cpp	90%	Prepend semantics modelled by loading archives oldest-first and walking archives_ in reverse for every lookup, so later archives shadow earlier ones.
0x004FF950	MWRuntime_FUN_004ff950		0%	
0x004FFA00	IniConfig_ParseText		0%	
0x004FFC50	IniConfig_LoadFromFile		0%	
0x004FFCC0	IniConfig_Destroy		0%	
0x004FFD30	IniConfig_SaveToFile		0%	
0x004FFEB0	IniConfig_FindSection		0%	
0x004FFF10	IniConfig_AppendSection		0%	
0x004FFF90	IniConfig_GetValueString		0%	
0x00500080	IniConfig_AppendKeyValue		0%	
0x00500120	Stream_ReadLocked		0%	
0x00500180	Stream_ReadCore		0%	
0x00500480	Stream_WriteLocked		0%	
0x005004F0	Stream_WriteCore		0%	
0x00500810	BrgrResource_FindEntryByName		0%	
0x00500910	BrgrResource_CloneAndRelocateTable		0%	
0x00500BF0	BrgrResource_BuildOffsetIndex		0%	
0x00500D80	FUN_00500d80		0%	
0x00500F80	FUN_00500f80		0%	
0x00501040	FUN_00501040		0%	
0x005010F0	FUN_005010f0		0%	
0x00501710	FUN_00501710		0%	
0x00501740	FUN_00501740		0%	
0x00501CE0	FUN_00501ce0		0%	
0x00501D50	FUN_00501d50		0%	
0x00501E30	FUN_00501e30		0%	
0x00501EB0	FUN_00501eb0		0%	
0x00501EF0	ResourceData_FindNodeForHandle		0%	Resource-registry handle lookup: walks registry nodes (head DAT_00864f38) to find the owner of a locked block handle; used by ResourceData_ResolveSlotByHandle and ResourceData_ReleaseEntry.
0x00501FF0	FUN_00501ff0		0%	
0x00502080	FUN_00502080		0%	
0x00502490	FUN_00502490		0%	
0x005024A0	FUN_005024a0		0%	
0x00502860	FUN_00502860		0%	
0x00502970	FUN_00502970		0%	
0x00502CB0	FUN_00502cb0		0%	
0x00502FE0	FUN_00502fe0		0%	
0x00503390	FUN_00503390		0%	
0x00503BE0	NovaUtil_FormatMusicSongPath		0%	
0x00503C10	FUN_00503c10		0%	
0x00503C40	FUN_00503c40		0%	
0x00503C60	FUN_00503c60		0%	
0x00503CA0	FUN_00503ca0		0%	
0x00503D30	FUN_00503d30		0%	
0x00503D90	FUN_00503d90		0%	
0x00503DD0	FUN_00503dd0		0%	
0x00503DF0	FUN_00503df0		0%	
0x00503E80	FUN_00503e80		0%	
0x00503EE0	FUN_00503ee0		0%	
0x00503EF0	NovaUtil_PrintUInt		0%	
0x00503F30	NovaProgramEntry	src/nova_app.cpp	100%	NovaProgramEntry main wrapper; port-only top-level try/catch logs escaped exceptions (original always had a console)
0x00504026	FUN_00504026		0%	
0x00504287	FUN_00504287		0%	
0x005043A1	FUN_005043a1		0%	
0x00504432	FUN_00504432		0%	
0x00504481	FUN_00504481		0%	
0x005044CE	FUN_005044ce		0%	
0x0050454F	FUN_0050454f		0%	
0x00504592	FUN_00504592		0%	
0x005045CC	FUN_005045cc		0%	
0x00504616	FUN_00504616		0%	
0x0050463D	FUN_0050463d		0%	
0x00504723	FUN_00504723		0%	
0x0050474C	FUN_0050474c		0%	
0x00504781	FUN_00504781		0%	
0x005047A6	FUN_005047a6		0%	
0x005047BB	FUN_005047bb		0%	
0x005047C7	FUN_005047c7		0%	
0x005047D3	FUN_005047d3		0%	
0x00504B20	FUN_00504b20		0%	
0x00504E34	FUN_00504e34		0%	
0x00504E91	FUN_00504e91		0%	
0x00504EC8	FUN_00504ec8		0%	
0x00504F8D	FUN_00504f8d		0%	
0x005051F9	FUN_005051f9		0%	
0x00505622	TextEncoding_IsSupported		0%	
0x005056A4	MemOrStream_FUN_005056a4		0%	
0x00505786	MemOrStream_FUN_00505786		0%	
0x005057C7	MemOrStream_FUN_005057c7		0%	
0x005057FA	FUN_005057fa		0%	
0x0050586E	FUN_0050586e		0%	
0x005058AF	FUN_005058af		0%	
0x00505975	FUN_00505975		0%	
0x00505988	FUN_00505988		0%	
0x0050599B	FUN_0050599b		0%	
0x005059B3	FUN_005059b3		0%	
0x005059CB	FUN_005059cb		0%	
0x00505A0A	FUN_00505a0a		0%	
0x00505A4A	FUN_00505a4a		0%	
0x00505A63	FUN_00505a63		0%	
0x00505B6F	FUN_00505b6f		0%	
0x00505B88	FUN_00505b88		0%	
0x00505BC9	FUN_00505bc9		0%	
0x00505BDD	FUN_00505bdd		0%	
0x00505C1E	FUN_00505c1e		0%	
0x00505C6D	FUN_00505c6d		0%	
0x00505CE5	FUN_00505ce5		0%	
0x00505D11	FUN_00505d11		0%	
0x00505DBA	FUN_00505dba		0%	
0x00505E16	FUN_00505e16		0%	
0x00505F03	FUN_00505f03		0%	
0x00505F36	FUN_00505f36		0%	
0x00505F66	FUN_00505f66		0%	
0x00505FC2	FUN_00505fc2		0%	
0x00506046	FUN_00506046		0%	
0x005060D0	FUN_005060d0		0%	
0x005060F4	FUN_005060f4		0%	
0x00506113	FUN_00506113		0%	
0x00506120	FUN_00506120		0%	
0x00506170	FUN_00506170		0%	
0x00506220	FUN_00506220		0%	
0x005062B0	FUN_005062b0		0%	
0x00506310	FUN_00506310		0%	
0x00506350	FUN_00506350		0%	
0x005063F0	FUN_005063f0		0%	
0x00506470	FUN_00506470		0%	
0x005064F0	FUN_005064f0		0%	
0x00506520	FUN_00506520		0%	
0x00506560	FUN_00506560		0%	
0x005065B0	FUN_005065b0		0%	
0x00506660	FUN_00506660		0%	
0x005066F0	FUN_005066f0		0%	
0x00506750	FUN_00506750		0%	
0x00506840	FUN_00506840		0%	
0x00506850	FUN_00506850		0%	
0x00506880	FUN_00506880		0%	
0x00506AC0	FUN_00506ac0		0%	
0x00506BC0	FUN_00506bc0		0%	
0x00506D20	FUN_00506d20		0%	
0x00506D70	FUN_00506d70		0%	
0x00506DC0	FUN_00506dc0		0%	
0x00506E10	FUN_00506e10		0%	
0x00506EC0	FUN_00506ec0		0%	
0x00506ED0	FUN_00506ed0		0%	
0x00506F00	FUN_00506f00		0%	
0x00506F40	FUN_00506f40		0%	
0x00506F80	FUN_00506f80		0%	
0x00506F90	FUN_00506f90		0%	
0x00506FC0	FUN_00506fc0		0%	
0x00506FF0	FUN_00506ff0		0%	
0x00507230	FUN_00507230		0%	
0x00507260	FUN_00507260		0%	
0x005072A0	FUN_005072a0		0%	
0x00507300	NovaAudioBackend_StartOutput		0%	
0x005076A0	FUN_005076a0		0%	
0x00507820	FUN_00507820		0%	
0x005078A0	FUN_005078a0		0%	
0x005079F0	FUN_005079f0		0%	
0x00507AE0	FUN_00507ae0		0%	
0x00507AF0	FUN_00507af0		0%	
0x00507B10	FUN_00507b10		0%	
0x00507B30	NovaAudioBackend_MixThreadMain		0%	
0x00507D0B	FUN_00507d0b		0%	
0x00507D16	FUN_00507d16		0%	
0x00507D96	FUN_00507d96		0%	
0x00507E20	FUN_00507e20		0%	
0x00507F90	FUN_00507f90		0%	
0x00508310	MWRuntime_FUN_00508310		0%	
0x005083A0	FUN_005083a0		0%	
0x00508410	FUN_00508410		0%	
0x00508510	FUN_00508510		0%	
0x005085E0	FUN_005085e0		0%	
0x00508600	FUN_00508600		0%	
0x00508660	FUN_00508660		0%	
0x00508880	FUN_00508880		0%	
0x00508B70	MWRuntime_FUN_00508b70		0%	
0x00508C90	FUN_00508c90		0%	
0x00508D10	FUN_00508d10		0%	
0x00508D60	Env_TakeEnvironmentSnapshot		0%	
0x00508D80	GraphicsStringTable_FindEntry		0%	
0x00508E00	FUN_00508e00		0%	
0x00508E50	FUN_00508e50		0%	
0x00508FBD	MemOrStream_ResolveId		0%	Registry id resolver, provisional: opens the entry for a small-int resource id against a registry root; callers chain it for path resolution (MemOrStream_OpenOrResolvePath 0x004da370).
0x00509241	FUN_00509241		0%	
0x00509301	FUN_00509301		0%	
0x00509323	FUN_00509323		0%	
0x00509382	StreamPath_ApplyTokenizedSegments		0%	
0x005094D9	MemOrStream_FUN_005094d9		0%	
0x0050953F	MemOrStream_FUN_0050953f		0%	
0x00509598	FUN_00509598		0%	
0x005095E5	FUN_005095e5		0%	
0x00509749	FUN_00509749		0%	
0x005097F3	MemOrStream_FUN_005097f3		0%	
0x00509A06	FUN_00509a06		0%	
0x00509BFB	MemOrStream_FUN_00509bfb		0%	
0x00509D74	FUN_00509d74		0%	
0x00509D87	FUN_00509d87		0%	
0x00509DED	MemOrStream_FUN_00509ded		0%	
0x00509F08	FUN_00509f08		0%	
0x00509FB7	MemOrStream_FUN_00509fb7		0%	
0x0050A3B7	StreamPath_ResolveDriveByVolumeLabel		0%	
0x0050A646	MemOrStream_FUN_0050a646		0%	
0x0050A798	MemOrStream_FUN_0050a798		0%	
0x0050A94B	StreamPath_ApplyPathSegment		0%	
0x0050AAD6	MemOrStream_FUN_0050aad6		0%	
0x0050ABA9	MemOrStream_FUN_0050aba9		0%	
0x0050AC6D	FUN_0050ac6d		0%	
0x0050AD3A	MemOrStream_FUN_0050ad3a		0%	
0x0050AF31	MemOrStream_FUN_0050af31		0%	
0x0050B029	FUN_0050b029		0%	
0x0050B109	MemOrStream_FUN_0050b109		0%	
0x0050B4AF	MemOrStream_FUN_0050b4af		0%	
0x0050B56A	MemOrStream_FUN_0050b56a		0%	
0x0050B722	MemOrStream_FUN_0050b722		0%	
0x0050B75D	MemOrStream_FUN_0050b75d		0%	
0x0050B8D6	FUN_0050b8d6		0%	
0x0050B9C8	MemOrStream_FUN_0050b9c8		0%	
0x0050B9E2	MemOrStream_FUN_0050b9e2		0%	
0x0050BA2C	FUN_0050ba2c		0%	
0x0050BC01	FUN_0050bc01		0%	
0x0050BC90	MemOrStream_FUN_0050bc90		0%	
0x0050BD8E	MemOrStream_FUN_0050bd8e		0%	
0x0050BE45	FUN_0050be45		0%	
0x0050BE68	FUN_0050be68		0%	
0x0050BE8A	BitmapSurface_Helper_0050be8a		0%	
0x0050BEEB	MemOrStream_FUN_0050beeb		0%	
0x0050C226	MemOrStream_FUN_0050c226		0%	
0x0050C433	FUN_0050c433		0%	
0x0050C472	MemOrStream_FUN_0050c472		0%	
0x0050C729	BitmapSurface_Helper_0050c729		0%	
0x0050C8B9	MemOrStream_FUN_0050c8b9		0%	
0x0050CA24	MemOrStream_FUN_0050ca24		0%	
0x0050CC24	MemOrStream_FUN_0050cc24		0%	
0x0050D53A	MemOrStream_FUN_0050d53a		0%	
0x0050D89F	MemOrStream_FUN_0050d89f		0%	
0x0050DCF2	MemOrStream_FUN_0050dcf2		0%	
0x0050DE0C	MemOrStream_FUN_0050de0c		0%	
0x0050DF49	BitmapSurface_Helper_0050df49		0%	
0x0050DF65	MemOrStream_FUN_0050df65		0%	
0x0050E2A9	BitmapSurface_Helper_0050e2a9		0%	
0x0050E2C5	BitmapSurface_Helper_0050e2c5		0%	
0x0050E2E7	MemOrStream_FUN_0050e2e7		0%	
0x0050E575	MemOrStream_FUN_0050e575		0%	
0x0050E604	FUN_0050e604		0%	
0x0050E62E	FUN_0050e62e		0%	
0x0050E670	FUN_0050e670		0%	
0x0050E683	MemOrStream_FUN_0050e683		0%	
0x0050E729	BitmapSurface_Helper_0050e729		0%	
0x0050E77C	BitmapSurface_Helper_0050e77c		0%	
0x0050E7A4	DrawContext_CreateFromWindow		0%	
0x0050E828	FUN_0050e828		0%	
0x0050E8AC	FUN_0050e8ac		0%	
0x0050E8BF	DrawContext_AttachHdcAndInitState		0%	
0x0050E965	FUN_0050e965		0%	
0x0050EA1F	FUN_0050ea1f		0%	
0x0050EA84	FUN_0050ea84		0%	
0x0050EAD7	DrawContext_InitializeTextStyleDefaults		0%	
0x0050ECFA	DrawContext_SetTextAndBackgroundStyle		0%	
0x0050EE3A	FUN_0050ee3a		0%	
0x0050EE82	FUN_0050ee82		0%	
0x0050EECA	DrawContext_SetBackgroundColor		0%	
0x0050EEED	DrawContext_SetLineStyle		0%	
0x0050F09F	FUN_0050f09f		0%	
0x0050F3BD	DrawContext_SetFontAndAlignment		0%	
0x0050F601	DrawContext_SetTextColor		0%	
0x0050F63C	FUN_0050f63c		0%	
0x0050F681	FUN_0050f681		0%	
0x0050F6A4	FUN_0050f6a4		0%	
0x0050F7AE	FUN_0050f7ae		0%	
0x0050F892	FUN_0050f892		0%	
0x0050F8E4	FUN_0050f8e4		0%	
0x0050F9C4	FUN_0050f9c4		0%	
0x0050FA5D	FUN_0050fa5d		0%	
0x0050FAC3	FUN_0050fac3		0%	
0x0050FB26	FUN_0050fb26		0%	
0x0050FB7B	DrawContext_FUN_0050fb7b		0%	
0x0050FD00	FUN_0050fd00		0%	
0x00510042	DrawContext_FUN_00510042		0%	
0x005100A4	DrawContext_MoveTo		0%	
0x005100D9	DrawContext_DrawLineTo		0%	
0x005101A6	DrawContext_FUN_005101a6		0%	
0x00510302	DrawContext_FUN_00510302		0%	
0x00510374	DrawContext_FUN_00510374		0%	
0x0051044D	DrawContext_InvertRect		0%	
0x005104B3	FUN_005104b3		0%	
0x005104F9	DrawContext_FUN_005104f9		0%	
0x00510579	DrawContext_FUN_00510579		0%	
0x00510634	FUN_00510634		0%	
0x005106B0	BitmapSurface_CreateFromHdcRect		0%	
0x00510A09	FUN_00510a09		0%	
0x00510A6B	BitmapSurface_BlitToHdcWithConversion		0%	
0x005113C6	BitmapSurface_ResolvePixelBuffer		0%	
0x00511546	BitmapSurface_SyncDibBits		0%	
0x00511600	BitmapPalette_CopyRgbQuads		0%	
0x00511643	BitmapPalette_BuildLookupTable		0%	
0x00511681	BitmapPalette_BuildChannelTables		0%	
0x00511774	PixelFormat_EncodeChannelLayout		0%	
0x00511899	BitmapSurface_GetPixelFormatLayout		0%	
0x005118AC	Gdi_GetPixelFormatLayoutFromHdc		0%	
0x0051195D	WindowBackbuffer_CreateForClientRect		0%	
0x0051196B	WindowBackbuffer_CreateForRect		0%	
0x00511C66	FUN_00511c66		0%	
0x00511C79	FUN_00511c79		0%	
0x00511EA4	FUN_00511ea4		0%	
0x00511EB7	FUN_00511eb7		0%	
0x00511EE9	FUN_00511ee9		0%	
0x00511F00	BitmapSurface_Helper_00511f00		0%	
0x00512061	BitmapSurface_Helper_00512061		0%	
0x0051231A	FUN_0051231a		0%	
0x00512411	FUN_00512411		0%	
0x0051247C	ImageDecode_Unpack4bppNibbles		0%	
0x005124D2	ImageDecode_ReadPackedRows		0%	
0x00512903	FUN_00512903		0%	
0x0051299A	FUN_0051299a		0%	
0x00513794	FUN_00513794		0%	
0x005137EB	FUN_005137eb		0%	
0x00513BB1	FUN_00513bb1		0%	
0x00513EBD	FUN_00513ebd		0%	
0x00513ED0	FUN_00513ed0		0%	
0x00513EEF	FUN_00513eef		0%	
0x00513F04	FUN_00513f04		0%	
0x00513F2D	FUN_00513f2d		0%	
0x00513FF7	FUN_00513ff7		0%	
0x005141B8	FUN_005141b8		0%	
0x005142BE	FUN_005142be		0%	
0x0051435A	BitmapSurface_MarkDirty		0%	
0x0051436E	FUN_0051436e		0%	
0x005144B6	BitmapSurface_InvokeCallbackOnError		0%	
0x005144DF	GraphicsStringTable_FormatCurrentEntry		0%	
0x00514593	FUN_00514593		0%	
0x00519DAF	FUN_00519daf		0%	
0x00519DCD	FUN_00519dcd		0%	
0x00519E00	FUN_00519e00		0%	
0x00519E22	FUN_00519e22		0%	
0x00519E44	FUN_00519e44		0%	
0x00519EB6	FUN_00519eb6		0%	
0x00519F06	DrawContext_LightenColorComponents		0%	
0x00519FB1	DrawContext_DarkenColorComponents		0%	
0x0051A038	FUN_0051a038		0%	
0x0051A064	FUN_0051a064		0%	
0x0051A0A1	FUN_0051a0a1		0%	
0x0051A0B0	FUN_0051a0b0		0%	
0x0051A0C8	FUN_0051a0c8		0%	
0x0051A110	FUN_0051a110		0%	
0x0051A2C0	Region_IsEmpty		0%	
0x0051A2E6	FUN_0051a2e6		0%	
0x0051A307	FUN_0051a307		0%	
0x005271D0	NovaUtil_InitGrowableBuffer		0%	
0x00527200	NovaUtil_FreeGrowableBuffer		0%	
0x00527230	NovaUtil_ResetGrowableBufferCursorIfNoError		0%	
0x00527250	NovaUtil_AppendByteToGrowableBuffer		0%	
0x005272E0	NovaUtil_AppendStringToGrowableBuffer		0%	
0x005287D0	Runtime_CRTInitialize		0%	
0x005291C5	MemOrStream_FUN_005291c5		0%	
0x0052961C	NetQuerySocket_FUN_0052961c		0%	
0x0052A570	NetQuery_FUN_0052a570		0%	
0x0052A65D	NetQuerySocket_FUN_0052a65d		0%	
0x0052A87E	NetQuerySocket_CloseAndReset		0%	
0x0052A9BD	NetQuerySocket_FUN_0052a9bd		0%	
0x0052AF98	NetQuerySocket_FUN_0052af98		0%	
0x0052B104	NetQuerySocket_FUN_0052b104		0%	
0x0052B2E8	NetQuerySocket_FUN_0052b2e8		0%	
0x0052B434	NetQuerySocket_BeginReceive		0%	
0x0052B5AE	NetQuerySocket_FUN_0052b5ae		0%	
0x0052BB97	NetQuerySocket_FUN_0052bb97		0%	
0x0052BBE4	NetQuerySocket_FUN_0052bbe4		0%	
0x0052BC39	MemOrStream_FUN_0052bc39		0%	
0x0052BEA5	MemOrStream_FUN_0052bea5		0%	
0x00534380	NovaMusic_SwitchBackgroundTrack	src/sdl_music.cpp	100%	Background 'bass' music playback via the vendored dr_mp3 decoder and a dedicated looping SDL audio stream, avoiding an SDL3_mixer/mpg123 LGPL-2.1 runtime dependency.
0x00534930	SplayTree_Insert		0%	
0x00534D00	AtExit_RunRegisteredCbs		0%	
0x0054D7E0	AsyncFileStream_Open		0%	
0x0054DA00	AsyncFileStream_Close		0%	
0x00569C9C	FUN_00569c9c		0%	
0x00871160	CRT_StartupMain		0%	
0x008713E0	PE_EntryPoint		0%	
0x00871400	FUN_00871400		0%	
0x00871450	WinMain		0%	
0x008715B0	FUN_008715b0		0%	
0x0087180D	FUN_0087180d		0%	
0x00872040	Debug_HandleCheatAndNcbCommands		0%	Cheat-mode arming plus debug NCB condition-test/set-script dialogs; called from Ship_HandlePlayerShipCore and returns the caller's command probe. Renamed in Ghidra from the misleading Mission_TickReactionInputTrigger; unported debug path.
0x008721C2	FUN_008721c2		0%	
0x008721FC	FUN_008721fc		0%	
0x008722B0	FUN_008722b0		0%	
0x00872310	Settings_LoadIniAndPrefs		0%	
0x00872375	Settings_PollKeyX2Mode		0%	
0x00872384	DrawContext_SetHyperspaceFlashColor	src/game/preferences.hpp	100%	DrawContext colour setter for the hyperspace flash (3 call sites: Ship_HandlePlayerShipCore arrival 0x0044f729, Stellar_EnterHypergate 0x00456767, Stellar_EnterWormhole 0x00456f27): applies the requested RGB triplet unless the raw g_hyperspace_effects byte is non-zero, in which case it forces black. The port has no DrawContext; the gate is expressed as NovaPrefs_HyperspaceFlashIsBlack (preferences.hpp) resolved by the spaceflight loop into GameState.screen_flash_black, which spaceflight_view.cpp draws as a black vs white full-screen overlay. Preference round-trips via .prf +0x78 already verified.
0x008723B4	DrawTextW		0%	
0x008723BA	FUN_008723ba		0%	
0x008723C9	FUN_008723c9		0%	
0x00872410	FUN_00872410		0%	
0x00872492	FUN_00872492		0%	
0x008724C0	FUN_008724c0		0%	
0x008724E0	FUN_008724e0		0%	
0x00872500	FUN_00872500		0%	
0x00872550	NovaUi_StarmapEnableBordersAction	src/game/starmap.cpp	100%	The Show/Hide Borders action: enables the political overlay and continues the starmap inner loop. Ported inline in NovaStarmap_RunWindow's button switch (case StarmapButton::kShowBorders): toggles GameState::starmap_show_borders (runtime copy of NovaPreferences::starmap_show_borders, .prf +0x76) and rebuilds the overlay.
0x00872560	FUN_00872560		0%	
0x008725B0	PilotSave_DecodeBlock	src/game/pilot_file.cpp	100%	DecodePilotBlock leaves plaintext blocks with u16[0] < 0x800 unchanged and otherwise applies the symmetric 0xb36a210f XOR stream from the 0x0046f960 tail call; archived Windows and converted big-endian Mac pilots load through it
0x008725E0	FUN_008725e0		0%	
0x00872640	ResourceArchive_OpenAllRezInNovaFiles	src/brgr_archive.cpp	90%	EnsureLoaded opens every case-insensitively sorted *.rez under <install>/Nova Files via EnumerateRezArchives (then the bundled and support Plug-ins layers). DAT_00bec161 install flag not modelled.
0x0087265D	ResourceArchive_OpenAllRezInNovaPlugins	src/brgr_archive.cpp	85%	EnsureLoaded opens every sorted *.rez under <install>/Nova Plug-ins unconditionally (port has no licensing, matching a registered install), falling back to <install>/Plug-ins when Nova Plug-ins is absent (CE Mac-compat fallback, reconfirmed). It then loads the support folder's Nova Plug-ins/*.rez as the strongest layer (port extension). DAT_00bec160 not reproduced.
0x008726AE	FUN_008726ae		0%	
0x008726CF	FUN_008726cf		0%	
0x008726F9	FUN_008726f9		0%	
0x008727A1	Registry_RegisterAppFileAssociations		0%	
0x0087293E	Resource_LoadPixPatAsImage	src/pixpat_image.cpp	100%	PixPat decoder: validates patType 1, the PixMap rowBytes flag (0xc000==0x8000), bounds, zero resolution words and depth 1/2/4/8, unpacks MSB-first colour indices with a masked rowBytes stride, and maps the inline ColorTable (count entries, index at +0, RGB low byte at +3/+5/+7) into a 256-colour palette. src/pixpat_image.cpp Resource_LoadPixPatAsImage reproduces it and emits RGBA.
0x00872DC0	NovaUi_ScaleRectInPlace		0%	CE ui_scale helper: multiplies a QuickDraw rect's four shorts by g_ui_scale with x87 half-up rounding. No-op at scale 1.0; port has no ui_scale model.
0x00872E7E	Settings_LoadUiScale		0%	CE-only experimental UI scaling (CE src/scale-dlog.c): reads ddraw.ini [EV Nova] ui_scale (default 1.0, 0 coerced to 1.0), sets g_ui_scale/_is_non_default and rescales five base UI metrics. Unported; the port has no ddraw.ini reader and fixes the HUD strip at 0xC2.
0x00873065	DrawContext_StoreScaledValue		0%	
0x008730A1	Dialog_CreateFromDlog	src/game/landed_window.cpp	100%	Reads the DLOG (window bounds + linked DITL id; reimplemented as NovaResource_LoadDialogDefinition) and centres the window on screen (reimplemented as NovaDialogWindow_Layout); Marked 100%: the original global ui-scale canvas path is intentionally replaced; native dialog placement uses each authored composition and SDL placement owns containment and inverse input mapping.
0x00873187	FUN_00873187		0%	
0x008731F8	FUN_008731f8		0%	
0x00873231	FUN_00873231		0%	
0x00873279	FUN_00873279		0%	
0x00873310	FUN_00873310		0%	
0x008733A7	FUN_008733a7		0%	
0x0087341C	FUN_0087341c		0%	
0x008734E5	FUN_008734e5		0%	
0x008737A6	DrawContext_SetCursorPosRaw		0%	
0x008737BC	FUN_008737bc		0%	
0x00873827	FUN_00873827		0%	
0x008738A6	FUN_008738a6		0%	
0x0087391B	FUN_0087391b		0%	
0x00873990	FUN_00873990		0%	
0x00873A05	FUN_00873a05		0%	
0x00873A7A	FUN_00873a7a		0%	
0x00873AEF	FUN_00873aef		0%	
0x00873B64	FUN_00873b64		0%	
0x00873BCF	FUN_00873bcf		0%	
0x00873C4E	FUN_00873c4e		0%	
0x00873CCD	FUN_00873ccd		0%	
0x00873D4C	FUN_00873d4c		0%	
0x00873DCB	FUN_00873dcb		0%	
0x00873E4A	FUN_00873e4a		0%	
0x00873EC9	FUN_00873ec9		0%	
0x00873F48	FUN_00873f48		0%	
0x00873FC7	FUN_00873fc7		0%	
0x0087403A	FUN_0087403a		0%	
0x008740B9	FUN_008740b9		0%	
0x00874124	FUN_00874124		0%	
0x00874199	FUN_00874199		0%	
0x0087420E	FUN_0087420e		0%	
0x0087428D	FUN_0087428d		0%	
0x0087430C	FUN_0087430c		0%	
0x0087443D	FUN_0087443d		0%	
0x00874573	FUN_00874573		0%	
0x008745B6	FUN_008745b6		0%	
0x00874788	FUN_00874788		0%	
0x008747A6	FUN_008747a6		0%	
0x008747F3	FUN_008747f3		0%	
0x0087488F	NovaUi_DrawTravelPanelIdleMessage		0%	
0x008748FA	NovaUi_DrawTravelPanelTransferTitle		0%	
0x00874965	NovaUi_DrawTravelPanelMissingTargetLabel		0%	
0x008749D0	NovaUi_DrawTravelPanelTargetName		0%	
0x00874A3B	NovaUi_DrawTravelPanelJumpTitle		0%	
0x00874AA6	NovaUi_DrawTravelPanelJumpDestination		0%	
0x00874B11	FUN_00874b11		0%	
0x00874B7C	FUN_00874b7c		0%	
0x00874BE7	FUN_00874be7		0%	
0x00874C52	FUN_00874c52		0%	
0x00874CBD	NovaUi_DrawTargetPanelNoTargetMessage		0%	
0x00874D28	NovaUi_DrawTargetPanelTopNameLine		0%	
0x00874D93	thunk_NovaUi_DrawTargetPanelTopNameLine		0%	
0x00874DFE	thunk_NovaUi_DrawTargetPanelTopNameLine_2		0%	
0x00874E69	NovaUi_DrawTargetPanelSubtitleLine		0%	
0x00874ED4	NovaUi_DrawTargetPanelBottomStatusLine		0%	
0x00874F3F	thunk_NovaUi_DrawTargetPanelBottomStatusLine		0%	
0x00874FAA	thunk_NovaUi_DrawTargetPanelBottomStatusLine_2		0%	
0x00875015	NovaUi_SetTargetPanelBottomStatusCursor		0%	
0x00875094	thunk_NovaUi_SetTargetPanelBottomStatusCursor		0%	
0x00875113	NovaUi_SetTargetPanelBottomRightFooterCursor		0%	
0x00875192	thunk_NovaUi_SetTargetPanelBottomRightFooterCursor		0%	
0x00875211	NovaUi_SetCargoPanelCapacityLabelCursor		0%	
0x00875290	NovaUi_SetCargoPanelFreeSpaceValueCursor		0%	
0x0087530F	NovaUi_SetCargoPanelMissionTitleCursor		0%	
0x0087538E	NovaUi_SetCargoPanelMissionValueCursor		0%	
0x0087540D	NovaUi_SetCargoPanelCommandLabelCursor		0%	
0x0087548C	NovaUi_SetCargoPanelCommandValueCursor		0%	
0x0087550B	FUN_0087550b		0%	
0x0087557C	FUN_0087557c		0%	
0x0087565B	FUN_0087565b		0%	
0x008756CE	FUN_008756ce		0%	
0x00875720	FUN_00875720		0%	
0x00875750	FUN_00875750		0%	
0x00875780	FUN_00875780		0%	
0x00875790	PlayerTick_MouseCoordinateBridge		0%	INTERNAL LABEL of 0x0044AA70; not a function. Far bridge adjusts the saved cursor coordinate by the gameplay viewport offset and jumps to 0x0044E019; equivalent coordinate handling is folded into the reimplementation rather than ported one-to-one.
0x008757A0	FUN_008757a0		0%	
0x008757C0	FUN_008757c0		0%	
0x008757D0	FUN_008757d0		0%	
