address,name,impl_file,reimpl_pct,comment
0x00401000,Ship_UpdateShipAI,src/game/ship_ai.cpp,60%,"NovaAi_UpdateShipAI: heavy-AI cadence + behavior dispatch routes behavior 0x02/0x03/0x04 through hostile state selection; per-frame NPC cloak-trait latch evaluation and real millisecond AI timing are wired before the supervisor. Mission/availability/assist side effects and visual fade producer remain deferred."
0x00401800,Government_HandlePlayerFactionExtortion,,0%,
0x00402810,Ship_ResetShipAiBehaviorRuntimeFields,src/game/ship_ai.cpp,100%,"Ported as NovaShip_ResetAiBehaviorRuntimeFields: ai_state/control_mode=0, jump_destination=-2, travel_target_cache (+0x90)=-1, escort_command_code=-1, formation_leader=-1, resolved_ai_target (+0xC92E)=-1."
0x00402860,Ship_UpdateShipAiBehavior0x01,src/game/ship_ai.cpp,80%,"NovaAi_UpdateBehavior0x01: reacquire travel stellar / jump fallback / hostility escalation faithfully ported. Jump fallback now gates on the ship's OWN class fuel (NovaTravel_CanShipInitiateJumpSequence). Intercept-taunt HUD flavor deferred"
0x00402980,Ship_UpdateShipAiAvailabilityBehavior,,0%,
0x00402BD0,Ship_UpdateShipAiBehavior0x02,src/game/ship_ai.cpp,65%,"NovaAi_UpdateBehavior0x02: travel/jump fallback plus hostile-contact promotion using the Ghidra 0x4e3 per-axis gate; player assist state 10 and contact attack state 3 are wired. Government chatter/assistance encounter side effects deferred."
0x00402E50,Ship_UpdateShipAiBehavior0x03,src/game/ship_ai.cpp,60%,"NovaAi_UpdateBehavior0x03: same-system hostile target acquisition, target validation, pursuit state 4, and travel/jump fallback are implemented. Government flee/reinforcement, weapon readiness, mission-fleet, and capture branches remain TODO(decomp)."
0x004038B0,Ship_UpdateShipAiBehavior0x03CaptureVariant,src/game/ship_ai.cpp,15%,"Behavior 0x03 capture variant currently shares the reconstructed hostile acquisition/pursuit path through NovaAi_UpdateShipAI; disabled-ship boarding selection, capture_power, cargo transfer, and capture retreat are deferred."
0x00403DE0,Ship_UpdateShipAiCombatState,src/game/ship_ai.cpp,25%,"Behavior 0x04 reuses the reconstructed hostile target/pursuit path for both target acquisition and existing-target promotion; full combat supervisor target-chain, flee, weapon-readiness, and mission logic remain deferred."
0x004048A0,Ship_UpdateShipAssistResponseBehavior,,0%,
0x00405120,Ship_ShouldShipPrioritizePlayerThreat,,0%,
0x004053C0,Mission_UpdateShipMissionStellarAttackDirective,,0%,
0x00405590,Ship_UpdateShipAiState,src/game/ship_ai.cpp,70%,"NovaAi_UpdateShipState: travel/hold/pursuit/escort/disengage/defunct branches plus attack states 3/4, assist state 0xc, boarding state 0xd, and state-0x14 jump-point transitions. State 2 now honors Ship_CheckSpecialLoadoutCapability's decoded Flags2 0x20 brake bypass; the outfit load-id 0x25 branch remains TODO. ai_maneuver_timer_ms is a legacy misnomer for normalized simulation ticks; state 0xe advances position directly at elapsed_ticks * 0.7; state 8 normally exits through the Ship_HandleShip reverse-speed reset, with the outer vacant-ship sweep as fallback. NPC jump completion now resolves the linked system, consumes fuel, and re-enters through state 0x15; formation offsets, capture resolution, and HUD/mission flavor remain deferred."
0x00408150,Ship_ApplyShipAiControls,src/game/ship_ai.cpp,90%,"NovaAi_ApplyControls: travel modes 1/2/3 faithful; combat modes 5/6/7/8/9/0xb/0xc/0xe/0xf/0x10/0x11/0x12/0x13/0x14/0x16 port the ground-truth movement (alignment gates, break-off/evasive-boost transitions, relative-velocity brake ladders, velocity-match copy, formation/scripted creeps, escort follow), with mode-5 steering-away quirk (Math_BearingFromPointToPoint target->ship arg order) confirmed from disassembly. Modes 6/7 now steer at a PREDICTIVE lead (Ship_AimWeaponPredictive via NovaAi_AimWeaponPredictive, live active bank; helper falls back to the straight bearing for non-lead modes/absent bank). Mode 4 now accumulates frame time and completes the original NPC departure lifecycle after the 350 ms base jump duration; visible departure motion is handled by NovaShip_IntegrateNpcMovement (Ghidra Ship_HandleShip 0x00433050); class duration multiplier remains TODO(decomp). Mode 4/0xd hold timers ramped; mode 10 uses the exact -50/-1.165 arrival-slowdown commands and now preserves an already-negative ai_desired_speed (mode 0 no longer clobbers it), so state-15 gate-emergence ships exit at -30/-15 px/tick instead of reseeding -50 (fixes too-fast/too-far jump-outs). The entry prologue now also syncs ai_desired_heading_deg to the rounded current heading every frame (matches the unconditional 0x00408150 prologue store), so unsteered modes 0/10 hold heading exactly and arrival glides fly straight instead of wheeling toward a stale steering target. Weapon-bank selects, formation offsets, carrier-bay launches, freeflight anchors, the +0xBD brake-to-boost producer and the +0xc8da candidate-weapon aim path remain deferred (TODO(decomp)); weapon-bank selects for modes 5/6/7/0x10/0x11/0x12/0xe/0x14/0x16 are wired to the NovaAi_Select* selectors (0x0040ce00/0x0040d220/0x0040d470/0x0040d910/0x0040d7e0), with point-defense auto-select (0x0043a310), inbound-threat gating (0x004221d0), formation offsets, carrier-bay launches, freeflight anchors, and the +0xBD latch still deferred."
0x0040C790,Stellar_SelectRandomAdjacentTravelStellar,src/game/ship_ai.cpp,40%,"NovaAi_SelectRandomAdjacentTravelStellar: availability/travel-flag/govt-hostility candidates, uniform random pick; weighted scan-mask pools deferred"
0x0040CC10,Stellar_FindNearestAdjacentTravelStellar,,0%,
0x0040CD80,Stellar_IsStellarAdjacentToCurrentSystem,src/game/targeting.cpp,100%,"NovaTargeting_IsStellarAdjacentToSystem: matches a stellar id against a system's nav list, preserving the empty-nav-list == adjacent quirk"
0x0040CE00,Weapon_SelectWeaponBankForCurrentTarget,src/game/ship_ai.cpp,100%,"NovaAi_SelectWeaponBankForCurrentTarget: faithful port of the turret-ish current-target selector (mode-3/4/7/8 banks in arc/range, scored by mass/energy damage, energy preferred while shields remain). Mode-7/8 arc barrier + Weapon_IsWeaponArcAllowed inversion reproduced; Weapon_SelectTurretTargetWithinArc point-defense auto-select (0x0043a310) is TODO(decomp) skipped."
0x0040D220,Weapon_SelectGuidedWeaponBankForPrimaryTarget,src/game/ship_ai.cpp,90%,"NovaAi_SelectGuidedWeaponBankForPrimaryTarget: arms the first in-range guided (mode-1) bank, applying scanner-untargetable/cloaked-target capability gates (player owned + NPC class default outfits). Ship_IsInboundThreatExceedingDefenses (0x004221d0) and Weapon_WeaponCanTrackTarget's +0x58 threshold are TODO(decomp) skipped."
0x0040D470,Weapon_SelectDirectFireWeaponBankForPrimaryTarget,src/game/ship_ai.cpp,90%,"NovaAi_SelectDirectFireWeaponBankForPrimaryTarget: best in-range direct-fire bank (modes -1/0/6, or mode 1 with allow_guided_mode) scored by mass/energy damage, mode-6 blast*2.5 placement gate, one relaxed guided retry. Shares the point-defense skip noted at 0x0043a310."
0x0040D7E0,Weapon_SelectUnguidedWeaponBank,src/game/ship_ai.cpp,100%,"NovaAi_SelectUnguidedWeaponBank: highest-damage fireable unguided bank (modes -1/0/6, or mode 7 with no primary target); flags_quaternary/availability mode-0 gate reproduced."
0x0040D910,Weapon_SelectGeneralWeaponBank,src/game/ship_ai.cpp,100%,"NovaAi_SelectGeneralWeaponBank: arms the most recent fireable general weapon (non mode-0/3, mode < 8)."
0x0040D9A0,Ship_LaunchShipFromCarrierBay,,0%,
0x0040DB70,NovaUi_DrawAiStateMnemonic,,0%,
0x0040DDC0,NovaUi_DrawAiControlModeMnemonic,,0%,
0x0040E020,Ship_AcquirePrimaryTargetForShip,src/game/ship_ai.cpp,45%,"NovaAi_AcquirePrimaryTarget: nearest same-system active contact selection with hostile-government/player-directed filters and engaged-contact priority. Mission/scripted targets, perceived-combat-strength weighting, policy/reputation/flee arms, and distress-response details remain TODO(decomp)."
0x0040F6D0,Ship_IsShipEligibleForDistressCall,src/game/targeting.cpp,100%,NovaTargeting_IsShipEligibleForDistressCall: active + not coasting-through-reversal (ai_maneuver_timer_ms <= 0) + not fire-restricted + primary target is the player or a player-targeting ship + not in retreat states {7,9,15,10,11,5,12,18}.
0x0040F780,Ship_ShouldShipKeepPressingTarget,src/game/ship_ai.cpp,100%,"NovaAiShip_ShouldKeepPressingTarget: pursuit-retention predicate (active/unrestricted/AI+primary target/cloak-aware engagement gates, reversal-coast + non-disengage state checks on the player, a player-targeting target, or a third ship pressing it). Literal port incl. the original's primary_target_ship_slot==ship_instance_id comparison in the third-ship scan"
0x0040FAA0,Ship_IsShipAcquirableAsTarget,src/game/targeting.cpp,100%,NovaTargeting_IsShipAcquirableAsTarget: player branch (govt policy flag 0 or distress-eligible) + NPC branch (primary-target / mutual-target scan with the same retreat-state gate).
0x0040FC00,Ship_IsShipEligibleForCommAidInteraction,src/game/ship_ai.cpp,100%,"NovaAiShip_IsShipEligibleForCommAidInteraction: scans other active ships for one in a non-disengage state while the target's primary slot equals its own instance id (literal quirk port)"
0x0040FCA0,Ship_IsShipBrakingOnPlayerInAiState0x09,src/game/ship_ai.cpp,100%,NovaAiShip_IsShipBrakingOnPlayerState9: active + unrestricted + targets player + state 9
0x0040FCE0,Ship_IsShipBrakingOnPlayerInAiState0x0F,src/game/ship_ai.cpp,100%,NovaAiShip_IsShipBrakingOnPlayerState0xF: active + unrestricted + targets player + state 0x0F
0x0040FD20,Government_IsShipEligibleForGovernmentAid,src/game/government.cpp,75%,"NovaGovernment_IsShipEligibleForGovernmentAid: keep-pressing/idle/policy-factionless gates + xenophobic/0x0002/allied/hostile reputation-vs-flee-threshold ladders. Mission-fleet branch (fleet defs) and GovtDef +0x83 gate deferred TODO(decomp)"
0x00410060,Ship_AreAnyShipsEligibleForDistressCall,src/game/ship_ai.cpp,100%,NovaAi_AreAnyShipsEligibleForDistressCall: scans NPC slots via NovaTargeting_IsShipEligibleForDistressCall
0x004100A0,Ship_HasShipDistressResponder,src/game/ship_ai.cpp,100%,NovaAiShip_HasShipDistressResponder: scan for a pressing ship that can respond to the target's distress call
0x00410110,Ship_HasAnyDistressResponderForShip,,0%,
0x004101D0,Ship_CanShipRespondToDistressCall,src/game/ship_ai.cpp,100%,NovaAiShip_CanShipRespondToDistressCall: identity/activity/mission-slot gates + govt hostile/xenophobic relation rules
0x004102B0,Ship_IsShipLockedOnAttackerInAiState0x04,,0%,
0x004102E0,Government_PropagateHostilityFromAttack,src/game/collision.cpp,50%,"Player weapon hits now propagate the original state-4/primary-player response gates across government relations, policy/xenophobic/derelict flags, distress eligibility, mission exclusions, and leader-target links. Mission side effects and some packed-state edge cases remain TODO(decomp)."
0x00410670,Ship_EnterShipAiState0x02_ClearPrimaryTarget,src/game/ship_ai.cpp,100%,"NovaAi_EnterState2ClearPrimaryTarget: enters state 2, clears primary, clamps hold timer, records ai_mode_start_time_ms"
0x004106B0,Ship_EnterShipAiState0x0B_SetRetreatThrottle,,0%,
0x00410700,Ship_SetShipHostileToPlayer,src/game/ship_ai.cpp,60%,"NovaAi_SetShipHostileToPlayer: state 4 + target player + clear secondary + escort-control-mode drop. Mission-announcement arm (mission ship defs) deferred TODO(decomp)"
0x004107E0,Ship_EnterShipAiState0x04_TargetRandomCombatCandidate,src/game/ship_ai.cpp,100%,NovaAi_EnterState4TargetRandomCombatCandidate: count + random pick of distress-eligible same-system ships, state 4
0x00410900,Ship_EnterShipAiState0x04_TargetRandomRelativeContact,,0%,
0x00410B00,Ship_EnterShipAiState0x04_TargetRandomUnengagedShip,src/game/ship_ai.cpp,100%,NovaAi_EnterState4TargetRandomUnengagedShip: count + random pick of player-targeting state-3/4 same-system ships, state 4
0x00410C30,Ship_EnterShipAiState0x09_TargetPlayerAndBrake,src/game/ship_ai.cpp,100%,NovaAi_EnterState9TargetPlayerAndBrake: hostility/hold-timer/control reset + target player + state 9 + reversal bias -1
0x00410C70,Ship_EnterShipAiState0x0F_TargetPlayerAndBrake,src/game/ship_ai.cpp,100%,NovaAi_EnterState0FTargetPlayerAndBrake: same as state 9 entry with state 0x0F
0x00410CB0,Ship_EnterShipAiState0x05_ReturnToAiTargetLeader,,0%,
0x00410CE0,Ship_IsShipInAiBehavior5State0x05,,0%,
0x00410D10,Ship_EnterLeaderReturnStateFromAiTarget,,0%,
0x00410DD0,Ship_ResetShipPrimaryAndSecondaryTargets,src/game/ship_ai.cpp,100%,NovaAi_ResetShipPrimaryAndSecondaryTargets: faithful movement/target reset; exits state 8 to idle after the control-mode-0x0a reverse-speed threshold while preserving the original state 9/0xf exception.
0x00410E20,Ship_EnterShipAiState0x08_Slowdown,src/game/ship_ai.cpp,70%,"NovaAi_EnterState8Slowdown: arms state 0x08 arrival slowdown, -999 station timer, waypoint markers, and randomized turn-bank phase; ShipState +0xC8E8 weapon-sprite flash remains unmodelled."
0x00410E80,Ship_IsShipInEscortControlMode4Or0x0D,,0%,
0x00410EC0,Ship_IsShipInAiState0x08,,0%,
0x00410EE0,Ship_IsShipInAiControlMode0x0C,,0%,
0x00410F00,Ship_IsShipInAiState0x04,,0%,
0x00410F20,Ship_CanShipInterceptCurrentPrimaryTarget,src/game/ship_ai.cpp,75%,"NovaAiShip_CanInterceptCurrentPrimaryTarget: active/system/mass/relative-bearing gate and strict class-speed comparison ported, with the available guided-bank walk. Weapon field_0x58 threshold and full NPC bank runtime remain partial."
0x00411270,Ship_IsShipInNonIdleAiState,src/game/ship_ai.cpp,100%,NovaAiShip_IsShipInNonIdleAiState: state not in {0,1,2,7,0x14}
0x004112A0,Ship_IsShipInAiState0x02,,0%,
0x004112C0,Ship_ShowPlayerInterceptTauntIfEligible,,0%,
0x00411540,Ship_UpdateAutoWeaponSelectionFromTarget,src/game/ship_ai.cpp,70%,"NovaAi_UpdateAutoWeaponSelectionFromTarget: combat-behavior target validation/stale-target clearing plus unguided/beam/guided mode, ammo, cooldown, capability, range, and arc bank selection with fire latch. Full weapon priority tables and turret spread remain deferred."
0x004115A0,Ship_IsShipInAiState0x0D,,0%,
0x004115C0,Ship_ClearShipState0x09Or0x0FToIdle,,0%,
0x00411600,Weapon_IsShipWithinWeaponRangeOfTarget,src/game/ship_ai.cpp,35%,"NovaAi_UpdateAutoWeaponSelectionFromTarget range helper: rounds absolute X/Y deltas and compares squared distance against (BeamLength or effective projectile range + 32)^2; angular arc selection remains separate"
0x00411800,Ship_ComputePerceivedCombatStrengthAgainstShip,,0%,
0x00411AE0,Ship_ShouldSwitchToEscortWingmanTarget,,0%,
0x00411B40,Ship_IsWingmanMirrorTargetStillValid,,0%,
0x00411C20,Ship_FindLowerIndexedWingmanSharingTarget,,0%,
0x00411D00,Ship_UpdateShipCloakStateFromTraits,src/game/ship_ai.cpp,85%,"NovaAi_UpdateShipCloakStateFromTraits ports the ModType-17 loadout/resource/weapon-cooldown and ShipClass Flags2 0x100..0x2000 cloak gates, including shared transition latch and shield-drop behavior; player cues and mission fields remain deferred."
0x00412030,Ship_FindBestAssistTargetForShip,src/game/ship_ai.cpp,70%,"NovaAi_FindBestAssistTargetForShip: 64-slot lowest-positive score scan and 0x12090 category/range scoring ported. Mission/escort command context and generalized cloak-engagement exceptions remain partial."
0x00412090,Ship_ScoreAssistTargetForShip,,0%,
0x00412330,Ship_SelectNearestDisabledShipForBoarding,,0%,
0x004124F0,Ship_IsShipLockedOnTarget,,0%,
0x00412530,Ship_IsShipInAiControlMode0x0F,,0%,
0x00412550,Outfit_BoardShipAndTransferCargo,,0%,
0x004133F0,Ship_UpdateShipCombatOddsScore,,0%,"Ghidra clarified: computes hostile/allied strength ratio into ai_odds_score, with player combat rating contribution when acquirable; not disable pressure or aggression tolerance"
0x00413610,Government_TryTriggerGovtAssistanceEncounter,,0%,
0x00413810,Weapon_InitShipWeaponBursts,,0%,
0x004138A0,Weapon_ClassifyShipWeaponAmmoReadiness,,0%,
0x00413990,Ship_UpdateEscortFormations,,0%,
0x00413B60,Ship_SetEscortLaunchOffsetVelocity,,0%,
0x00414390,Ship_MoveShipTowardFormationOffset,,0%,
0x00414530,Ship_IsShipInAiState0x11,,0%,
0x00414550,Weapon_FireShipWeapons,src/game/weapon.cpp,65%,"NovaWeapon_FireNpcWeaponBank: burst volleys (Weapon_GetWeaponBurstAttempts 0x0046f2c0 + per-bank burst-cycle counter/reset-cooldown, Weapon_GetWeaponFireIntervalTicks 0x0046f270, init in EnsureNpcWeaponBanks mirroring Weapon_InitShipWeaponBursts 0x00413810); per-burst readiness gate and live per-shot ammo consumption; energy weapons no longer require a secondary counter; mode-3 beam reach uses BeamLength+32, mode-4/7/8 projectile reach uses effective range+32; fixed flag-based arcs and front/rear 46-deg quadrant gates remain separate; fire-time predictive lead for turret modes 4/7/8 (Shot_SpawnShotFromWeapon). Straight modes -1/6 fire along the hull heading (AI now leads it). Cooldown = shots_fired*speed_scalar/mount (or reload for burst) + burst_reset on cycle wrap. Deferred: player-combat-rating cooldown ladder, carrier-bay (mode 99), PD (mode 9) target selection, recoil, energy/fuel paths (TODO(decomp))."
0x004152E0,Ship_UpdateShipDistressResponseMode,,0%,
0x004156A0,Ship_ReacquireAiTargetLeader,,0%,
0x004159A0,Ship_IsShipInAiControlMode0x17,,0%,
0x004159C0,Ship_IsShipInAiState0x15,,0%,
0x004159E0,Ship_EnterShipAiState0x15_JumpOutToSystem,src/game/ship_ai.cpp,80%,"NovaAi_EnterState15JumpOutToSystem: faithful state-0x15 setup, fuel-capacity gate, 0x1000/0x2000 stellar emergence-angle decode from raw CustSndID with the original 0..359/random fallback converted to clean-room radians, 60-normalized-tick emergence hold (~2 s at 30 Hz), and preserved -30/-15 slower arrival overrides."
0x00415AD0,Stellar_IsShipHeadingToStellarInAiState0x01Or0x14,,0%,
0x00415B00,Ship_IsShipDockedWithTargetInControlMode0x0F,,0%,
0x00415B80,Stellar_CanShipInitiateJumpSequence,src/game/travel.cpp,95%,jump fuel gating via NovaTravel_CanShipInitiateJumpSequence (ship-aware, used by NPC AI) + NovaTravel_CanStartJump (player convenience wrapper). Gates on BOTH the ship's own class fuel_capacity>=100 AND its current fuel_points>=100 (Stellar_HandlePlayerShipCore refuses to (re)enter hyperspace while fuel_points < _DAT_005755a4); a 'j' with an empty tank shows a HUD-denial overlay. Velocity-match/mission-ship gates deferred
0x00415C10,Weapon_HasAnyFireableNonSecondaryWeapon,,0%,
0x00415CB0,Ship_ResetShipAndAttackersAfterBoarding,src/game/boarding_plunder.cpp,90%,"Ports the attacker-clearing loop and the captured hull's combat/mission reset. TODO(decomp): voice_type_mode roll + government voice override."
0x00415DC0,Ship_ClearOtherShipsTargetingShip,,0%,
0x00415E60,Ship_IsShipInAiState0x10,,0%,
0x00415E80,Ship_IsShipInAiState0x0D,,0%,
0x00415EA0,Ship_LaunchEscortFromCarrierBay,,0%,
0x00416070,Ship_IsShipInAiState0x16,,0%,
0x00416090,LicenseDigest_ScaleBySessionByte,,0%,
0x004160A0,LicenseDigest_AccumulateByte,,0%,
0x004160B0,Rotl8_BySelf,,0%,
0x004160D0,Util_EmptyStringPtr,,0%,
0x004160E0,LicenseDigest_TouchAndLoadByte,,0%,
0x004160F0,Util_ReturnZero,,0%,
0x00416100,NovaGameSession_Run,src/nova_app.cpp,100%,NovaGameSession_Run demo session shell
0x00417600,Frame_SpaceflightLoop,src/game/spaceflight.cpp,12%,Frame_SpaceflightLoop skeleton: outer pre-draw/sim/draw/post ordering reconstructed; unimplemented scopes are silent no-ops. Step 4: drawn every active NPC ship in the current system (SpaceflightView::DrawNpcShips via per-class ShipClassSprite cache). On spaceflight entry and completed cross-system travel NovaAsteroid_InitSystem (asteroid.cpp 0x004216B0) restores the asteroid/drift population; the NPC population (System_TickNpcSpawnMaintenance 0x0041D6E0 ambience slice) spawns encounter-fleet leads + random dude ships in the spaceflight frame loop (Stub_TickReactionsAndNpcSpawns)
0x004186B0,Frame_TickSystems,src/game/spaceflight.cpp,10%,Frame_TickSystems structure reconstructed (run_full_tick gated); scope-6 full AI now runs once after NPC spawning and skips behavior-0 ships like the original; target-refresh and other heavy per-tick scopes remain stubbed
0x00419210,Frame_RefreshTransitionFrameAuxVisuals,,0%,
0x004192D0,Shot_ResolveShipHitFromWeapon,src/game/collision.cpp,90%,"Shield-first/armor damage with disable-variant leave-1-armor rule (variant from Flags2 0x1000, AI state 0x0D owners, locked-on restricted targets at spawn), negative-impulse point-blank zeroing, mass-scaled impulse, shield floor at -10% of max (DAT_00575208), hostility accumulation with escort-leader propagation, player_aggro_accumulator += reload*1.5, maneuver-timer clamp, hit-reaction latch, player-attack government propagation. Mission DISABLE arm now ported (check_fire_restriction_transition caller: armor pin 1/3|0.1+1, escort-goal quick-fail + goal_counter_c++, STR# 0x7d2 0x11c; player disable arm 0x11f + flags-0x0004 sweep; player destruction arm 0x120/enforcer taunt) in collision.cpp + called from the hull blast in ship_visual.cpp. Missing: pers-attacker damage multiplier (_DAT_0059799e), full retarget gate chain, stellar-target x30 redirect, cloak deactivate. TODO(decomp)."
0x0041AD50,Ship_DeactivateVacantShipsAndTally,src/game/ship_spawn.cpp,90%,"NovaShip_DeactivateVacantShipsAndTally: faithful slot-scan cleanup. Vacancy predicate spares only non-fire-restricted ships actively engaging the player (behavior>4, target==0, not docked, no fleet, flag==0); parked ships tally into StellarDef.present_ship_count (capped at max_ship_count); exact field clears incl. velocity_match_target_ship_slot (+0xC8DC). Wired at landing (landed_window) and player-jump completion (spaceflight) then repopulated toward avg_ships. Mission-fleet tally arm DONE (owned ships leaving alive credit the mission's aux respawn budget mission_ship_count_active, capped at mission_ship_count_max). Remaining: field_0xbb/0xbc byte clears (unmodelled AI latches, TODO(decomp))"
0x0041AF90,System_RebuildInitialNpcAndMissionPopulation,src/game/ship_spawn.cpp,55%,"NovaSystem_PopulateInitialNpcShips reconstructs the function's trailing System.avg_ships population loop (original 1-in-7 mission then encounter dispatch order, direct low-level dude spawning with retained [-750,750) scatter, class-base heading velocity); NovaSystem_RestoreMissionFleets reconstructs the mission-fleet slice. Ghidra renamed and plated to distinguish this immediate entry batch from per-tick replacement maintenance." Random personality arm wired (Pers_SpawnShipFromPersDef flag=0, derelict vel zeroing). Mission-fleet restore slice wired (NovaSystem_RestoreMissionFleets: locator/system match, escort pre-count for follow-player ShipBehav 1 fleets, spawn-behavior placement arms 3/5/negative ShipStart/cloak, flags 0x0001 resolve) and called before the ambient batch at all three system-entry call sites. Remaining TODO(decomp): escort-restore polar repositioning slice, forced special-system personality arm (SystemDef +0x98 table).
0x0041BA80,EncounterFleet_SpawnRandomSystemDudeShip,src/game/ship_spawn.cpp,80%,NovaEncounter_SpawnRandomSystemDudeShip (was EncounterFleet_SpawnShipFromFleetDef): spawns a random system-bound dude ship from the SystemDef dude binding with its original scatter/anchored placement. Identity/kinematics/vitals/subset of AI fields set; deep combat/AI residual fields + 8-bank weapon loadout + mining-scoop derivation remain deferred.
0x0041C710,Dude_SpawnRandomDudeShipInSystem,src/game/ship_spawn.cpp,85%,"NovaDude_SpawnRandomDudeShipInSystem: 1-in-7 encounter-fleet / dude dispatch, fuel-capacity discard (<1), decoded ~2102.64-unit polar offset from centre, adjacent-travel candidate selection followed by restricted-stellar state-0x15 validation, and state-0x08 arrival slowdown fallback. The selector's scan-mask-specific strict flavor remains TODO(decomp); 1-in-7 mission-ship branch deferred." 1-in-7 personality branch now wired (Pers_SpawnShipFromPersDef flag=1); the rolled personality ship follows the same polar slow-down/jump-in placement tail.
0x0041C9F0,Dude_SpawnShipFromDudeDefInSystem,src/game/ship_spawn.cpp,85%,NovaDude_SpawnShipFromDudeDefInSystem: allocate (reserve slot_pool) + weighted ship-type pick + identity/govt/AI behavior + reset + base shield/armor. Divergence: the original's eager per-weapon 0x100-entry ammo/secondary table copy is replaced by the lazy NovaWeapon_EnsureNpcWeaponBanks (same loadout, built on first AI/fire tick).
0x0041CF40,Mission_SpawnMissionShipFromDudeDef,src/game/ship_spawn.cpp,90%,NovaMission_SpawnMissionShipFromDudeDef: allocate (reserve 8), cadence draw, forced-class special-ship-type lock (0x0800 flag + target_ship_count 1), dude SelectShipTypeIndex with ignore-availability fallback, identity (mission_fleet_slot + dude_class_id)/govt/AI behavior/class vitals/skill variance/waypoint marker, ShipBehav 0 -> Ship_SetShipHostileToPlayer. Missing: sprite_animation_timer seed from ShipClassDef.combat_state_init_range (field not loaded yet, TODO(decomp)).
0x0041D6E0,System_TickNpcSpawnMaintenance,src/game/ship_spawn.cpp,70%,NovaSystem_TickNpcSpawnMaintenance: (1) 16-slot mission-fleet stepper DONE -- aux-fleet arm (rearm_roll_clock expiry, locator match via Mission_DoesSystemMatchMissionLocator 0x00447A30, budget mission_ship_count_active - mission_fleet_metric_c, flags 0x0010 indefinite), main-fleet arm (spawn_rearm_timer countdown, special_ship_spawn_mode 1 alive-count top-up, arrival bearing from player ShipState +0x94), flags 0x0001 resolve, roll-clock stepper; (2) ambience slice DONE (ambient count, 1-in-500 encounter roll, dude spawn). Deferred: stellar-defense spawns, roaming-NPC cap, <200-traffic ambient escalation, ambient-mission-ship respawn latch.
0x0041E240,Ship_ResetShipToDefaultCombatState,,0%,
0x0041E640,Weapon_SpawnShipFromCarrierBayWeapon,,0%,
0x0041F330,Outfit_RedistributeFleetCargoOverflow,,0%,
0x0041F800,Ship_SpawnFreeflightObjectForShip,,0%,
0x0041FB50,Ship_SpawnFreeflightObjectAtPosition,,0%,
0x0041FD30,Shot_SpawnShotFromWeapon,src/game/weapon.cpp,80%,"NovaWeapon_SpawnProjectile now mirrors the gameplay spawn: owner velocity inheritance, modes 4/7/8 bearing + Ship_AimWeaponPredictive lead overwrite, player mode-5 0.8 velocity scale, muzzle geometry, system-interference confusion roll (retarget_cooldown 999, Seeker 0x0008), positive-spread heading jitter (mode 5 after velocity), per-mode velocity rules (5/6 ownerless/player keep inherited velocity), suicide weapon (ammo -999), fuse sentinel, seek lock_quality seeding from JamVuln. Deferred: Weapon_SelectTurretQuadrant muzzle placement (TODO(decomp(0x0046c320)), negative-spread parallel launch, mode49_roll consumer, sprite containers/callbacks, fuse ticking."
0x00420D30,Shot_SpawnLinkedShotsOnImpact,,0%,
0x004211D0,Shot_SpawnAreaImpactEffects,src/game/impact_effects.cpp,45%,"Main and large-area impact sprite spawning is reconstructed, including child scatter and main impact sound queuing; weapon particle packages remain TODO(decomp)."
0x00421500,Shot_SpawnImpactEffectSprite,src/game/impact_effects.cpp,55%,"Reconstructed the 32-slot impact-effect pool allocation and x/y/effect/animation/delay state; renderer sprite binding is handled by SpaceflightView."
0x004215D0,Shot_SpawnDirectionalWeaponEffect,,0%,
0x004216B0,Asteroid_InitSystem,src/game/asteroid.cpp,80%,NovaAsteroid_InitSystem: spawns asteroid_count records, pre-warms all 16 pool slots, sets no-asteroids latch. Scatter radii from fleet-def scratch area replaced by kAsteroidScatterX/Y (provisional, TODO(decomp) validate vs live game).
0x00421830,Asteroid_Spawn,src/game/asteroid.cpp,70%,NovaAsteroid_Spawn: scatter+ring placement, ast-types gating, wander params from asteroid-type row, std-rng replay. License-parity latch skipped (out of scope); ring geometry/radii provisional (Step 4 visual validation).
0x00421E60,Asteroid_SpawnRecord,src/game/asteroid.cpp,40%,"IMPLEMENTED as NovaAsteroid_SpawnRecord (src/game/asteroid.cpp): finds first inactive pool slot, marks active, records wander_type, copies spawn pos, scatters target_vel (rand(200)-100)*0.01, seeds wander_radius from the per-type lifetime, wander_speed (rand(0x29)+0x50)*DAT_005912f0[type]*0.01 with 50% sign flip (DAT_005752e0 = -1.0), and wander_table_value from DAT_005912dc[type]. Signal-accurate against the decomp. TODO(decomp) divergences: the original draws the lifetime from the per-type sprite descriptor +0x54 (drift-sprite system, Step 3/4) rather than the decoded AsteroidDef.lifetime row field; and no callsite wires it yet (effect-package / travel-walker spawn path deferred). Pool lives on GameState.asteroid_pool (AsteroidState, 16 x stride 0x24)."
0x00421FD0,Stellar_SpawnHostileShipForStellar,,0%,
0x004221D0,Ship_IsInboundThreatExceedingDefenses,,0%,
0x00422210,Ship_TallyInboundWeaponThreat,,0%,
0x00422340,Ship_PropagateLeaderRetreatStateToFollowers,,0%,
0x00422400,ShipClass_SpawnEscortShipFromClass,,0%,
0x004229D0,Outfit_ProcessFleetAutoTradeAtDestination,,0%,
0x004232D0,Outfit_ProcessPlayerEscortPayroll,,0%,
0x00423540,Outfit_CollectStellarIncome,,0%,
0x004235C0,Pers_SpawnShipFromPersDef,src/game/ship_spawn.cpp,90%,"Ported: full eligibility scan (LinkSyst codes incl. 9999 quirk, derelict exclusion, ActiveOn re-evaluation), active-ship same-name dedup, random/forced pick (forced marks def present), personality->ship layout (weapon deltas over class stock loadout, ShieldMod scale, Flags2 zero fuel, afterburner latch, aggression cadence clamp, derelict wreck kinematics+armor 0.32/0.1-1.0) and the two ambient call sites wired (Dude_SpawnRandomDudeShipInSystem 1-in-7 flag 1, RebuildInitial random arm flag 0 with derelict vel/credit zeroing). Deferred: LinkMission arm logs a skip (Mission_ResolveMissionStellarTargets 0x0043d240 TODO); forced call sites (ambush 0x426dd0 forced 0x3fe, player-core 0x452d5c forced 0x201, RebuildInitial special-system arm) not yet wired; announcement/capture wiring after spawn not ported."
0x00423FA0,Outfit_SwapPlayerShipWithEscort,src/game/landed_store.cpp,45%,"ship swap subset in NovaLanded_ReplacePlayerShip: trade-in/purchase credit, ship-class switch, non-persistent outfit clear + DefaultItems grant, seed the new ship's stock weapon banks (NovaWeapon_SeedBanksFromShipStock) and reconcile them into owned outfits (NovaWeapon_ReconcileOutfitPoolWithWeaponBanks), cap meters to new maxima, spawn at the stellar. Escort/fleet slot management and cargo reallocation remain TODO(decomp)"
0x00424F90,System_UpdateDisasterStates,,0%,
0x004250F0,Outfit_RefuelShipWithCredits,,0%,
0x00425280,EncounterFleet_TrySpawnRandomEncounterFleet,src/game/ship_spawn.cpp,90%,Faithful reimpl as NovaEncounter_TrySpawnRandomFleet (src/game/ship_spawn.cpp/hpp): scans all 0x100 FleetDef slots, marks eligible defs (valid lead + is_available_runtime) by spawn_system_filter decode (-1 anywhere; exact system id; 10000+/15000+/20000+/25000+ govt ranges via NovaGovernment_AreGovtsAllied/_HostileOrXenophobic), then draws over [0,0x100) and spawns the drawn def if eligible via NovaEncounter_SpawnFleetLeadShip. TODO(decomp): ignore_ship_availability forwarded to the genuine spawner gates the arrival banner (our lead-only spawner does not model the banner).
0x004254B0,Ship_AllocateShipSlotInSystem,src/game/ship_spawn.cpp,70,"NovaShip_AllocateShipSlot: faithful slot scan (reserved tail) + baseline reset of the load-bearing identity/kinematics/targeting/mission fields and [-750,750) position scatter. TODO(decomp): deep combat/AI residual field_0x* resets and the combat_state_init_range/skill_variance random inits are omitted until the ship AI/combat systems are reconstructed (see ship_spawn.cpp)."
0x004259B0,EncounterFleet_SpawnRandomEncounterFleet,src/game/ship_spawn.cpp,50%,"Partial reimpl of the lead-ship spawn: NovaEncounter_SpawnFleetLeadShip allocates/shapes the lead, uses state 0x15 at an adjacent restricted stellar, and uses the state-0x08 arrival slowdown fallback otherwise. TODO(decomp): cargo seeding, weapon-bank loadout copy, escort spawn/link, arrival banner."
0x00426CE0,Frame_QueueCombatChatter,src/game/spaceflight.cpp,90%,"Ported as NovaFrame_QueueCombatChatter: latches the (kind, government voice, variant) triple on GameState (original globals 0x7353fe/0x735400/0x735402). Called from the Shot_ResolveShotCollisionHit kill-witness loop in collision.cpp (escorts rooted at the player, AI state 4, attacking the destroyed ship, class not flags_secondary 0x10). The consumer pass Frame_UpdateCombatChatter remains TODO(decomp)."
0x00426D10,Mission_ShowMissionShipAnnouncement,,0%,
0x00426DD0,Mission_TrySpawnMissionShipAmbush,,0%,
0x00426EF0,Weapon_CanWeaponHitTarget,src/game/collision.cpp,75%,"Most engagement gates ported: mode-1 recorded-target matching, shared ai_target/stellar-target exclusions, faction/leader-chain exclusion, player-escort gates for player-aligned owner chains (owner-gov 0x40, target-gov 0x08, dude booty 0x100 both sides), owner scripted-maneuver 0x10, aggro-flag 0x40 final gate, and capability_flags 0x400 XOR. Missing: fire-restricted range gate (ShipClassDef +0xa10 vs shot +0x42), unowned-shot target branch, owner +0x30 0x3e6 sentinel. TODO(decomp)."
0x004274D0,Weapon_SpawnWeaponImpactParticleBurst,,0%,
0x00427770,Outfit_GrantOutfitToPlayer,,0%,
0x00427A90,Shot_QueueBeamHit,src/game/weapon.cpp,30%,"First queue slice: 64 bounded beam records, owner/target/weapon/lifetime state, and direct NPC beam enqueue. Turret quadrant selection, endpoint rendering, forced-targeting variants, and full beam animation remain deferred."
0x00427DF0,System_RefreshSystemCueFlags,,0%,
0x00427F40,Mission_ClearSystemCuesForShip,,0%,
0x00428090,Shot_SpawnShipDestructionDebrisPuff,src/game/impact_effects.cpp,70%,"NovaEffects_SpawnShipDestructionBurst starts the destruction explosion cadence, reconstructs the 150-249 original-tick directional debris pool with inherited ship velocity, and queues spatial impact audio; special class 0x2ff is absent from shipped resources and the death-timer producer remains partial."
0x00428260,License_ValidateAgainstKeyTable,,0%,
0x00428340,Ship_UpdateVisualState,src/game/ship_visual.cpp,45%,"DESTRUCTION slice ported in ship_visual.cpp (NovaShip_TickDestroyedShipVisualState / NovaShip_RunShipDestructionFinale, wired in Stub_HandleShips + player status tick): death-timer reseed (DeathDelay, x3 player via _DAT_00575378), finale at 0<timer<=2.0 (DAT_0057531c) with hull blast (radius mass*1.4+3.125, damage mass*1.275+2.875, capability 0x400 / pers 0x3ff exempt, force_armor_only + transition-check hit), mission destroy bookkeeping (goal_counter_a++, target_ship_count--, escort/goal-1/2/5 quick-fail with the +0xB9 boarded latch and runtime flags 0x0400), pers present-flag deactivation (1-in-8 for 0x3fe, Flags 0x0002 spare), is_active=0 + target clear. Visual/scope slices remain unported: debris puffs (2<timer, 20/40/60 thresholds), cloak fade, sprite layering - owned by the SDL view (divergence logged). Escort cargo-return arm TODO(decomp) (Outfit_TransferCargoAndJunkToEscortByRatio 0x00469810)."
0x0042C1B0,Frame_UpdateFreeflightObjectSprites,,0%,
0x0042C660,Shot_UpdateDirectionalWeaponEffects,,0%,
0x0042CBB0,Frame_AnchorAuxHUDSpriteToOrigin,,0%,
0x0042CC30,Stellar_TickTravelCountdownSprite,,0%,
0x0042CD10,Stellar_UpdateStellarSprites,src/game/spaceflight_view.cpp,30%,ambient frame-stepping reimplemented (AdvanceStellarAnimation, now driven by the unified SpaceflightView::AdvanceAnimations per-frame pass mirroring SpriteWorld_UpdateAnimatedSprites): dwell/frame-multiplier stepping + alternate/linger/random cycling; hypergate 0x1000 non-engaged drift toward engage_highlight_frame; engage-highlight pulse (AI/travel-selection state) + per-frame SetPosition from distance-intensity not reconstructed
0x0042D890,Stellar_TickStellarDefenseBatteries,,0%,
0x0042E160,Shot_UpdateImpactEffectSprites,src/game/impact_effects.cpp,55%,"Impact delay and animation timers, frame expiry, and distance fade are reconstructed; original sprite-container/debug suppression details remain TODO(decomp)."
0x0042E590,Frame_UpdateViewportWrapBackgroundSprites,src/game/spaceflight_view.cpp,72%,"viewport-wrap of ambient star particles reimplemented (DrawBackground modulo wrap); each star renders a random frame of the 16-frame 5px sheet (sp.x9an 700) at native 1:1 size; murk round(murk*0.9) value is a blend-mode sentinel (tinted/blobed), not a pixel size"
0x0042EAC0,NovaUi_UpdateTravelTargetReticle,src/game/spaceflight_view.cpp,72%,SpaceflightView::DrawTravelTargetReticle: 4-corner brackets from cicn 10000-10007 around the selected travel stellar (travel.selected_stellar_id), offset ceil(max(stellar sprite h,w)/2) + round(decaying pulse), asymmetric placement; pulse armed on selection change and decayed in the spaceflight loop at the original's rate (avg-frame-time*60 ~ 1.8*ms, ~0.15s settle). Corners placed in world space so DrawSprite's single camera transform lands them on target (mirrors original round(stellar.map - player) + g_viewport_center); frame anchors are the cicn top-left (0,0) matching SpriteFrame_CreateFromRect. Frame base reads the destination orientation flag (blue 0 vs green 4 palette) which is not yet reconstructed (TODO(decomp) always 0).
0x0042EDE0,NovaUi_UpdateShipTargetReticle,src/game/spaceflight_view.cpp,92%,SpaceflightView::DrawShipTargetReticle: 4-corner bracket sprites from cicn 10008-10023 (frame = state base 0x0/0x4/0x8/0xc + corner), offset ceil(max(target sprite h,w)/2) + round(decaying pulse), asymmetric 16px-margin placement; state encoding (fire-restricted/targeting-player/distress/other) faithful. Placement: corners in world space (single camera transform; was double-transformed) AND frame anchors corrected to the cicn top-left (0,0) per SpriteFrame_CreateFromRect -- was centre, which pushed every bracket 8px outward. Pulse decay corrected from 0.06/ms (4.3s) to the original avg-frame-time*60 rate (~1.8*ms, 0.15s lock-in). Debug SDL bracket fallback retained only when the cicn set is missing. Remaining TODO(decomp): the shot-half-span term is approximated by the sheet's frame dims.
0x0042F1B0,Frame_UpdateScreenFlashTimers,,0%,
0x0042F270,Shot_UpdateBeamHitQueue,src/game/weapon.cpp,35%,"Queue tick advances lifetime/endpoints and resolves each direct queued beam impact once through the shared shield/armor/status and impact-effect path. Lifetime countdown accumulates fractional per-frame ticks (frame-time / 33.33ms) into BeamHit.lifetime_remainder so beams expire at 30/s cadence regardless of render rate (fixes beams lingering forever at >30fps). Full target retargeting, splash edge cases, and SDL beam rendering remain deferred."
0x004311F0,Frame_UpdateCombatChatter,,0%,
0x004313C0,Frame_CancelCombatChatter,,0%,
0x00431420,Stellar_TriggerHyperspaceAudioOnce,src/game/spaceflight.cpp,40%,one-shot jump audio latch reproduced via GameState.jump_sound_pending set by NovaTravel_Tick at the tunnel fire and drained by the spaceflight loop (plays snd 200 'Etheric Wake.sfil', the original's +0x94 jump handle, synced with the screen flash; g_playerHyperspaceAudioLatch equivalent). Deferred: the escalating pre-stage cue (NovaAudio_PreStageJumpSoundBySeconds 0x0046ab00), the engine-hum loop handles (+0x8c/+0x90) and their active-handle gating, and the arrival effect handle (+0xa0).
0x00431480,Frame_JitterPlayerStatModifiers,,0%,
0x00431500,Frame_RerollPlayerStatModifiers,,0%,
0x00431530,Shot_UpdateShotGuidance,src/game/weapon.cpp,90%,"NovaWeapon_UpdateShotGuidance: full state machine (0 homing with jamming lock defeat via NovaAi_GetShipJammingScore vs per-channel vulnerability rolls, Seeker 0x0010 turn-away (-1x), 0x8000 owner-retarget 1/500+1/1000, cloak dumb-fire via NovaAi_CanShipEngageTargetUnderCloakRules, 0x4000 close-range 45-deg lock drop, guided_turn_rate chase with 181-deg wrap split, Math_AddPolarVelocity + ClampVelocityComponents rebuild, life gates 30x/15x frame scale, 0x0002 asteroid decoy 1/10, 999 interference weave, 998 inert, 1 asteroid bearing, mode-6 94/5x0.01 blend, mode-5 1 deg/tick nose-follow). Divergence: weave phase uses GameState.spaceflight_frame_counter (port stand-in for g_license_check_frame_counter)."
0x00432470,System_UpdateSystemAndStellarDisplayState,src/game/targeting.cpp,35%,scope 3 marks the entered current system visible, then re-derives stellar system_id/is_available/hazard state via NovaTargeting_UpdateStellarAvailability; discovery flood and sprite-set bookkeeping not reconstructed
0x00432EA0,Frame_MeasureFrameTiming,,0%,
0x00433050,Ship_HandleShip,src/game/spaceflight.cpp,53%,"Validation prologue, movement/physics, NPC shield/armor recharge scaling, ionization decay, disabled-ship 0.94 velocity/speed damping, and destroyed-NPC inertness are ported; state-2/mode-4 jump spin-up applies the decoded ramp directly to position and its glow uses the original single-fade path. State-8 arrival overrides preserve the original 50 px/tick entry and ~1.165-per-reference-tick slowdown; the decay is deliberately time-normalized (NOTE(decomp) divergence: the original advances ai_desired_speed per rendered frame unscaled at 0x00433b03 while capping frame time at 21 ms per Frame_MeasureFrameTiming 0x00432ea0, so its glide collapsed faster on faster machines; we keep machine-independent 30 Hz-cadence behavior). The exit threshold now uses the original min(self, lead target) effective max speed (0x00433b26) and the gravity-shield completion quirk (zeroed velocity + scalar re-command at threshold speed, 0x00434f7e) is reproduced; the 30..59-normalized-tick coast timer is armed once after the exit threshold. AI timing consumes the original elapsed-ms * 0.03 normalized scalar rather than treating it as literal milliseconds. Fire-restricted NPCs coast down while AI/thrust is suppressed. Valid lethal NPCs stop AI movement, weapons, velocity, and engine glow after validation. NPC effective stats include capability 0x400 zeroing, skill/government scaling, velocity-match, mission-ship and ionization branches. The original ionization speed clamp and AI/combat/weapon/travel/mission scopes remain stubbed"
0x00435830,Shot_HandleShot,src/game/weapon.cpp,60%,"NovaWeapon_TickShots follows Shot_HandleShot ordering: owner/target sanitation, mode-9 targetless, dead-target 998 latch, lifetime decrement, expiry impact (life > -63000 gate verified), then Shot_UpdateShotGuidance, then velocity integration, then shot-frame animation. Proximity fuse, linked shots (Shot_SpawnLinkedShotsOnImpact), and the player target-chain destroy branch remain TODO(decomp)."
0x00436910,Asteroid_UpdateSprites,,0%,
0x00436FF0,NovaUi_ResolveWeaponSplashImpact,src/game/collision.cpp,70%,"Ported as ResolveAsteroidSplashImpact: area impact effect, player-owned-shot splash to ships (capability 0x400 excluded here, owner-immunity polarity per 0x437780), asteroid integrity counter decrement (x10 strip for flags_secondary 0x8000), destruction dispatch below zero, and the impulse/mass asteroid nudge (bearing from shot velocity; original reads ShotState +0x20, provisional). Particle burst TODO(decomp)."
0x004374F0,Ship_HandleSpritePairCollision,src/game/collision.cpp,55%,Restructured as the direct-contact pass: callback body (CanWeaponHitTarget -> overlap test -> late-window rejection -> Shot_ResolveShotCollisionHit with linked shots disallowed) driven by an explicit shot x ship loop instead of SpriteLayer overlaps. Circle envelope stands in for bounding-circle/pixel-mask (no frame-time heuristic); freeflight-object scoop branch remains TODO(decomp).
0x00437780,Shot_ResolveShotCollisionHit,src/game/collision.cpp,82%,"Direct + proximity impacts: area impact effect, unattenuated direct ionization (impact_pos NULL), splash loop with corrected owner-immunity polarity (NPC owners always immune; player immune only with flags_primary 0x100), full splash damage plus attenuated on-hit effects, reload-scaled player aggro delta. Kill chatter, particle bursts, linked shots, and ShotState +0x32 damage_reduction (no writer found) remain TODO(decomp)."
0x00437E20,Shot_ResolveCollisions,src/game/collision.cpp,55%,"Blast-proximity pass, separate from the direct-contact pass: per live shot with lifetime/late-window gating, blast_radius weapons scan ships with CanWeaponHitTarget and integer-rounded dist^2 <= ROUND(blast + span/3)^2 (DAT_00575338), first hit wins and calls Shot_ResolveShotCollisionHit with linked shots allowed. Stellar-contact branch (flags_secondary 0x400, StellarDef +0x3c damage) and asteroid branch (NovaUi_ResolveWeaponSplashImpact, gated on flags_quaternary bit 0) remain TODO(decomp)."
0x004386F0,Shot_DrawBeamQueue,,0%,
0x00438810,Shot_DrawBeamHitQueueForSurface,,0%,
0x00438DB0,Frame_UpdateSpriteDistanceIntensity,,0%,
0x00438F40,NovaUi_UpdateCursorOverGameplayRect,,0%,
0x00438FC7,NovaUi_UpdateTravelSelectionSprite,,0%,
0x00439500,Mission_TickDailyCronEvents,,0%,
0x00439750,Mission_ActivateCronEvent,,0%,
0x004398B0,Mission_TerminateCronEvent,,0%,
0x00439A10,Frame_RestorePendingViewportRects,,0%,
0x00439BB0,Frame_DrawViewportFlashOverlays,,0%,
0x00439D00,Frame_DrawViewportFlashAndParticles,,0%,
0x00439D20,Frame_RestoreViewportRectsAndParticles,,0%,
0x00439D40,Frame_PresentViewportAndParticles,,0%,
0x0043A020,System_UpdateRandomEncounterCountdown,,0%,
0x0043A310,Weapon_SelectTurretTargetWithinArc,,0%,
0x0043ADB0,Stellar_TickStellarGravityPull,src/game/spaceflight.cpp,10%,"player-only stellar gravity force reconstructed; NPC iteration/crash consequences remain unimplemented"
0x0043AED0,Stellar_HandleShipStellarCrash,,0%,
0x0043B020,Ship_SteerVelocityTowardShipHeading,,0%,
0x0043B170,Frame_UpdateFadingEffectSprites,src/game/impact_effects.cpp,65%,"NovaEffects_TickFadingEffects advances the 32-slot debris pool with inherited/randomized velocity and lifetime expiry; SDL draw uses special class 0x2ff, while exact sprite anchoring/distance bookkeeping remains partial."
0x0043B4A0,Math_AddPolarVelocity,src/game/spaceflight.cpp,80%,"polar velocity convention (heading 0=up, clockwise, vel_x=sin, vel_y=-cos) reproduced inline in NovaPlayer_IntegrateMovement; not a distinct function yet"
0x0043B4E0,Math_AddPolarVelocityWithClamp,src/game/spaceflight.cpp,85%,per-axis polar clamp reproduced faithfully (caps thrust per-axis at polar max projection; no magnitude governor) via NovaPlayer_AddPolarVelocityClamped; angle lookup tables approximated with sin/cos
0x0043B670,Math_BearingFromPointToPoint,,0%,
0x0043B6A0,Math_ClampVelocityComponents,,0%,
0x0043B710,Math_SquaredDistance,,0%,
0x0043B740,Ship_AimWeaponPredictive,src/game/ship_ai.cpp,100%,"NovaAi_AimWeaponPredictive: intercept lead for straight/fast-close weapons (mode -1/4/6/7/8/9); t=dist/shot_speed (mode 6 uses the two-regime rocket model with k_mode6_rocket_* constants 19.59/0.316/2.06667), intercept=target_pos+(target_vel-ship_vel)*t, returns game-bearing via the straight BearingDeg fallback for non-lead modes / absent weapon. Used by AI modes 6/7 (hull steering) and fire-time turret aim (modes 4/7/8/9) in NovaWeapon_SpawnProjectile. Ghidra constants 0x005754e0/e8/f0 typed+pre-commented."
0x0043B8C0,Ship_AimWeaponLeadVelocity,,0%,
0x0043BA30,Shot_AimStellarBatteryShot,,0%,
0x0043BBB0,NovaResources_LoadMisnResourceDefs,src/game/scenario_data.cpp,35%,"ScenarioData::LoadFromArchives decodes and retains m\x957n resources; loader-confirmed availability/travel/special-ship offsets, flags, availability text, and priority are projected, with the passenger-ferry baseline gate enabled for fresh clean-room pilots. Display names now run through StripSubtitleSuffix (NameString_StripSubtitleSuffix 0x004cd230, called by the original loader) so BBS/computer rows drop the ';'-subtitle. Runtime reset/lifecycle globals and auxiliary definition projections remain TODO(decomp)."
0x0043C3E0,Misn_ResolveMissionStellarLocators,src/game/mission.cpp,58%,"Direct, -2/-3, exact-government, allied/opposed, hostile, same-class, and different-class locator families populate the clean-room mission target cache; random candidate selection now uses state.rng, while visible-system remapping and travel reachability remain TODO(decomp)."
0x0043C470,NovaUi_RunTravelDestinationMainWindow,src/game/docked_dialog.cpp,62%,"Partial landed Mission BBS: evaluates available missions, uses DLOG/DITL 0x3ee geometry and native PICT 0x2139 sizing, maps the original list/title/description/button/date ordinals, renders selected mission descriptions from mission +4000 desc resources (now wildcard-expanded per 0x004444f0, matching Stellar_RebuildTravelDestinationList row population), supports selection and accepts through Mission_ActivateAtSlot. 2025 fidelity pass: Geneva-9 screen font for list/heading/desc/date, fixed 12px native list row pitch (DAT_0088c01c 8 x 1.5 at 0x005754f8) with matching click hit-test, selected-title panel in white Times 18 (Times family + 0x12, FUN_00872560 cursor model) with black no-selection fill, desc panel rendered as the fill+InvertRect black/white pattern of 0x00441620, heading/date greys DAT_00733b50/DAT_00733b5c. Mission display names drop the ';'-subtitle via the 0x0043bbb0 loader strip. Native list widget (scrollbar, >visible-row paging), cargo/mass validation, return missions, and full interaction eligibility remain TODO(decomp). Background now re-renders the live docked menu / flight view per frame instead of replaying a captured snapshot (deliberate divergence, docs/dlog_ditl_dialog_format.md section 7.1)."
0x00441620,NovaUi_DrawTravelDestinationWindow,src/game/docked_dialog.cpp,55%,"Draw pass ported inside DrawMissionBoardContents (docked_dialog.cpp): PICT 0x2139 blit, Geneva-9 heading (STR# 0x7d2 0x167, DAT_00733b50 grey, FUN_00874124 +12 baseline), selected-title Times-18 white arm with the black empty arm, description panel fill+InvertRect (black bg, white wrapped Geneva 9), date grey DAT_00733b5c, and the Accept/Leave three-state button pair. Remaining TODO(decomp): FUN_004bb860/scratch gating details and per-entry clip semantics are approximated with SDL clip rects."
0x0043CC20,Stellar_RebuildTravelDestinationList,,0%,
0x0043CF00,Mission_EvaluateMissionLists,src/game/mission.cpp,85%,"PORTED as two-lane builder: availability expressions re-cached per run after the 0x00448090 stellar-membership prologue, both lanes (0 = mission computer, 1 = bar/services) evaluated through the 0x00441b40 eligibility chain (AvailStel locator families incl. govt/class codes, adjacency, AvailRecord vs system reputation, AvailRating vs combat rating, AvailRandom vs per-def warp rolls DAT_00734c20, Flags2-0x0001 cargo gate, 64-bit Require mask, Ship restriction +0x5a, Flags 0x2000/0x4000 class arms, PayVal credits gate, locator candidate sanity, same-system denial), then stable descending list_priority order (ties in definition order). TODO(decomp): target resolution runs for all defs (original resolves per eligible def only), g_return_mission_list/DAT_00774ae0 finalize arm is approximated by the lane-1 emptiness."
0x0043D240,Mission_ResolveMissionStellarTargets,src/game/mission.cpp,45%,"Fail/success direct and random locator results resolve to stellar/system ids and special-ship system/count cache fields; visible-system remapping and full locator families remain TODO(decomp)."
0x0043D490,Mission_ResolveMissionSpecialShipSystem,src/game/mission.cpp,65%,"Pass-through valid system ids and resolve 1000 to a clean-room six-system random range; invalid values map to -1."
0x0043D4C0,Mission_ResolveMissionSpecialShipCount,src/game/mission.cpp,65%,"Pass-through nonnegative counts, map -1 to zero, and preserve the original negative-magnitude centered random count shape."
0x0043D510,Mission_SelectMissionStellarByLocator,src/game/mission.cpp,50%,"Clean-room locator predicates cover direct ids, -2/-3 service families, government relation families, and class families; filtered candidates now use state.rng like NovaRandom_Range, while visible-system remapping and travel reachability remain TODO(decomp)."
0x0043E6F0,Mission_SelectMissionSystemByLocator,src/game/mission.cpp,52%,"Clean-room direct, visible-different-system, adjacent-system, government-relation, and government-class system locator selection; candidate selection now uses state.rng like NovaRandom_Range, while discovery-group equivalence and full travel reachability remain TODO(decomp)."
0x0043F080,Mission_ComputeReactionScheduleAfterSteps,,0%,
0x0043F100,Mission_ActivateMissionAtSlot,src/game/mission.cpp,75%,Now faithful on the activation latches: PickupMode-0 carrying + LoadCarg desc gate, briefing-suppression condition (TravelStel -1 or == landed stellar,stellar passed by callers). The Brief/LoadCarg acceptance dialogs of the original's post-population UI chain are ported as NovaMission_RunAcceptanceDialogs (docked_dialog.cpp) and run from the offer-window and Mission BBS accept paths. Reaction execution, UI refresh, destination overlay, and automatic resolve branches remain TODO(decomp).
0x0043F8C0,Mission_PopulateMissionSlotFromDef,src/game/mission.cpp,45%,"Clean-room transfer of Ghidra-confirmed target, spawn, zero-based dude/government indices, current-system locator, special-ship type selection, and rearm-timer fields into ActiveMission, retaining the raw m\\x957n payload. Locator reachability, string expansion, randomized STR# entries, and script payloads remain TODO(decomp)."
0x00440370,Mission_TryConsumeMissionInteractionResources,src/game/mission.cpp,85%,Clean-room port: mass/cargo gates + loadout dirty. TODO: STR# 0x7d2 0x165/0x166 denial dialogs (UI, logged)
0x00440410,Mission_ResolveMissionSuccess,src/game/mission.cpp,70%,Clean-room port: success payload, govt rep delta (full/allied/hostile x0.5, half-even rounding), PayVal opcode. Missing: +0x3d debrief dialog + on-resolve availability reroll (both logged TODO)
0x00440750,Government_ApplyReputationCreditDelta,src/game/government.cpp,100%,Full PayVal port: flat credits (+loadout dirty), -10128/-20128/-30128 rep clears (exact/allied/share-class), -40001..-40099 percent cash; half-even rounding; range map cross-checked against disasm + Bible
0x00440930,Mission_ResolveMissionFailure,src/game/mission.cpp,80%,Clean-room port: failure payload, half-delta rep subtraction, slot clear + ClearMisnSlotAssignments. Missing: +0x3f failure debrief dialog (logged TODO)
0x00440AA0,Mission_ClearMisnSlotAssignments,src/game/mission.cpp,90%,Clean-room port: fleet-link/targeting/AI-state-2 reset, optional resolve payload, accepted/active latches. TODO: g_travel_scene_ctx despawn arm + ambient-roll latch
0x00440BF0,Mission_FailMissionSlotQuick,src/game/mission.cpp,95%,Clean-room port: failure payload, failed latch, conditional ship release. TODO: ambient-roll latch
0x00440C90,NovaUi_PollMissionComputerWindow,,0%,
0x00441620,NovaUi_DrawTravelDestinationWindow,,0%,
0x00441B40,Mission_CheckMissionShipInteractionEligibility,src/game/mission.cpp,60%,"Offering slice PORTED as CheckOfferingEligibility (mission.cpp): the ten-gate chain in original order (AvailStel locator vs selected stellar incl. adjacency/govt/class families with the 31000-lane -30000 quirk, availability expression, AvailRecord vs system reputation, AvailRating, AvailRandom vs mission_offering_rolls, Flags2-0x0001 cargo space, Require mask via NovaOutfit_EvaluateRequireMask, Ship restriction +0x5a, Flags 0x2000/0x4000, PayVal credits) plus locator-candidate sanity and the same-system (visibility-root) denial; page-lane and AvailLoc-2 context gates wired. Remaining: interaction-context callers (mission-ship window 0x00442510, param_2 reaction-condition cache at 0x77f642), -32000/-32001 stellar-domination arms (domination state not modeled, fail-open with TODO)."
0x00442510,NovaUi_RunMissionShipInteractionWindow,src/game/docked_dialog.cpp,35%,"Text-offer arm PORTED as NovaMission_RunOfferWindow: dësc(def+4000) with the offering-arm wildcard pass, DLOG 0x3f8/DITL 1016 window (entry 3 text view, entries 1/2 buttons) over the re-rendered docked menu, PICT 0x2149/0x214a/0x214b background, payload +0x75f/+0x77f captions with the lowercase-truncation quirk and STR# 0x96 0x32/0x1b/0x33 defaults, +0x18-&4 empty-text auto-accept arm, accept via Mission_ActivateAtSlot. TODO(decomp): mission-ship/hail branches, variant >= 0x80 DLOG 0x3fc art path, status-string panel (entry 4), starmap/special/mission-computer actions (4/5/7), text-view scrolling (actions 9/10), decline-arm reaction script (Mission_ExecuteReactionScript), Esc-exit divergence logged. Background now re-renders the live docked menu / flight view per frame instead of replaying a captured snapshot (deliberate divergence, docs/dlog_ditl_dialog_format.md section 7.1).",
0x00443760,Mission_TickShipInteractionReactions,src/game/spaceflight.cpp,100%,Trivial 16-slot driver; wired as the mission slice of TickSystems scope 0xb (Stub_TickReactionsAndNpcSpawns)
0x00443780,Mission_TickReactionSlotsForTravelInteraction,src/game/mission.cpp,90%,Clean-room port of the landing gate: objective pass + cargo interactions + success/failure resolution at the ReturnStel + list re-eval after success; wired at the landing site (once per landing; the original runs it per destination-window action). TODO: NovaResources_EvaluateAvailability hook (0x00448090)
0x004438D0,Mission_ProcessInteractionReactionSlotResources,src/game/mission.cpp,90%,Clean-room port: TravelStel pickup (DropOffMode 1 + mass/cargo gate via 0x00440370), TravelStel/ReturnStel drop-off with the objective-done condition; desc dialogs logged TODO
0x00443C60,Mission_HandleMissionOrSurrenderShipReaction,src/game/mission.cpp,80%,Clean-room port: auto-abort reset, all ShipGoal 0-6 arms (destroy/disable/board/escort/observe/rescue/chase-off), deadline quick-fail with STR# 0x7d2 0x11d overlay, first-completion payload + auto-abort resolve. Skipped: cloaked-observe sprite-rect arm (no viewport model), g_travel_scene_ctx gate, ShipDone dialog (UI, logged)
0x004444F0,Stellar_BuildTravelDestinationDescription,src/game/mission.cpp,55%,"Partial: the wildcard pass PORTED as Mission_ExpandMissionWildcards (mission.cpp) - both arms (offer-row via mission_target_resolutions + def pay; active slot via MisnActive fields), the [Error] sentinels, the unresolvable-destination -> return-target swap, tokens <DST>/<DSY>/<RST>/<RSY>/<CT>/<CQ>/<SN>/<PN>/<PNN>/<PSN>/<PST>/<PAY>/<REG> + rank fallback (captain). TODO(decomp): <DL> deadline formatting (no game calendar), <OSN> offering-ship context, <SN> name picked at accept, <PRK>/<SRK>/<RRK> rank table scan, <PRK%i>/<SRK%i> govt variants, unregistered letter-scramble block, 0x2000 scratch truncation. Wired into the BBS list rows + selected title + description pane (docked_dialog.cpp)."
0x00445D70,Mission_ReplaceSubstringInMissionText,src/game/mission.cpp,90%,"PORTED as ReplaceMissionToken (mission.cpp, anon ns): replace-all loop over std::string mirroring the CStringBuffer_ReplaceSubstring rescan semantics. Shared-buffer mechanics not applicable (clean-room strings)."
0x00445DC0,NovaUi_RebuildSpecialInteractionList,src/game/docked_dialog.cpp,60%,"Mission-info arm ported inside NovaMission_RunMissionInfoWindow (BuildMissionInfoRows): active slots without flags_at_accept 0x400, failed rows prefixed with the DAT_0056c328 0xa5 marker, titles wildcard-expanded through the active arm of 0x004444f0. The landed special/reaction-slot arm of the original list and the native list-control row sizing are approximated (flat rows) - TODO(decomp)."
0x00446150,NovaUi_RunMissionComputerWindow,src/game/docked_dialog.cpp,75%,"Ported as NovaMission_RunMissionInfoWindow (opens from the in-flight command 0x28 / I key, spaceflight.cpp): DLOG 0x3f4 + PICT 0x2145 layout from the DITL, active-mission list (skip flags 0x400) via the 0x00445dc0 rebuild, selected quick-brief desc via the placeholder+wildcard passes, Abort/Done three-state buttons (STR# 0x96 0x5/0x23; Abort gated on MisnActive can_abort), starmap action with the 0x100 destination preselect (clean-room starmap preselect param), and the abort arm (flags 0x40 -> -5x CompReward per owned system + Mission_ClearMisnSlotAssignments(slot,1)). 2025 fidelity pass: shared screen font Geneva 9 (DAT_00735684/86 set in 0x004b0c20) for heading/date/list/desc, native 12px list row pitch (DAT_0088c01c 8 x 1.5 scale at 0x005754f8) with click hit-test + click-past-list deselects, desc panel rendered black bg / white text (fill+InvertRect pattern of 0x00446e00). Skips: game-calendar date line (placeholder), queued centered-sound channel (cues play direct), ai_secondary_target_slot restore around a nested map destination window, list scrollbar. Background now re-renders the live docked menu / flight view per frame instead of replaying a captured snapshot (deliberate divergence, docs/dlog_ditl_dialog_format.md section 7.1)."
0x00446770,NovaUi_PollSpecialInteractionWindow,src/game/docked_dialog.cpp,50%,"Poll actions ported inside NovaMission_RunMissionInfoWindow: arrow selection, Enter/Esc/I close, M starmap, list hit-test, Abort/Done buttons. The original's scroll-up/down list-control paging and the selection-change refresh flags are approximated by a full redraw each frame - TODO(decomp)."
0x00446E00,NovaUi_DrawSpecialInteractionWindow,src/game/docked_dialog.cpp,60%,"Draw ported inside NovaMission_RunMissionInfoWindow draw_frame: black fill + PICT 0x2145 blit, STR# 0x7d2 0x168 heading, date line (placeholder), row list, white description panel (the original fills + draws + inverts), button pair. Native list-control polish and the c.lr palette subtleties approximated - TODO(decomp)."
0x00447170,NovaUi_PollTravelOutfitMenu,,0%,
0x00447680,NovaUi_DrawTravelOutfitMenu,,0%,
0x00447A30,Mission_DoesSystemMatchMissionLocator,src/game/mission.cpp,95%,Mission_DoesSystemMatchMissionLocator: full locator decode (-1/-6 player system, -2/-3 TravelStel/ReturnStel containment, 0x80 system + visibility remap, 5000 adjacency over links, 10000..31999 government codes incl. xenophobic 0x0001-class arm). Feeds the aux-fleet respawn arm.
0x00447D90,Mission_ResolveMisnSlot,src/game/mission.cpp,90%,Clean-room port: resolve payload, Flags 0x0008 fuel -100, Flags2 0x0002 pay, slot teardown. TODO: daily availability reroll (0x00466cb0), logged
0x00447F00,System_GetSystemDefFlagByte,,0%,
0x00447F20,Mission_CheckReactionConditionSatisfied,src/game/mission.cpp,90%,Clean-room port: first-char fail-closed gate + "((" normalization + shared NCB evaluator via MissionControlExpressionState; caller wiring (script engine/spawn filters) pending
0x00448020,Mission_ExecuteReactionScript,src/game/mission_script.cpp,70%,Named clean-room entrypoint now executes Bible/Ghidra control-bit and mission-script commands; reaction context and text-tag expansion remain TODO(decomp).
0x00448050,Mission_RunMisnScriptPayload,src/game/mission_script.cpp,45%,Named payload entrypoint validates mission-slot context and dispatches the shared script engine; payload-specific context effects remain TODO(decomp).
0x00448090,NovaResources_EvaluateAvailability,src/game/mission.cpp,40%,"Partial: the stellar/system membership prologue PORTED as EvaluateAvailabilityStellarMembership (mission.cpp, called from Mission_EvaluateMissionLists) - all stellar system_id slots reset to -1, SystemDef.is_visible recomputed from has_explored_flag + Visibility expression, then every visible system re-homes its nav stellars (first-claim wins, hidden visibility-parent chain claimed with it), followed by an is_available/hazard refresh via NovaTargeting_UpdateStellarAvailability. The misn availability-expression arm runs inline in Mission_EvaluateMissionLists. TODO(decomp): ship-class/pers/fleet/region-trigger availability arms, the current-system-visibility fixup tail (player/ship/shot relocation)."
0x00448660,Mission_ClearActiveReactionMission,,0%,
0x00448670,Mission_TriggerReturnMissionInteractions,src/game/mission.cpp,85%,"PORTED as Mission_TriggerLandingInteractions(state, context, now_ms, run_offer): DAT_00774ae2 context latch with the non-3 wholesale clear of the DAT_00773eed shown latches, lane-1 walk rebuilt via Mission_EvaluateMissionLists (page_group-1 membership; the original re-checks eligibility at walk time with the caller's page-group 3 -- gate-equivalent for AvailLoc != 0), AvailLoc == context filter, offer via the run_offer callback (NovaMission_RunOfferWindow), -1-return latch set, DAT_00776af4 recheck timer = now + NovaRandom_Range(0x1e) + 0x1e. Accept-side list removal is implicit (activated missions fail the duplicate-active gate on the fresh evaluation). Consumers of the recheck timer (services windows) not yet wired.",
0x00448910,Misn_TickActiveMissionTimers,src/game/mission.cpp,90%,Clean-room port of all 16-slot maintenance branches (destination resolve, 30/100-199 spawn-rearm roll, flags 0x10 escort restock, 70..139 rearm clock); only the player-tick call site wired so far
0x00448A30,NovaUi_DrawListRowCallback,,0%,
0x00448BA0,NovaExpression_SkipWhitespace,,0%,
0x00448BE0,NovaExpression_EvaluateToken,,100%,src/game/scenario_data.cpp NovaControlExpression_Evaluate() ParseTokenTerm (combines tokenizer+evaluator; B/P/G/O/E + literals)
0x00449020,NovaExpression_EvaluateBoolean,,100%,"src/game/scenario_data.cpp NovaControlExpression_Evaluate() (recursive-descent, empty->true default)"
0x00449370,Mission_ExecuteMisnScriptEngine,src/game/mission_script.cpp,75%,Named clean-room interpreter covers Bible opcodes A/F/S/G/D/M/N/C/E/H/K/L/P/Q/T/U/X/Y plus R branches; exact legacy parser quirks and text-tag expansion remain TODO(decomp).
0x0044A4D0,Ship_ExpandStringPlaceholders,src/game/mission.cpp,80%,"PORTED as Mission_ExpandStringPlaceholders: the {g}/{G}/{pN}/{bN}/! placeholder state machine with backslash escapes, verbatim arm-copy/skip states (3-8), and the original's quirks kept (unterminated '{' header swallows the rest of the text; negator latch persists across blocks). Gender arm reads the 'm' latch (state.control.male); verified against dësc 4123 {G\"m'boy\" \"lass\"}. Wired at the desc consumers mirroring Ui_LoadSelectionDialogResource's load-time pass (offer window, Mission BBS rows, docked landing panel). TODO(decomp): {p} shareware day-counter arm and the {b} byte table at DAT_005914cc evaluate as true; <PSRK>/<SSRK> ship-class cache pass has no port consumer.",
0x0044A980,NovaParser_AllocateBuffer,,0%,
0x0044A9D0,NovaParser_FreeBuffer,,0%,
0x0044AA10,Profile_ExpressionGate,,0%,
0x0044AA20,Profile_CountExpression,,0%,
0x0044AA30,Math_RotateLeft8,,0%,
0x0044AA50,Profile_ExpressionTimestamp,,0%,
0x0044AA60,Delegate_NoOpReturnZero,,0%,
0x0044AA70,Ship_HandlePlayerShipCore,src/game/spaceflight.cpp,25%,"Single Metrowerks-collapsed player tick; overall progress is tracked here and selected PlayerTick_* INTERNAL LABEL exception rows below retain subsection progress. Implemented subsets cover targeting/travel input, direct flight, afterburner, gravity, engine glow, and jump cadence; combat/disable/mission/system-transition scopes remain substantially incomplete."
0x0044B037,PlayerTick_HyperspaceExitGate,src/game/travel.cpp,40%,"INTERNAL LABEL of 0x0044AA70; not a function. Jump progress/exit timing and arrival flash/audio cadence are partially reconstructed; exact class multiplier, escape-pod branch, and fleet synchronization remain TODO(decomp)."
0x0044B120,PlayerTick_HyperspaceExitVelocity,src/game/travel.cpp,50%,"INTERNAL LABEL of 0x0044AA70; not a function. Exit-at-speed and heading handoff are reconstructed as part of the jump state machine; exact original clamp and reordered cleanup cadence remain incomplete."
0x0044B240,PlayerTick_StatusAndOutfitEvents,src/game/spaceflight.cpp,75%,"INTERNAL LABEL of 0x0044AA70; not a function. Ported as NovaPlayer_TickStatusAndOutfitEvents: death bookkeeping (timer countdown, carried-bomb escape-pod scan, DAT_00596d38 latch), fire-restricted velocity damping (g_fire_restricted_velocity_damp 0x00575570 = 0.995) / boarded_target_latch clear, g_player_recently_hit_timer (DAT_0073549c) decay, disabled auto-repair (Frame_ShouldTriggerAutoRepairTick 0x0046e540 port incl. ModType 0x31 scan; armor = max*1/3 or max*0.1 (flags 0x10) + 1.0, un-disabling the hull), 60-frame distress-cue rising edge (Ship_AreAnyShipsEligibleForDistressCall 0x00410060, snd 155), carried-bomb countdown/reroll/detonation (STR# 0x7d2:0x27-0x29 messages, 0x80-biased impact effect, owned-count clear, armor-piercing self-damage roll, recompute derived state) and the 0x0044daa0 escape-pod variant (shields/armor -1, menu latch). Also bridges the player-side slice of Ship_UpdateVisualState 0x00428340 (destroyed -> death timer -> NovaShip_RunShipDestructionFinale blast/deactivate). Skipped TODO(decomp): escape-pod selection-dialog UI (0x0044ab6c), restart command channel (0x0044abf8), g_travel_countdown low-volume arm, custom DAT_007354a4 message source; singular/plural name flags approximated with the decoded LC fields."
0x0044B7C4,PlayerTick_TargetAndTravelCommands,src/game/spaceflight.cpp,35%,"INTERNAL LABEL of 0x0044AA70; not a function. Implements stellar/system and ship target cycling (both no-wrap with clear-to-none on no-op per 0x0044aa70's caller logic), the per-frame primary-target validation prologue (inactive/destroyed/AI-0x15/cloak gate via NovaTargeting_ValidatePlayerTarget), click targeting, starmap opening, hyperspace-mode selection, target reticle pulse, land-command nearest-stellar auto-pick (0x00462db0) and the travel/landing handoff; boarding and several UI/mission branches remain TODO(decomp)."
0x0044BEB0,PlayerTick_WeaponCommands,src/game/weapon.cpp,15%,"INTERNAL LABEL of 0x0044AA70; not a function. Primary projectile firing is partially reconstructed; weapon-bank cycling, alternate modes, cooldown/status interactions, and most combat input remain incomplete."
0x0044C18A,PlayerTick_HyperspaceCommand,src/game/travel.cpp,45%,"INTERNAL LABEL of 0x0044AA70; not a function. Destination/fuel engagement and visible jump phases are partially reconstructed; denial details, escort constraints, special loadouts, and exact timing remain TODO(decomp)."
0x0044C8D0,PlayerTick_ManualFlightAndRegeneration,src/game/spaceflight.cpp,29%,"INTERNAL LABEL of 0x0044AA70; not a function. Rounded turn, thrust/reverse, afterburner fuel burn, max-speed clamp, stellar gravity, and engine-glow control are reconstructed; regeneration, ionization, and transition branches remain incomplete."
0x0044D371,PlayerTick_HyperspaceProgressBranch,src/game/travel.cpp,40%,"INTERNAL LABEL of 0x0044AA70; not a function. Frame-time jump progress and the normal tunnel-completion branch are partially reconstructed; escape-pod and class-scaled cases remain TODO(decomp)."
0x0044D490,PlayerTick_TimedActionTransition,,0%,"INTERNAL LABEL of 0x0044AA70; not a function. Timed movement plus blocking UI/script/reset/emergency-destination transition is not reimplemented."
0x0044E019,PlayerTick_MouseTargetAndControlCommands,src/game/spaceflight.cpp,27%,"INTERNAL LABEL of 0x0044AA70; not a function. Click-target pass reconstructed per verified semantics: pre-click target capture, self-click clears the ship target, ship scan before stellar scan, stellar scan only when the ship target is unchanged (sets travel target + reticle pulse, 0x30/16px expanded sprite rect via SpaceflightView PickStellarAt/ClickInPlayerSprite, hit-test approximated with tile extents TODO(decomp)); original rectangle/panel routing and shared command continuations remain incomplete.; the mission-computer arm (command 0x28, I key): zero-visible-missions denied cue + STR# 0x7d2 0x162 overlay, else NovaMission_RunMissionInfoWindow (0x00446150 port)."
0x0044EAB4,PlayerTick_WeaponCycleContinuation,,0%,"INTERNAL LABEL of 0x0044AA70; not a function. Reordered secondary-bank eligibility and wrapped cycle continuation is not reimplemented."
0x0044F3D0,PlayerTick_HyperspaceSequenceAnchor,src/game/travel.cpp,65%,"INTERNAL LABEL of 0x0044AA70; not a function. Explicit brake, alignment, warm-up, zoom and arrival phases are reconstructed; exact class-scaled timing, fleet warp synchronization, and mission-arrival work remain TODO(decomp)."
0x0044F660,PlayerTick_SystemTransitionAndArrival,src/game/travel.cpp,25%,"INTERNAL LABEL of 0x0044AA70; not a function. Basic destination transfer, arrival state, discovery, and visual restoration have partial equivalents; travel-time, mission, encounter, payroll, and resource-refresh behavior remains incomplete."
0x0044FFF0,PlayerTick_JumpTurnaroundContinuation,src/game/travel.cpp,65%,"INTERNAL LABEL of 0x0044AA70; not a function. Reverse-velocity heading, 0.992 damping, facing window, thrust-back, and engine-glow ramp are reconstructed in the jump brake phase."
0x00450710,PlayerTick_AuxiliaryCommands,,0%,"INTERNAL LABEL of 0x0044AA70; not a function. Reaction input, escort/category UI, resource refresh, and launch-bay command group is not reimplemented as a unit."
0x00451940,PlayerTick_InteractionCloakAndStatus,src/game/spaceflight.cpp,5%,"INTERNAL LABEL of 0x0044AA70; not a function. Only narrow target-action handoff behavior is reconstructed; cargo refresh, special interaction, mission computer, cloak maintenance, discovery, and status decay remain incomplete."
0x00454910,Ship_HandlePlayerTargetActionCommand,src/game/spaceflight.cpp,35%,"stellar target-action eligibility + destination-interaction (0x3f1) + ship-comm branch: player disabled/destroyed and hyperspace-latch gates with STR# 0x7d2 overlays, bVar1 hail-eligibility gate, NovaShipComm_RunShipDialog handoff. Mission-ship interaction branch (mission defs) remains TODO(decomp)"
0x00455150,Weapon_FirePlayerWeaponBank,src/game/weapon.cpp,50%,"Unguided-projectile branch now delegates record creation to NovaWeapon_SpawnProjectile, preserving the selected primary target, muzzle geometry, heading spread, inherited velocity, reload cooldown, ammo/energy gate, and fire sound (latch carries source pos + no-stack flag; distance attenuation in the loop). Beam/turret/guided/launcher branches and burst side-effects (Weapon_GetWeaponFireIntervalTicks 0x0046f270 flags-0x40 path) remain deferred."
0x00455E10,Stellar_TravelToSystem,src/game/landed_window.cpp,35%,normal-arrival subset in NovaLanding_EnterDocked: fee gate/deduction, target position + stopped kinematics, full effective shield/armor, Weapon_ReconcileOutfitPoolWithWeaponBanks at arrival (register stock-bank weapons as owned), and the discovery booking (discovery_state >= 2 on slot + current, then NovaSystem_RebuildDiscoveryState(cur, 0, 2) via NovaSystem_OnSystemEntered); system NPC cohort reset on landing via NovaShip_DeactivateVacantShipsAndTally + NovaSystem_TickNpcSpawnMaintenance (fresh batch on launch); system-transition/world-reset work remains TODO(decomp)
0x00456480,Stellar_SelectLinkedDestinationViaStarmap,,0%,confirmed linked-destination starmap transfer; prior speculative docking implementation removed
0x00456CA0,Stellar_TravelViaHypergate,,0%,
0x00457580,Stellar_ProcessTravelAndLanding,src/game/landed_window.cpp,20%,normal ordinary-stellar arrival gate + HUD overlay denial feedback (STR# 0x7d2) reconstructed: active/current-system target, 0x3000/0x20 exclusions, strict 250-unit per-axis envelope, fee gate; overlay text via NovaHud_ShowLandingDenial. Timer/reputation/disabled/hypergate/waiting branches remain TODO(decomp) Decoded: arrival mission-fleet slice - Misn_TickActiveMissionTimers, follow-player (-6) rearm seeding from the alive count, scan-mask random clear, ShipBehav 0 follow-fleet jump-out via AI state 0x15, Mission_TrySpawnMissionShipAmbush on landing.
0x00459950,NovaUi_UpdateTravelEngagementProgress,,0%,
0x0045A3D0,Ship_HandlePlayerBoardTargetCommand,src/game/boarding_plunder.cpp,75%,"Gates (cloak, boarded-latch, fire-restricted target, same-system, 0.5 rel-velocity, half-of-full-frame range per axis, 30deg heading, crew>=1), velocity match, plain-ship plunder dispatch, and the STR# 0x7d2 denial overlays (pool 0x81/0x82/0x83) are faithful. Mission arms PORTED: pickup_mode-2 cargo pickup (TryConsume gate, goal_counter_b++, carrying_resources, STR# 0x7d2 0x6a overlay without the CREC cargo name, sound 4x8) and the spawn_behavior 2/5 + flags 0x0001 single-ship rescue arm (overlay 0x7e, goal_counter_b++, ai_maneuver_timer 100, +0xB9 latch, target clearing); inactive-mission ships fall through to the plain flow. TODO(decomp): flags-0x0008 class-name overlay tail strings (DAT_0072d5cc/DAT_00599acc), post-hit carrier/escort arms (ShipClass_CanPlayerCaptureShipClass), mission-ship interaction window (0x00442510), Government_ProcessFactionCombatEvent/PropagateHostility."
0x0045BAA0,Ship_RecenterSpaceObjectsForWorldWrap,,0%,
0x0045C6D0,Ship_WorldWrapPositionRelativeToPlayer,,0%,
0x0045C7A0,NovaUi_MarkTravelAndStatusPanelsDirty,,0%,
0x0045C880,Ship_CommandPlayerEscortGroup,,0%,
0x0045CFC0,NovaUi_SetupGameplayPanelColors,,0%,
0x0045D030,Frame_RollProximityScanDetection,src/game/radar_panel.cpp,100%,"Frame_RollProximityScanDetection: odds = clamp(system interference - owned ModType-24 sum, 0, 100); roll(0..99)+1 <= odds latches GameState.proximity_scan_detected (g_proximity_scan_detected 0x007caba0). Wired to TickSystems scope 0xc."
0x0045D0A0,NovaUi_RebuildStellarRadarPanel,src/game/hud_renderer.cpp,25%,"Backdrop/IFF-black fill and radar rect translate are reproduced inside HudRenderer::DrawRadarPanel; the offscreen radar buffer rebuild + dirty-mark fan-out is subsumed by the port redrawing the cockpit + radar each frame."
0x0045D287,NovaUi_BlitGameplayClipRect,,0%,
0x0045D320,NovaUi_RefreshGameplayPanels,src/game/hud_renderer.cpp,15%,"Only the >=15ms target-status poll cadence (g_last_target_status_poll_tick/g_target_status_blink_phase toggle) and the radar dispatch are reproduced, as HudRenderer members; the other panel dirty-dispatch paths are separate draw calls here."
0x0045D600,NovaUi_DrawStellarRadarPanel,src/game/hud_renderer.cpp,85%,"HudRenderer::DrawRadarPanel: 1/32 blip scale with ceil rounding, stellar disc/box tiers from spin half-span (0x20 default), density-scanner big-ship boxes (mass>=100), cloak visibility gate, IFF colours + black backdrop, blinking target blip, far-from-origin arrow (7000000 dist-sq, 25..50px shaft, +-135deg 6px wings), static while scan detected. Divergences: direct composite instead of offscreen buffer; static tiles procedural (ppat not decoded); original center-dot under static draws at an uninitialized cursor and is skipped."
0x0045E400,NovaUi_DrawTravelStatusPanel,src/game/hud_renderer.cpp,95%,Faithful rewrite: idle ("Nav System Off" @top+22 label) / transfer ("Stellar Navigation" @+12 + stellar name @+29 value) / jump ("Hyperspace" @+12 + destination @+29, "Unexplored System" while undiscovered); STR# 0x7d2 strings, label/value colours, hold-timer colour switch and the jump-range/fuel dimming logic. Mode derives from TravelState (original reads the ship travel_transfer_mode latch); the decompiled reachability loop's field aliasing approximated via system visibility + ship-to-centre distance (TODO in code).
0x0045E9C0,NovaUi_DrawPlayerShieldArmorPanels,,0%,
0x0045EA66,NovaUi_DrawPlayerShieldBar,src/game/hud_renderer.cpp,60%,aspect-driven fill geometry (HudBar_FillRect + DrawLifeBar): tall slots fill top-down, wide fill right-to-left, colour from gov panel slot; still missing cockpit-trough pre-blit / dirty-rect restore
0x0045EBE8,NovaUi_DrawPlayerArmorBar,src/game/hud_renderer.cpp,60%,aspect-driven fill geometry shared with shield bar (HudBar_FillRect + DrawLifeBar); still missing cockpit-trough pre-blit / dirty-rect restore
0x0045EFE0,NovaUi_DrawPlayerFuelPanel,src/game/hud_renderer.cpp,50%,fuel panel shim: validates fuel panel rect and routes to the shared life-bar fill (DrawLifeBar on layout_.fuel_panel); reserve segment not yet drawn
0x0045F086,NovaUi_DrawPlayerFuelLevelBar,src/game/hud_renderer.cpp,50%,usable fuel fill drawn via HudBar_FillRect; reserve-bar segment + firing/travel suppression (Ship_IsShipFireRestricted) not yet implemented
0x0045F530,NovaUi_DrawTargetStatusPanel,src/game/hud_renderer.cpp,85%,Faithful rewrite: "No Target" @top+47; name @+16 (mission STR# name > përs display name > class name), subtitle @+29 in the .ntf SubtitleSize (mission subtitle pool > përs special name > class Subtitle field, newly decoded from shp +0x6e6), portrait blitted into the centered 128x64 rect, bottom-left "Shield:/Armor:/No Shields/Shields Down/Disabled/Waiting" row at left+5 with the original's %/N/A/0%/100% composition, bottom-right gov/Fighter/Escort footer right-aligned at right-7. Ship max shield/armor read as class base (TODO: outfit-modified); special-ship "Waiting" latches (special_ship_attacking / boarded_target_latch) TODO; debug overlay skipped.
0x00460EC0,NovaUi_DrawActiveWeaponAmmoPanel,src/game/hud_renderer.cpp,90%,Faithful rewrite: single centered row @top+12; idle STR# 0x7d2 "No Secondary Weapon" (label colour) when bank -1/missing def, else bank name (value colour) with " - <ammo>" for ammo-driven weapons (energy: ammo_type -1 / flags 0x40; bare name for mode < -999). Ammo source via NovaWeapon_BankAmmoCount (own bank for mode 99 / out-of-range ammo_type).
0x004612C0,NovaUi_DrawCargoMissionStatusPanel,src/game/hud_renderer.cpp,75%,Faithful rewrite: 6 cargo-bin rows (STR# 0xfa3 labels @x+3 / values @x+41, 14px pitch from top+12), "Free:" + clamped free space @top+12, "Special:" row (top+30/value top+46) with mission-cargo short commodity name (STR# 0xfa2) / junk name / "Multiple", and the "Cr:" + grouped-credits row. TODO(decomp): junk-def names (g_junk_defs +0x128) not decoded (single-junk branch blank + logged) and NovaCommand_TranslateByInputMap keycap translation skipped (literal 'c').
0x00461830,Math_InitTrigLookupTables,,0%,
0x00461930,Math_LookupAngleSine,,0%,
0x00461970,Math_LookupAngleCosine,,0%,
0x004619B0,Math_AngleFromVector2D,,0%,
0x00461BC0,Stub_ElidedHook,,0%,
0x00461BD0,Ship_FindNextPlayerCycleTarget,src/game/targeting.cpp,100%,NovaTargeting_FindNextPlayerCycleTarget: faithful port of the markability table (combat-relevant = targets player or a player-targeting ship; mission-fleet-escort arm always false TODO(decomp)) + the eligibility filter chain (active/not-destroyed/cloak-visibility gate + cloak scanner/state-0x15/system/untargetable-class + scanner/relevant==include_combat).
0x00461F60,Ship_FindPreviousPlayerCycleTarget,src/game/targeting.cpp,100%,NovaTargeting_FindPreviousPlayerCycleTarget: backward sibling of the next-cycle port (same filters, wraps from slot 0x3f).
0x004622F0,DrawContext_DrawCenteredPascalStringInBounds,src/game/nova_font.cpp,50%,NovaText_DrawCentered: measures width then centers over left/right bounds before drawing; real screen-font (SDL_ttf) reconstruction of measure+position+draw
0x00462340,Rect_FilledSideDim,,0%,
0x00462390,Sprite_GetShotHalfSpan,,0%,
0x004623D0,Sprite_GetFrameVerticalHalfSpan,,0%,
0x00462410,System_GetCurrentSystemLinkHalfSpan,,0%,
0x004624C0,Sprite_GetShipClassEscortShotHalfSpan,,0%,
0x00462550,Weapon_SpawnWeaponImpactEffectPackage,src/game/impact_effects.cpp,40%,"Asteroid arm now ported in collision.cpp (ResolveAsteroidDestructionPackage): destruction area effect (row +0x10), child-asteroid splitting (row +0x06/+0x08 types, count from +0x0a as rand(base)+ceil(base/2)), record deactivation. Row fields decoded: +0x02 junk count, +0x04 junk type, +0x0c debris burst count, +0x18 packed tint. Junk freeflight objects and SWParticles remain TODO(decomp)."
0x00462850,Ship_SelectNearestEngagedTarget,src/game/targeting.cpp,100%,NovaTargeting_SelectNearestEngagedTarget: nearest active/not-destroyed ship in-system, visible through the cloak gate (or cloak scanner), not state-0x15, class not untargetable (or scanner), excluding ships already locked on the player.
0x004629E0,Government_IsCandidateHostileToTargeter,,0%,
0x00462BD0,Ship_SelectNearestHostileCombatTarget,src/game/targeting.cpp,100%,NovaTargeting_SelectNearestHostileCombatTarget: engaged-scan core + not fire-restricted + distress-eligible or locked-on-primary-in-state-4 (Ship_IsShipLockedOnAttackerInAiState0x04).
0x00462DB0,Stellar_FindNearestAvailableTravelStellar,src/game/travel.cpp,90%,nearest travel point via NovaTravel_FindNearestTravelPoint (nav-defs geometry + restricted-range gate; jump path) and NovaTargeting_FindNearestAvailableTravelStellar (stellar id, land-command auto-pick); per-stellar is_available treated as present; NOT called per frame by the original (auto-seed divergence removed)
0x00462EC0,Weapon_ReconcileOutfitPoolWithWeaponBanks,src/game/weapon.cpp,85%,"via NovaWeapon_ReconcileOutfitPoolWithWeaponBanks: snapshot bank ammo/secondary, subtract counts owned outfits explain (clamp negatives to 0), then materialize leftover positive bank ammo/secondary as owned ModType-1 weapon / ModType-3 ammo outfits. Wired (as Ghidra calls it) at new-game seeding (Stub_SeedStartingInventory), Outfitter entry (NovaLanded_OpenOutfitterSession), travel arrival (NovaLanding_EnterDocked) and ship purchase (NovaLanded_ReplacePlayerShip), so any mounted stock weapon becomes an owned, sellable outfit. The reverse (weapon-bank edit direction for buy/sell) is subsumed by RebuildBanksFromOwnedOutfits"
0x00463260,Weapon_RebuildWeaponBankPoolsFromOwnedOutfits,src/game/weapon.cpp,90%,"via NovaWeapon_RebuildBanksFromOwnedOutfits (zero 0x100 banks, accumulate owned ModType-1 weapon / ModType-3 ammo outfits into bank ammo/secondary); caller topology (outfitter buy/sell flow) not yet wired"
0x00463470,Ship_ComputeShipCurrentMass,,0%,
0x00463520,Math_MapPosToPointFloat,,0%,
0x00463550,Ship_ComputeShipMaxShieldPoints,src/game/outfit.cpp,85%,player-path effective max shield (class base + opcode 4 x owned) in Outfit_ComputePlayerEffectiveStats; NPC/mission paths deferred
0x004637a0,Ship_ComputeShipMaxArmor,src/game/outfit.cpp,85%,player-path effective max armor (class base + opcode 6 x owned); NPC/mission paths deferred
0x00463a20,Ship_ComputeShipFuelCapacity,src/game/outfit.cpp,85%,"player-path effective fuel (class base + opcode 12 x owned) clamped [0,32000]; NPC/mission paths deferred"
0x00463b30,Ship_ComputeShipShieldRechargeRate,src/game/outfit.cpp,80%,player shield recharge (class base + verified opcode 18 bonuses) factored into PlayerEffectiveStats; armor path via opcode 29
0x004640a0,Ship_ComputeShipEffectiveThrust,src/game/outfit.cpp,95%,"player effective accel remains class base + opcode 7 /10000 x owned; NPC branch now ports capability 0x400 zeroing, skill/government scaling, velocity-match 1/3, mission 0x3ff x2, and ionization damping through NovaShip_ComputeEffectiveStats"
0x00463680,Ship_ComputeShipShieldRegenRate,,0%,
0x004637A0,Ship_ComputeShipMaxArmor,,0%,
0x004638E0,Ship_ComputeShipArmorRegenRate,,0%,
0x00463A20,Ship_ComputeShipFuelCapacity,,0%,
0x00463B30,Ship_ComputeShipShieldRechargeRate,,0%,
0x00463DC0,Weapon_WeaponCanTrackTarget,,0%,
0x00463E70,Ship_ComputeShipMaxTurnRateDeg,src/game/spaceflight.cpp,55%,"player path applies base plus opcode-9 effective turn and original integer rounding; NPC branch ports velocity-match 1/3, mission 0x3ff low-rate +1, one-degree floor, and non-thrusting ionization damping through NovaShip_ComputeEffectiveStats"
0x004640A0,Ship_ComputeShipEffectiveThrust,src/game/spaceflight.cpp,95%,"NPC effective-stat branches are ported through NovaShip_ComputeEffectiveStats; player outfit aggregation remains in src/game/outfit.cpp"
0x004642E0,Ship_ComputeShipEffectiveMaxSpeed,,60%,"NPC branch ported into NovaShip_ComputeEffectiveStats (capability 0x400 zero, skill/government scaling, velocity-match 1/3, mission 0x3ff x2), shared by NovaShip_IntegrateNpcMovement + NovaAi_ApplyControls. Player outfit path + target/cap components remain TODO(decomp)"
0x004644A0,Outfit_HasSpecialMovementOutfitOrLaunchBay,,0%,
0x00464520,Weapon_HasLaunchBayWeapon,,0%,
0x00464590,ShipClass_FindLaunchBayShipClassId,,0%,
0x00464600,Weapon_FindLaunchBayWeaponBank,,0%,
0x00464670,Weapon_HasLoadedLaunchBayAmmo,,0%,
0x00464700,Outfit_HasPlayerOwnedOutfitType0x14,,0%,
0x00464760,Outfit_HasPlayerOwnedOutfitType0x0F_Cached,,0%,
0x00464810,Ship_GetShipJammingScore,src/game/ship_ai.cpp,90%,"NovaAi_GetShipJammingScore: full port - fire-restricted early-out, govt InhJam base (InherentGovt), outfit ModType 0x21..0x24 ModVal additions (player scans all owned outfits, NPC scans class stock outfits once each), NPC govt flags_primary 0x80 halving, clamp 0..100, per-ship cache (Ship.jamming_score). Divergence: port also invalidates the persistent player cache on outfit change (OutfitMarkStatsDirty) and system transitions; original only reseeds at ship-slot allocation."
0x00464A90,Ship_CanShipEngageTargetUnderCloakRules,src/game/ship_ai.cpp,90%,"NovaAiShip_CanEngageTargetUnderCloakRules: first argument is the cloak-threshold-tested subject; second supplies mission/scanner/position context. Ports state-0x15, mission-slot, tracking/cloaking-device, and 200px scanner-reveal gates; no unsupported area-cloak exception."
0x00464B50,Outfit_HasCloakingDevice,src/game/outfit.cpp,95%,"NovaOutfit_HasCloakingDevice scans player-owned or NPC class-default outfits for ModType 17 (cloaking device) and includes the NPC control-mode-0xc escort-target exception."
0x00464C80,Outfit_HasAreaCloakingDevice,src/game/outfit.cpp,85%,"NovaOutfit_HasAreaCloakingDevice scans the same loadouts and requires ModType 17 ModVal bit 0x1000 (area cloak)."
0x00464DB0,Outfit_GetCloakFuelDrainFlags,src/game/outfit.cpp,90%,"NovaOutfit_GetCloakFuelDrainFlags scans the active player/NPC loadout for ModType 17 and returns ModVal bits 4..7, the cloak fuel-drain flags."
0x00464E30,Outfit_HasCloakShieldDropOnActivation,src/game/outfit.cpp,90%,"NovaOutfit_HasCloakShieldDropOnActivation scans the active player/NPC loadout for ModType 17 and tests ModVal bit 0x04."
0x00464F60,Outfit_HasCloakDamageDeactivateFlag,,0%,
0x00465090,Outfit_GetCloakShieldDrainFlags,src/game/outfit.cpp,90%,"NovaOutfit_GetCloakShieldDrainFlags scans the active player/NPC loadout for ModType 17 and returns ModVal bits 8..11, the cloak shield-drain flags."
0x004651A0,Outfit_HasCloakRadarVisibilityFlag,src/game/radar_panel.cpp,100%,"Outfit_HasCloakRadarVisibility: ModType 17 ModVal bit 0x0002, player-owned inventory scan vs NPC ship-class default loadout (same split as Outfit_HasCloakingDevice)."
0x004652A0,Outfit_HasCloakScannerRevealForSurface,src/game/radar_panel.cpp,45%,"Player_HasCloakScannerReveal scans owned ModType-30 ModVal bits (0x0002 screen / 0x0001 radar); the cached ShipState +0xC91C/+0xC91E population path remains TODO(decomp)."
0x00465410,Outfit_HasPlayerOwnedOutfitType0x0D_Cached,src/game/radar_panel.cpp,80%,"Outfit_PlayerHasDensityScanner: ModType-13 ownership via Outfit_HasOwnedEffect (outfit.cpp); the -1 sentinel memoization global is not reproduced (scan is cheap)."
0x004654B0,Outfit_HasPlayerOwnedOutfitType0x0E_Cached,src/game/radar_panel.cpp,80%,"Outfit_PlayerHasIffOutfit: ModType-14 ownership via Outfit_HasOwnedEffect (outfit.cpp); the -1 sentinel memoization global is not reproduced (scan is cheap)."
0x00465550,Stellar_ComputeHyperspaceTravelDays,,0%,
0x00465610,Stellar_ComputeTravelRangeSq,src/game/targeting.cpp,100%,"NovaTargeting_ComputeTravelRangeSq: base 1000 + ModType-23 outfit sum (primary+alt slots * owned count), clamped >=0 then squared"
0x004656A0,Outfit_ClampOutfitOwnedCountToCurrentLimits,,0%,
0x00465AF0,DrawContext_DrawGroupedUInt,,0%,
0x00465C10,CString_AppendFormattedQuantity,src/game/mission.cpp,100%,"PORTED as FormatMissionQuantity (mission.cpp): plain <1000, comma grouping <1M, x.xM/(x.xxM) above."
0x00465D90,Ship_FormatLocalizedCountWord,,0%,
0x00465E50,Outfit_CanAffordAndCarryItem,,0%,
0x00465EA0,Outfit_HasOutfitItemInPool,,0%,
0x00465F00,Ship_GetShipRadarColor,src/game/radar_panel.cpp,100%,"Ship_RadarDisplayColor: player cyan, fire-restricted 0x4000 grey (NovaAiShip_IsFireRestricted), distress-eligible red, ai_target chain green/blue; fixed triples from Settings_InitTimingPresets 0x004ad7c0."
0x00466030,Stellar_GetStellarRadarColor,src/game/radar_panel.cpp,100%,"Stellar_RadarDisplayColor: inactive/uninhabited grey, hazard green, wormhole (0,22000,22000), hypergate policy-flag-1 yellow else reputation ladder, ordinary bodies reputation ladder via GameState.system_reputation."
0x00466260,Stellar_ComputeStellarDisplayColor,,0%,
0x00466540,Rect_CenterImageInRect,,0%,
0x004665F0,NovaText_StripLeadingArticle,,0%,
0x00466810,NovaInput_PeekActiveCommand,,0%,
0x00466850,Shot_SnapshotControlInputState,,0%,
0x00466A30,Frame_RestoreControlInputState,,0%,
0x00466C10,ControlState_FindBindingConflict,,0%,
0x00466C40,Mission_AdvanceReactionScheduleTimer,,0%,
0x00466CB0,ShipClass_RerollShipClassAvailabilityChances,,0%,
0x00466FC0,Government_ProcessFactionCombatEvent,,0%,
0x00467140,Government_PropagateFactionCombatInfluenceToNearbySystems,,0%,
0x00467710,Stellar_FindReachableEmergencyDestinationStellar,,0%,
0x004677A0,Stellar_FindReachableEmergencyDestinationStellarRecursive,,0%,
0x00467970,System_RebuildSystemVisibilityMap,src/game/travel.cpp,80%,NovaSystem_RebuildDiscoveryState: clears the flood mask, floods origin at (max_depth, threshold), then rebuilds the discovered_this_rebuild latch (visited systems + link neighbours). Original gates the latch on load-time is_visible/has_explored flags; clean-room uses discovery_state > 0 (divergence logged). Runs on system entry (level 1 arrival / level 2 landed+map reveal)
0x00467AB0,System_FloodDiscoverAdjacentSystems,src/game/travel.cpp,85%,NovaSystem_FloodDiscoverAdjacentSystems: faithful depth-gated recursion over links, bumps discovery_state (threshold) on reached systems + their discovery slots. TODO(decomp(0x00467bd0)) skipped: Frame_TriggerSystemRegionEvents (region trigger defs unmodelled). Divergence: recursion does not gate on NovaSystem_ResolveVisibleForTravel because the clean-room's is_visible is per-visit fog (load-time true in the original)
0x00467BD0,Frame_TriggerSystemRegionEvents,,0%,
0x00467CF0,System_ShowSystemEventMessage,,0%,
0x00467D60,Anim_EaseFrameProgress,,0%,
0x00467DE0,Frame_CommitFrameAndLatchTransitionWait,,0%,
0x00467E20,Frame_FinishBlockingTransitionFrame,,0%,
0x00467E60,NoSys_NoOp_00467e60,,0%,
0x00467E70,Stub_NoOp,,0%,
0x00467E80,Ship_CanMaintainCloakState,src/game/ship_ai.cpp,80%,Clean-room port as NovaAiShip_CanMaintainCloakState: fire-restriction, ModType-17 device search (player owned / NPC class-default outfits), fuel+shield drain nibbles. Player-only tail (hold latch + Flags2 0x400) provisional
0x004680D0,Ship_OnShipCloakStateEntered,src/game/ship_ai.cpp,55%,"NovaAi_OnShipCloakStateEntered shares the original cloak-latch normalization and ModType-17 shield-drop transition; player cue/status-panel side effects remain TODO(decomp)."
0x00468190,Ship_OnShipCloakStateCleared,src/game/ship_ai.cpp,55%,"NovaAi_OnShipCloakStateCleared shares the original cloak-latch recovery transition; player clear cue remains TODO(decomp)."
0x00468210,Stellar_HasAdjacentAccessibleStellarMatchingTravelFlags,,0%,
0x004682D0,Stellar_HasAdjacentAccessibleStellarForTravelMode,,0%,
0x004683B0,NovaRandom_Range,,0%,
0x00468450,NovaText_FormatDateString,src/nova_app.cpp,90%,FormatGameDateString: month names/ordinal suffixes from STR# 0x89; live game calendar not tracked by GameState yet so the panel draws the fresh-pilot baseline date
0x00468600,Stellar_FormatElapsedTravelTime,,0%,
0x004687B0,Ship_IsShipFireRestricted,src/game/ship_ai.cpp,50%,"NovaAiShip_IsFireRestricted: derelict-govt (0x800), stellar-target, and armor disable gates ported; armor branch verified literal against the decompile - armor*100 (kFireRestrictArmorPctScale 0x575800) < max*(33.33 @0x575808 normal / 10.0 @0x5757f8 capability 0x10), exactly the Bible 33%/10%; Ghidra threshold constants renamed (were semantically swapped). Remaining: mission-fleet spawn_behavior-5 branch (needs mission runtime records)."
0x004688E0,Ship_IsShipDestroyed,src/game/ship_ai.cpp,100%,"NovaAiShip_IsDestroyed: death-timer-active or armor<=0"
0x00468920,Ship_CanPlayerHaveMoreEscorts,src/game/boarding_plunder.cpp,100%,"Faithful: behavior-6 escort count (ai_target==0, no mission fleet) < 6."
0x00468990,Weapon_CanFireWeaponBank,src/game/weapon.cpp,50%,ammo/energy sufficiency gate now distinguishes energy weapons (ammo_type == -1), ammo-backed weapons, and carrier-bay mode 99 for both player and NPC bank storage; cloak-visibility / launch-bay-dependency gates not reproduced
0x00468AF0,System_HasUsableTravelDestination,src/game/travel.cpp,90%,NovaSystem_HasUsableTravelDestination: scans nav_defs[0..3] for a stellar with travel_flags 0x20 clear and availability_flags 0x3000 clear
0x00468B50,Stellar_IsStellarReachableForTravel,,0%,
0x00468D90,NovaUi_DrawSystemFactionConflictStatus,src/nova_app.cpp,90%,MenuSystemLegalStatusText: reputation/crime-tolerance ladder + hazard nav scan + N/A gate; signed-overflow guards reduced to plain comparisons (shipped tolerances positive)
0x00469030,NovaUi_DrawCombatRankLabel,src/nova_app.cpp,100%,MenuCombatRankLabel: threshold ladder verbatim, labels from STR# 0x8a (1-based rank+1)
0x00469100,Outfit_ComputeOwnedOutfitResaleTotal,,0%,
0x00469230,Weapon_HasMatchingWeaponAmmoCarried,,0%,
0x004692E0,NovaAudio_PlaySpatialByDistance,,0%,
0x00469480,Stub_NoOp_00469480,,0%,
0x00469490,Stub_NoOp_00469490,,0%,
0x004694A0,ShipClass_CanPlayerCaptureShipClass,,0%,
0x004656a0,Outfit_ClampOutfitOwnedCountToCurrentLimits,src/game/outfit.cpp,90%,"ownership limiting (Max, ammo-bank, ModType-27 multipliers, gun/turret slot caps) reconstructed; full 0x100x100 ammo-bank stride now modelled"
0x00469760,Outfit_ComputeFleetCargoCapacity,src/game/outfit.cpp,50%,player-only fleet cargo capacity via Outfit_ComputePlayerFleetCargoCapacity; no NPC escort freighters yet
0x0046a5d0,Outfit_ComputePlayerCargoAndJunkTotal,src/game/outfit.cpp,80%,player cargo+junk total from 6 bins + junk array; mission-cargo path deferred
0x0046a7c0,Outfit_ComputeRemainingCargoSpace,src/game/outfit.cpp,60%,"remaining free cargo = capacity - carried, clamped >=0; no mission-fleet objects committed"
0x00469810,Outfit_TransferCargoAndJunkToEscortByRatio,,0%,
0x00469C90,Frame_ResetNavigationOverrideLatch,,0%,
0x00469CA0,NovaInput_IsCommandActiveWithGameplayGuards,,0%,
0x00469CF0,NovaInput_CommandHasKeyBinding,,0%,
0x00469D10,Input_PumpAndTestCommand,,0%,
0x00469D30,Stellar_ExtractTravelFlagConnectiveValue,,0%,
0x00469E90,NovaUi_RebuildShipyardAvailabilityList,src/game/landed_store.cpp,45%,Partial clean-room availability list: decoded stellar base/special tech gates, valid-resource and BuyRandom-zero filtering, Require and availability expressions, equal-weight suppression, and descending stable ordering; positive-percent daily availability rolls and hire mode remain TODO(decomp).
0x0046A220,Outfit_RebuildAvailableOutfitListForTravelStellar,src/game/landed_store.cpp,45%,Partial clean-room availability list: decoded stellar base/special tech gates, valid-resource and owned visibility handling, Require and availability expressions, display-weight-zero inclusion, equal-weight suppression, and descending stable ordering; random stock and full flag semantics remain TODO(decomp).
0x0046A5D0,Outfit_ComputePlayerCargoAndJunkTotal,,0%,
0x0046A680,Outfit_HasAnyOwnedItem,,0%,
0x0046A730,Ship_ComputeShipTotalMass,src/game/outfit.cpp,100%,Clean-room port as Outfit_ComputePlayerTotalMass: class base mass + owned outfits' PurchaseMass (load-type-2 mass, hull-proportional via load-time derivation)
0x0046A7C0,Outfit_ComputeRemainingCargoSpace,,0%,
0x0046A870,NovaUi_RedrawGameplayViewportAndRadar,,0%,
0x0046AAD0,NovaAudio_QueueCenteredSound,,0%,
0x0046AB00,NovaAudio_PreStageJumpSoundBySeconds,,0%,
0x0046AB60,Frame_UpdateEffectIntensityGlobal,,0%,
0x0046ABB0,Ship_GetScannerStrength,src/game/radar_panel.cpp,90%,"Ship_ComputeScannerStrength: owned_count * ModVal summed over ModType 0x18 slots, clamp [-100,100]; the DAT_007356ba memoization sentinel is not reproduced."
0x0046AC50,Mission_SpawnAmbientMissionShip,,0%,
0x0046B210,Math_ShortestAngleDeltaDeg,,0%,
0x0046B260,Ship_CanShipUseAfterburner,src/game/ship_ai.cpp,95%,"Renamed from Ship_IsShipEligibleForEscortOrLaunchBehavior after the +0xBD consumer analysis. Ported as NovaShip_CanShipUseAfterburner: formation-leader block, capability 0x400/0x40 gates, 0x20 rating roll (NovaRandom_Range(0x540)+0x100 <= rating/Strength). rating producer TODO(decomp) (field seeded 0)."
0x0046B330,NovaAi_PlayerCombatRatingGate,,0%,
0x0046B360,Weapon_IsWeaponArcAllowed,src/game/ship_ai.cpp,100%,"NovaAi_WeaponArcAllowed: front/side/rear sector arc check on flags_primary 0x1000/0x2000/0x4000 with class-capability override."
0x0046B4B0,Dude_SelectShipTypeIndexFromDudeDef,src/game/ship_spawn.cpp,75%,NovaDude_SelectShipTypeIndex: weighted pick over a DudeDef's present ship types. Deferred: ship-class runtime-availability expression eval (all listed classes treated as available; only diverges for gated classes, rare for dude traders/pirates).
0x0046B600,Dude_SelectRandomSystemDudeClassIndex,src/game/ship_spawn.cpp,100%,Reimpl: NovaDude_SelectRandomSystemDudeClassIndex() src/game/ship_spawn.cpp — weighted pick among a System's 8 dude slots (class ids >=0 && <0x200), scalar cumulative-weight bucket + uniform [0,total) draw, returns lowest-index valid slot reaching (draw+1) (mirrors the original's descending overwrite loop). Reproducible over GameState/seed rng. Tested via system 0x80 binding (8 slots weights 30/10/12/5/12/10/1/20) + empty->-1. High confidence.
0x0046B6D0,EncounterFleet_SelectRandomEncounterFleetDefWeighted,src/game/ship_spawn.cpp,100%,Faithful reimpl as NovaEncounter_SelectFleetDefWeighted (src/game/ship_spawn.cpp/hpp): weighted cumulative-bucket pick among System.encounter_fleet_ids whose FleetDef has a valid lead + is_available_runtime, draw in [0,total), returns the 0-based def index or -1. Weighted distribution verified (weights 10/20/70 -> ~20/38/142/200 across 2000 draws).
0x0046B870,ShipClass_ComputeShipClassSkillVarianceScale,src/game/ship_spawn.cpp,100%,"SkillVarianceScale (static helper): per-NPC multiplier matches the Ghidra formula `(NovaRandom_Range(2*p+1) + (100-p)) * 0.01`; class SkillVar loads from payload +0x60."
0x0046B8D0,Ship_HasValidAiTargetShip,,0%,
0x0046B920,System_ResolveVisibleSystemForTravel,src/game/mission.cpp,90%,Clean-room port as Misn_ResolveVisibleSystemForTravel (src/game/mission.cpp): root short-circuit + parent-chain walk, bounds-guarded. SystemDef +0xb8/+0xba fields added but the loader twin-grouping pass (0x004beb4f) is TODO(decomp), so chains stay -1
0x0046B9B0,System_ResolveSystemDiscoverySlot,src/game/travel.cpp,100%,NovaSystem_ResolveDiscoverySlot: returns the visibility root when set, else the system id; twin grouping not reconstructed (roots stay -1), so this is the identity path
0x0046B9F0,NovaUi_UpdateCursorVisibility,,0%,
0x0046BA10,NovaPlatform_EnsureCursorVisible,,0%,
0x0046BA30,Ship_FindNearestHittableWeaponTarget,,0%,
0x0046BBF0,NovaRender_SetSystemSpaceBackgroundColor,src/game/spaceflight_view.cpp,60%,per-system BkgndColor (syst +0x8e RRGGBB) decoded & used as solid backdrop; DrawContext/sprite-effect surface plumbing not reconstructed
0x0046BC50,Government_SetSystemFillColor,,0%,
0x0046BC90,Government_AreGovtsAllied,src/game/government.cpp,100%,Faithful reimpl as NovaGovernment_AreGovtsAllied (src/game/government.cpp/hpp): self returns true, derelict (flags_primary & 0x800) excluded, then cross-checks classes vs the other's ally list both directions. Verified vs Federation 0x80 / govt 0x81 (not allied) and govts 0x84/0x85 (allied).
0x0046BDF0,Government_AreGovtsHostileOrXenophobic,src/game/government.cpp,100%,Faithful reimpl as NovaGovernment_AreGovtsHostileOrXenophobic (src/game/government.cpp/hpp): enemy-class cross-check both directions, then fallback not-allied && (either xenophobic flag 0x0001). Verified vs Federation 0x80 hostile to govt 0x81; govts 0x84/0x85 non-hostile; synthetic xenophobic + derelict cases.
0x0046BFF0,Government_DoGovtsShareClass,src/game/government.cpp,100%,Clean-room port as NovaGovernment_DoGovtsShareClass: id equality or shared class_1..4 (no derelict exclusion, matching original)
0x0046C080,Ship_ComputeIonizationDecayRate,src/game/outfit.cpp,65%,"Class ionization decay rate is loaded from ship payload +0x36a and player ModType 39 ion dissipators are aggregated; per-frame charge decay is wired through Ship_HandleShip's NPC/player update path. Original cache behavior and ionization speed clamp remain TODO(decomp)."
0x0046C160,Ship_GetIonizationIntensity,src/game/spaceflight.cpp,45%,"NPC ionization normalization is ported through NovaShip_IonizationIntensity; class ionization capacity is loaded from ship payload +0x36c. Player outfit ModType 40 capacity additions and the decay-rate implementation remain TODO(decomp)."
0x0046C250,System_GetEffectiveMurkPercent,,0%,
0x0046C2F0,Weapon_GetShotImpactVariant,src/game/weapon.cpp,10%,"Spawn path mirrors the high-confidence Flags2 0x1000 -> ShotState.impact_variant conversion; the helper is not yet split into a one-to-one clean-room function."
0x0046C320,Weapon_SelectTurretQuadrant,,0%,
0x0046C4E0,Weapon_ChooseBestTurretQuadrantForTarget,,0%,
0x0046C5C0,Weapon_ApplyTurretSpreadVelocity,,0%,
0x0046C7A0,Ship_IsShipCloakVisibilityThresholdActive,src/game/targeting.cpp,100%,NovaTargeting_ShipAtCloakVisibilityThreshold: strict cloak_fade_progress (+0x64) gates at 24.0 while entering, 8.0 while clearing, and 16.0 baseline keyed on cloak_transition_latch; visual fade integration remains outside the clean-room targeting module.
0x0046C800,Frame_IsRectVisibleInViewport,,0%,
0x0046C930,Outfit_HasScannerTargetUntargetableCapability,src/game/targeting.cpp,100%,scanned inside NovaTargeting ScannerCapabilities: any owned outfit modType 0x1e with modVal bit 0x04 (kCloakScanner untargetable flag) across primary+alt mod slots; original's tri-state memo cache not reproduced (scan is once per targeting-command press).
0x0046CA60,Outfit_HasCloakScannerTargetCloakedCapability,src/game/targeting.cpp,100%,scanned inside NovaTargeting ScannerCapabilities: any owned outfit modType 0x1e with modVal bit 0x08 (cloaked-targeting flag); same no-cache note as the untargetable sibling.
0x0046CB90,Outfit_HasMiningScoopOutfit,src/game/outfit.cpp,100%,"Ported as NovaOutfit_HasMiningScoopOutfit: ModType 0x1F across the four mod slots; player branch scans owned outfits, NPC branch scans class default outfit slots."
0x0046CC60,Sprite_SetContainerIfChanged,,0%,
0x0046CCA0,Mission_AccumulatePlayerContributeMask,,0%,Clean-room contribute aggregation in landed_store ContributeMask now seeds the ship-class baseline + owned outfits (not missions/ranks), matching the Require gating used by outfit/ship purchases.
0x0046CD80,Outfit_EvaluateRequireMask,,0%,Require-mask satisfaction now routed through the ship-class-seeded ContributeMask (landed_store MeetsRequire), fixing fresh-player outfit purchases.
0x0046CDD0,Stellar_ComputeShipJumpDepth,,0%,
0x0046CEC0,Weapon_GetShipMaxWeaponRange,,0%,
0x0046D080,Ship_CheckSpecialLoadoutCapability,,0%,
0x0046D190,Ship_ShipsShareTargetLeaderChain,,70%,Implemented as SharesTargetLeaderChain in src/game/collision.cpp: walks both ai_target chains to roots and compares. Divergence: bounded walk tolerating malformed cycles (original is unbounded).
0x0046D250,PascalString_ToCStringInPlace,,0%,
0x0046D380,CString_ToPascalStringInPlace,,0%,
0x0046D4B0,Outfit_RecomputeOutfitDerivedState,,0%,
0x0046DF70,Outfit_ShipHasGravityShieldOutfit,src/game/spaceflight.cpp,50%,"gravity-shield gate split across two paths: the NPC branch (ship-class flags_secondary bit 0x40 + ai_control_mode 0x0c exclusion) via NovaShip_HasGravityShield; the player branch (owned opcode-38 inertial-dampener outfit via Outfit_HasOwnedEffect) used by stellar gravity. Player outfit-inventory nuance and caching not reproduced (cheap probe instead)"
0x0046E060,Ship_GetShipFuelBurnRate,src/game/outfit.cpp,75%,"player opcode-15 scan follows the last-owned-afterburner ModVal / 30-tick rate; original cache sentinel omitted"
0x0046E120,Stellar_ShipHasGravityShielding,src/game/spaceflight.cpp,25%,"player opcode-38/41 gravity immunity gates stellar force; ship-class and NPC behavior remain unimplemented"
0x0046E210,Stellar_ShipImmuneToStellarCrash,,0%,
0x0046E2F0,Ship_AccelerateShipTowardPoint,src/game/spaceflight.cpp,55%,"player stellar-gravity use reconstructed: unit bearing force with gravity*elapsed / squared-distance; generic helper and original near-zero constants remain inline/TODO(decomp)"
0x0046E3C0,Stellar_IsStellarActive,src/game/targeting.cpp,100%,NovaTargeting_IsStellarActive: population>0 && (handle active || engage access>0); runtime fields on Stellar
0x0046E3F0,Stellar_StellarTargetsSpriteSetActive,src/game/targeting.cpp,100%,NovaTargeting_StellarTargetsSpriteSetActive: control bit set && sprite-active == engaged flag (XNOR)
0x0046E440,Stellar_IsStellarUsableForTravel,src/game/targeting.cpp,100%,NovaTargeting_IsStellarUsableForTravel: targets-sprite-set-active && not availability_flags 0x3000
0x0046E470,Ship_ResolveShipTintColor,,0%,
0x0046E540,Frame_ShouldTriggerAutoRepairTick,,0%,
0x0046E6D0,NovaText_SplitPascalStringAtNewline,,0%,
0x0046E790,System_FindSystemContainingStellar,src/game/targeting.cpp,100%,"NovaTargeting_FindSystemContainingStellar: first system (visible-first, else all) whose nav list owns the stellar id, else -1"
0x0046E840,NoSys_NoOp_0046e840,,0%,
0x0046E850,NoSys_NoOp_0046e850,,0%,
0x0046E860,Government_GetGovernmentPolicyFlag,,0%,
0x0046E8B0,Outfit_ComputeOutfitSalePrice,,0%,
0x0046E8E0,NovaUi_DestroyWindowGuarded,,0%,
0x0046E910,Outfit_ComputeOutfitPurchasePrice,,100%,"src/game/scenario_data.cpp Outfit::PurchasePrice() (flagged cost * hull, never below base)"
0x0046E950,Outfit_ComputeOutfitPurchaseMass,,100%,"src/game/scenario_data.cpp Outfit::PurchaseMass() (flagged mass * hull / 100, round half away, never below base)"
0x0046E9E0,Stellar_SelectRandomAdjacentDestination,,0%,
0x0046EA40,Outfit_CountCarriedShipsForOutfit,,0%,
0x0046EBB0,Stellar_CountValidLinkedStellarDestinations,,0%,
0x0046EBF0,NovaEffects_QueuedAmbientStarParticles,src/game/spaceflight_view.cpp,90%,"20-slot starfield spawn (SpawnAmbientStars): count=round(h/600*20), random frame over 16-frame star sheet (sp.x9an 700), offset, parallax speed=random(0x23)*0.01, outer-slot carry-over, murk<0 gate all faithful; only DAT_005914d7 toggle not plumbed (kept enabled)"
0x0046EDE0,NovaEffects_ClearAmbientStarParticles,src/game/spaceflight_view.cpp,70%,cleared when system murk<0 via SpawnAmbientStars path
0x0046EE50,NovaEffects_UpdateAmbientStarParticles,src/game/spaceflight_view.cpp,85%,"per-frame delta integration + drift threshold (0.0f, DAT_005757d8) faithful (UpdateAmbientStars, routed through unified SpaceflightView::AdvanceAnimations per-frame pass); sign verified against caller (prev-cur)"
0x0046EEB0,PascalString_Copy,,0%,
0x0046EF00,CString_Equals,,0%,
0x0046EF80,NovaUi_HideTravelSelectionSprite,,0%,
0x0046EFB0,Stellar_GetJumpSequenceDurationMs,,0%,
0x0046EFD0,Stellar_AreStellarsEquivalent,src/game/mission.cpp,100%,Clean-room port as NovaStellar_AreStellarsEquivalent: id equality or same pos+display-name twins; [0,0x800) range gate
0x0046F100,Government_IsReputationTrackingGovernment,,0%,
0x0046F140,Ship_HasAnyCargoLootOrActiveMission,,0%,
0x0046F1E0,Frame_AddCombatRatingPoints,,0%,
0x0046F270,Weapon_GetWeaponFireIntervalTicks,src/game/weapon.cpp,35%,fire-interval via reload_ticks in the cooldown set by NovaWeapon_FirePlayerWeaponBank, which now divides by weapon_bank_ammo (speed_scalar/ammo) so a second mounted weapon doubles fire rate; exact burst-count side-effects and flags-0x40 branch still not replicated
0x0046F2C0,Weapon_GetWeaponBurstAttempts,,0%,
0x0046F3F0,Weapon_ApplyWeaponOnHitEffects,src/game/collision.cpp,65%,Direct hits apply ionization unattenuated (impact_pos NULL); splash hits attenuate by squared distance inside splash_radius and OR the color. The gameplay-surface==8 overwrite branch of field_0xb0 remains TODO(decomp).
0x0046F500,ResourceArchive_OpenNamedSearchingPaths,,0%,
0x0046F690,Resource_CountFilesByExtInFolder,,0%,
0x0046F740,DrawContext_AllocateFromPictResource,,0%,
0x0046F850,Hud_LoadOverlaySurfaceFromSpinImage,,0%,
0x0046F8E0,DrawContext_PushCurrentAndSet,,0%,
0x0046F910,DrawContext_RestorePreviousCurrent,,0%,
0x0046F920,DrawContext_DestroyIfOwned,,0%,
0x0046F940,DrawContextHandle_GetContextPtr,,0%,
0x0046FA30,Profile_PrintTimingsEntry,,0%,
0x0046FBF0,Particles_ClearAllPools,,0%,
0x0046FC10,Profile_ResetAllEntrySlots,,0%,
0x0046FDE0,ProfileScope_SetLabel,,0%,
0x0046FE20,ProfileScope_Begin,,0%,
0x0046FE80,ProfileScope_End,,0%,
0x0046FF00,Profile_WriteReportFile,,0%,
0x00470000,DebugLog_Open,,0%,
0x00470100,Profile_FreeSharedStream,,0%,
0x00470120,NovaDebugLog_PrintCString,,0%,
0x00470150,NovaDebugLog_PrintCStringIndir,,0%,
0x004701B0,Profile_PrintDateStamp,,0%,
0x004701F0,NovaDebugLog_PrintInt,,0%,
0x00470220,NovaDebugLog_PrintNcbSetStringContent,,0%,
0x00470390,NovaDebugLog_PrintLine,,0%,
0x004703C0,Profile_SharedStreamPresent,,0%,
0x004703E0,BlitPixieInterface_CopyRect,,0%,
0x00470680,BlitPixie_BlitRectTintedOrPalette,,0%,
0x00470960,BlitPixie_BlitRectMasked,,0%,
0x00470C20,BlitPixie_BlitRectMaskInverted,,0%,
0x00470EE0,BlitPixie_BlitRectRleCommandStream,,0%,
0x004711E0,BlitPixie_BlitRectRawCopy,,0%,
0x00471800,BlitPixie_CopyRectRegionBetweenFrames,,0%,
0x00471920,BlitPixie_CopyRectFromFrameMasked,,0%,
0x004719D0,SpriteFrame_ConvertColorToSurfaceDepth,,0%,
0x00471A70,BlitRope_CopyRowsMasked,,0%,
0x00471B70,BlitRope_CopyRowsMaskInverted,,0%,
0x00471CF0,BlitRope_CopyRows,,0%,
0x00471D30,BlitRope_CopyRowsTintedRgb15,,0%,
0x00471DC0,BlitRope_CopyRowsSkipTransparent,,0%,
0x00471E10,SpriteRleCommandStream_DecodeUnclipped,,0%,unscaled command renderer referenced in notes
0x00471E90,SpriteRleCommandStream_DecodeClippedRow,,0%,
0x00472000,SpriteRleCommandStream_ByteSwap,,0%,resource byte-swap helper referenced in decode notes
0x00472190,SpriteRleCommandStream_SkipToRowCount,,0%,
0x00472420,SpriteRleCommandStream_AdvanceRowsAndBlit,,0%,
0x00472510,SpriteRleCommandStream_BlendColorRuns,,0%,
0x00472900,SpriteRleCommandStream_BlitTintedRgb15,,0%,
0x00472B30,SpriteRleCommandStream_BlitRaw,,0%,
0x00472BB0,SpriteRleCommandStream_BlitIndexedOrRgb15,,0%,
0x00472CF0,SpriteRleCommandStream_BlitIndexedRaw,,0%,
0x00472D70,SpriteRleCommandStream_BlitTintedRgb15Clipped,,0%,
0x004730D0,SpriteRleCommandStream_BlitRawClipped,,0%,
0x00473270,SpriteRleCommandStream_BlitIndexedOrRgb15Clipped,,0%,
0x00473500,SpriteRleCommandStream_BlitIndexedRawClipped,,0%,
0x004736A0,Color_ClampTo5Bit,,0%,
0x004736C0,BlitPixel_TintRgb15Span,,0%,
0x00473B60,BlitPixel_CopyOrSpan,,0%,
0x00473C20,BlitPixel_TranslateIndexedSpan,,0%,
0x00473DC0,BlitPixel_CopySkipTransparentSpan,,0%,
0x00473E00,BlitPixel_RemapTintSpan,,0%,
0x00473FA0,BlitPixel_CopyIndirectKeyedSpan,,0%,
0x004740D0,NovaSetup_LoadIndexedSpriteLookupBanks,,0%,
0x00474300,NovaSetup_FreeIndexedSpriteLookupBanks,,0%,
0x00474350,BlitPixel_CopySpan,,0%,
0x00474410,BlitPixel_FillSpan,,0%,
0x004744A0,Sprite_Create,src/game/sprite_world.cpp,60%,"Sprite object model (empty frame set + current frame index) mirrored by game::Sprite; Sprite_AddFrame/Release/SetCurrentFrame/TheFrame implement the frame-array ownership and clamps; creation resets runtime state; the original's error slots and update/draw callback slots are not populated"
0x00474720,Sprite_InitOrAllocate,,0%,
0x00474970,Sprite_CreateFromSequentialFrameResources,,0%,
0x00474AB0,Sprite_CreateFromSpriteSheetResources,src/game/sprite_world.cpp,25%,"SpriteAsset::LoadSpin implements the tile-grid frame-set construction (parse sp.x9an descriptor, decode named rl.x91D sheet into per-tile frames, upload textures, per-frame centre anchors) consumed by the spin store (stellars +1000, weapon shots +3000, star field 700); frames are assignable onto a live Sprite via Sprite_AssignAsset (Sprite_CreateFromSpriteSheetResources -> Sprite_AssignSpriteSet opening); DrawContext creation and render/present plumbing not reconstructed"
0x00474E90,Sprite_CreateFromMultiFrameResource,src/rle_sprite_sheet.cpp,100%,Sprite_CreateFromMultiFrameResource rl\x91D decode
0x00475050,Sprite_Clone,,0%,
0x00475470,SpriteList_FreeStruct,,0%,
0x004754A0,SpriteList_ReleaseMembers,,0%,
0x00475550,Sprite_PrepareFramesAndAttachResourceData,,0%,
0x004756C0,Sprite_ReleasePreparedFramesAndDetachResourceData,,0%,
0x00475740,Sprite_AddFrame,src/game/sprite_world.cpp,80%,"Sprite::AddFrame appends a reference-counted SpriteFrameImage to the sprite's frame list (shared_ptr refcount), returning the new index or -1 on null; frame capacity growth mirrors Sprite_AddFrame's array growth"
0x00475800,Sprite_InvokeDrawOrUpdateProc,,0%,
0x00475830,Sprite_SetCurrentFrame,,0%,
0x00475940,Sprite_SetUpdateCallback,,0%,
0x00475970,Sprite_SetDrawProcValidated,,0%,
0x00475A60,Sprite_SetFrameRange,,0%,
0x00475AF0,Sprite_SetPositionFromCurrentFrameAnchor,src/game/sprite_world.cpp,70%,"per-frame anchor alignment reimplemented: SpriteAnchorTransform/Sprite_AnchorToScreen computes the top-left given the frame-local anchor and DrawSprite aligns the frame's stored anchor (or Sprite_DrawOptions.anchor_* override, e.g. a shot's gun-fire point) to the world position, matching Sprite_SetPositionFromCurrentFrameAnchor placing the anchor on the world point; anchor data is stored per frame (Ghidra SpriteFrame +0x2a/+0x2c, centre for tile/sheet sets); Sprite::SetPositionFromCurrentFrameAnchor records the located position"
0x00475B80,Sprite_SetVisible,,0%,
0x00475BE0,Sprite_TestBoundingCircleOverlap,,0%,
0x00475C80,Sprite_TestPixelMaskOverlap,,0%,
0x00475E20,Sprite_TestOpaquePixelAtPoint,,0%,
0x00475EC0,Sprite_IsRectInsideCurrentFrameInsetBounds,,0%,
0x00475F70,Sprite_AssignSpriteSet,src/game/sprite_world.cpp,55%,"Sprite_AssignAsset binds a SpriteAsset's frames onto a live Sprite as reference-counted frame images retaining the shared set (keeps the SDL textures alive); replaces the prior frame set like Sprite_AssignSpriteSet rebinding; per-sprite world placement/sprite-set table still not reconstructed"
0x004760C0,Sprite_CompileFrames,,0%,
0x00476400,SpriteFrame_CreateFromRect,,0%,
0x004765D0,SpriteFrame_CreateFromSpriteRect,,0%,
0x00476800,SpriteFrame_CreateFromCicnResource,,0%,
0x004769D0,SpriteFrame_ClearHandle,,0%,
0x004769E0,Sprite_FreeDrawContext,,0%,
0x004769F0,SpriteFrame_AllocateEmpty,,0%,
0x00476BD0,Sprite_Release,src/game/sprite_world.cpp,80%,"Sprite::Release clears the frame set, dropping each frame image's refcount (shared_ptr frees the SDL handle at zero); mirrors Sprite_Release releasing the frame refs at teardown"
0x00476C70,Sprite_Destroy,,0%,
0x00476CB0,SpriteFrame_PushAsCurrentContext,,0%,
0x00476D10,SpriteFrame_RebuildRowOffsets,,0%,
0x00476E10,SpriteFrame_EnsurePrepared,,0%,
0x00476F10,SpriteFrame_ResetPreparedState,,0%,
0x00476F80,SpriteFrame_EnsureLoaded,,0%,
0x00477070,SpriteFrame_ReleaseOverlayState,,0%,
0x004770D0,SpriteLayer_Create,,0%,
0x00477120,SpriteLayer_Free,,0%,
0x00477140,SpriteLayer_AppendSprite,,0%,
0x004771C0,SpriteLayer_RemoveSprite,,0%,
0x00477240,SpriteLayer_SetId,,0%,
0x00477250,SpriteLayer_PrepareSprites,,0%,
0x00477290,SpriteLayer_ReleasePreparedSprites,,0%,
0x004772D0,Ship_TestSpriteLayerOverlaps,,0%,
0x00477630,Sprite_ClearLastError,,0%,
0x00477640,Sprite_AllocateOwnerWithLayer,,0%,
0x00477910,SpriteFrame_CreateFromRenderOwner,,0%,
0x00477AF0,Stub_SpriteNoOp,,0%,
0x00477B00,SpriteWorld_AppendLayerTail,,0%,
0x00477B50,SpriteWorld_RemoveLayerFromChain,,0%,
0x00477BA0,SpriteWorld_PrepareAllLayers,,0%,
0x00477C10,SpriteWorld_ClearSurface14,,0%,
0x00477C40,SpriteWorld_ClearSurface18,,0%,
0x00477C70,DrawContext_RestoreOwnerContext,,0%,
0x00477C90,SpriteWorld_SetRectCopyProc,,0%,
0x00477CE0,SpriteWorld_SetPreRenderHook,,0%,
0x00477CF0,SpriteWorld_SetPostRenderHook,,0%,
0x00477D00,SpriteWorld_SetTargetFps,,0%,
0x00477D60,SpriteWorld_SetEffectColor,,0%,
0x00477F10,Sprite_CompositeCurrentFrameToContext,,0%,
0x00477F30,SpriteFrame_DrawFrameToCurrentContext,,0%,
0x00477FA0,SpriteWorld_RenderLayers,,0%,
0x004781F0,SpriteWorld_UpdateAnimatedSprites,,0%,
0x00478480,SpriteWorld_PresentDirtySprites,,0%,
0x00478BB0,SpriteWorld_DrawSpriteAgainstDirtyList,,0%,
0x00478CF0,SpriteWorld_PruneInactiveSprites,,0%,
0x00478D70,SpriteWorld_AppendDirtyRect,,0%,
0x00478E20,SpriteWorld_MarkDirty,,0%,
0x00478E40,SpriteWorld_CanUseDirtyRectFastPath,,0%,
0x00478E50,SpriteWorld_ReleaseAllSpriteFrames,,0%,
0x00478F10,SpriteWorld_CanRender,,0%,
0x00478F20,SpriteWorld_FreeDrawContext,,0%,
0x00478F30,SpriteWorld_CreateDrawContextFromResource,,0%,
0x00478FA0,SpriteWorld_CreateDrawContextFromImage,,0%,
0x00479070,Sprite_CompositeFrameToNewSurface,,0%,
0x004791B0,Sprite_InvalidateRenderOwnerRect,,0%,
0x004791D0,Sprite_InvertRect,,0%,
0x00479210,SpriteWorld_SetChannelFillForDepth,,0%,
0x00479250,SpriteWorld_NotFoundSentinel,,0%,
0x00479260,SpriteWorld_CopyRectToSurfaceAndFill,,0%,
0x004794A0,SpriteWorld_ClearFillState,,0%,
0x004794B0,Sprite_SetLastError,,0%,
0x004794D0,Sprite_ReportFatalError,,0%,
0x00479590,Beam_DrawBlendedSegment,,0%,
0x004797B0,Beam_BlendLineSegment,,0%,
0x00479C50,SWBeams_DrawBeamSegment,,0%,
0x00479CF0,SWBeams_PlotBresenhamLine,,0%,
0x00479FE0,SWBeams_DrawShortBeam,,0%,
0x0047A410,SWBeams_DrawThickFadingBeam,,0%,
0x0047AC50,SWBeams_DrawKinkedBeam,,0%,
0x0047AFD0,SWBeams_DrawBeamWithFlare,,0%,
0x0047B3C0,SWBeams_SetupAndClipSegment,,0%,
0x0047B710,Rect_AlignCenterIn,,0%,
0x0047B7A0,Resource_IsResourceTypePresent,,0%,
0x0047B7C0,SWParticles_DefaultPoolSize,,0%,
0x0047B7D0,Stub_NoOp_0047b7d0,,0%,
0x0047B7E0,SWParticles_AllocatePool,,0%,
0x0047B870,SWParticles_FreePool,,0%,
0x0047B8C0,SWParticles_ResetEntries,,0%,
0x0047B940,SWParticles_SetViewOrigin,,0%,
0x0047B960,SWParticles_SpawnParticle,,0%,
0x0047BB30,SWParticles_RestoreSavedPixels,,0%,
0x0047BDD0,SWParticles_DrawParticles,,0%,
0x0047C3A0,SWParticles_UpdateDirtyPixels,,0%,
0x0047C800,SWParticles_Update,,0%,
0x0047C8E0,NovaUi_RunTravelDestinationServicesWindow,src/game/landed_window.cpp,38%,"docked/screen modal via NovaLanded_RunWindow: Spaceport backdrop PICT 0x2134 (via g_travel_overlay_sprite_handle, FUN_0048e970) drawn across the fixed 640x480 playfield, with the destination stellar's own planet picture (PICT 0x2710+link_a_id, or its custom pict id at engage_highlight_frame>=0x80 per FUN_0048e970) drawn 1:1 into the Spaceport DITL-0x3e8 outer panel (612x285, the pict's natural size); destination name centred in the header band; the stellar's landing description (desc block key 0x64917363 at the raw stellar resource id, Ui_LoadSelectionDialogResource) word-wrapped into the inner panel, falling back to credits/fuel/hull status lines when absent; services in the DITL-0x3e8 two-column x4-row button layout at the lower left/right using the real three-state button strips (normal 0x1d4c.., pressed 0x1d4f.., grey 0x1d52..). Button state follows the original: mouse-hover = pressed art, unavailable slots (per StellarDef travel_flags/fuel/credits, mirroring NovaUi_RedrawTravelActionButtons 0x004a0220) = grey, no keyboard focus highlight; input is first-letter shortcuts (r/f,c/t,o,s,n,b; Enter/Esc leave) not WASD; refuel billed, armor/shields auto-repaired free on landing (Stellar_TravelToSystem 0x00455e10; there is no docked Repair button in the original); icon glyphs, the Communications frame and the desc placeholder expansion (<=1) still mocked; the sub-window modals now render as real on-screen dialogs via NovaLanded_RunSubWindowDialog (src/game/docked_dialog.cpp): each service's Nova Graphics 3 frame PICT (0x2135 Shipyard/0x2136 Outfit/0x2137 Bar/0x2139 Mission BBS/0x213d Map/0x213e Trade) over the re-layered docked backdrop 0x2134 under a dim scrim, heading + Leave, Esc/Enter/click to close; on modal entry the AvailLoc-3 offer pass (0x00491f30's g_misn_list_page_group=3 + Mission_TriggerReturnMissionInteractions(3) 0x00448670 slice) runs over a dock snapshot via Mission_TriggerLandingInteractions + NovaMission_RunOfferWindow
0x0047CFE0,NovaUi_DrawTravelDestinationServicesWindow,,0%,
0x0047D180,NovaUi_RunTravelNewsWindow,,0%,
0x0047D370,NovaUi_DrawTravelNewsWindow,,0%,
0x0047D560,NovaUi_HandleTravelNewsWindowInput,,0%,
0x0047D600,NovaUi_RedrawTravelNewsHeader,,0%,
0x0047DC50,NovaUi_RunTravelGoodsFlashWindow,,0%,
0x0047E1E0,NovaUi_DrawTravelGoodsFlashWindow,,0%,
0x0047E2D0,NovaHud_ShowOverlayMessage,src/game/hud_overlay.cpp,60%,transient HUD overlay message reconstructed (NovaHud_ShowOverlayMessage + state on GameState): text cache, colour, wall-clock expiry, drawn by HudRenderer bottom-band; user feedback (landing denial) wired. Edge-flag/colour-palette fidelity + exact durations approximate
0x0047E430,NovaHud_ShowCachedOverlayMessage,src/game/hud_overlay.cpp,70%,transient overlay replays the cached message (NovaHud_ShowCachedOverlayMessage): re-arms the live message expiry; drawn by the same HudRenderer path
0x0047E470,NovaUi_RunTargetShipCommWindow,src/game/ship_comm_dialog.cpp,75%,"NovaShipComm_RunShipDialog (DLOG 0x3ef, PICT 0x213f): composites over the live flight view via SpaceflightView::DrawGameFrame (no scrim; original DLOG-over-gameplay-surface); geometry now laid out from the real DITL 0x3ef at runtime (shipped-constant fallback): 200x200 portrait (ShipClass pict_fallback 5000+, pers HailPict +0x12 >0x7f override) in the item-10 box + item-9 prompt panel / item-11 Class:/Status: block per 0x0047fb70 + 3 context buttons (Close Channel/Request Assistance|Beg For Mercy|Release/Greetings per DAT_007d82ee/f0/f2) stacked lower-left per items 0/1/2 (special-scan-mask hides assistance and drops Greetings to the middle item-1 rect); personality + bribe cost (5e-07/1e-4 scales, raw Range pick *1000+base -- off-by-one fixed, 0.333 cap, [1000,20000]), bribe latch, initial prompt ladder, assistance dialogue state machine (fire-restricted/escort-release/keep-pressing/comm-aid/distress/fuel-bribe), single-pass payment (35%, 0.75x, +1000 haggle, free-help scan_mask 0x10), Greetings hail-info (default fragment only, per user deferral), keyboard shortcuts e/Esc/Enter/r/g. Deferred: escort-management handoff, fleet-def branches, full hail-info assembly, cargo transfer"
0x0047F9C0,NovaUi_RunTravelDestinationBribeWindow,,0%,
0x0047FA40,NovaUi_PollTargetShipCommWindow,,0%,
0x0047FB70,NovaUi_DrawTargetShipCommWindow,src/game/ship_comm_dialog.cpp,80%,"Renamed 2024 (was ...DrawTravelDestinationBribeWindow -- wrong): the shared ship-comm window renderer (backdrop 0x213f + context buttons + item-10 portrait + item-11 info block + item-9 prompt panel), called per tick by 0x0047e470; the payment modal draw is 0x004826a0. Ported in DrawShipCommDialog: black item-11 block (grey Class: 0xc3 + white class name / pers-0x3ff "Ambrosia Mascot" at +0x23, "(comm name)" +0x19, Status: 0xc4 line with orange Escort 0xa8 / Hired Escort 0xa6 by +0xbb or red Hostile 0xae while keep-pressing, suppressed on AI target / escort latch), fill+InvertRect prompt panel netted to black bg + white DT_WORDBREAK-wrapped Geneva-12 text (see docs/comm_dialogs.md). TODO(decomp): GDI draw path approximated with SDL text raster"}
0x00480030,NovaUi_RunTravelDestinationInteractionWindow,src/game/negotiation_dialog.cpp,85,"comm-window semantics now faithful in NovaNegotiation_RunDestinationDialog: STR# 0x96 labels via the DAT_007d83aa mapping (Close Channel bottom / Greetings|Offer Bribe top / Demand Tribute|Release middle, disabled when dominated+avail 0x20), STR# 0xbba/0xbb8 status ladder (welcome + name, denied prompt 2, uninhabited prompt 1, greeting response 9, refusal 9, bribe-offer 8), real RNG bribe cost + latch, govt policy-flag denial override, DLOG 0x3f0 payment sub-modal rendered per frame over the interaction window (0.75x Lower Price grant, refused/closed +1000 haggle), bribe success auto-lands with the faithful STR# 0x7d2 overlay; Demand Tribute/Release branch remains deferred with TODO(decomp). Geometry from real DITL 0x3f1"
0x004812C0,NovaUi_DrawTravelDestinationInteractionWindow,src/game/negotiation_dialog.cpp,90,"DrawNegotiationDialog paints the DLOG 0x3f1 backdrop over the live flight view via SpaceflightView::DrawGameFrame (no scrim), centred at natural size from the runtime DITL layout: three comm buttons with hover/pressed art, the item-3 status panel (original fill/filled-rect/InvertRect sequence nets to black fill with white wrapped text), destination planet picture in the item-4 frame, and the item-5 header block (name +12, desc +26, Status: +42 with Forbidden/Hostile/Dominated/Owned/Uninhabited words in the verified palette); item-4 thumbnail shows the stellar ambient spin sprite (link_a_id+1000 via the shared spin store + StellarCurrentFrame, native size centred) with the planet PICT as a logged fallback only"
0x004819D0,NovaUi_BuildShipCommHailInfoText,,0%,
0x00482280,NovaUi_RunTravelDestinationPaymentWindow,src/game/negotiation_dialog.cpp,80,"RunBribePaymentWindow ports the DLOG 0x3f0 modal: window-open 35% roll, Accept Price = paid, granted Lower Price discounts 0.75x + /100 rounding and keeps the window open on the new figure (sVar4 latch), declined Lower Price = refused; caller applies the credits check then the +1000 haggle/latch reset. Rendered per frame over the interaction window + flight view. Debt mode (1.33x, mission payoff) not reconstructed"
0x004826A0,NovaUi_DrawTravelDestinationPaymentWindow,src/game/negotiation_dialog.cpp,75,"DrawPaymentWindow in src/game/negotiation_dialog.cpp: DITL 0x3f0 geometry (runtime load + fallback), backdrop PICT 0x2142, prompt band <I will pay you> <grouped> <credit(s)>. (STR# 0x7d2 0xbc + cached credit pstrings) and Accept Price / Lower Price three-state buttons with hover; debt-mode prompt variant not reconstructed"
0x004828C0,NovaUi_LoadTravelDestinationPromptString,,0%,
0x00482910,NovaUi_LoadTravelDestinationStatusString,src/game/negotiation_dialog.cpp,80,status STR# 0xbba loaded via NovaHud_LoadStringEntry with the 5-flavour variant at message*5+random+1 (real per-launch random index)
0x00482940,NovaUi_RunBoardingPlunderWindow,src/game/boarding_plunder.cpp,65%,"Clean-room modal over DLOG 0x3f3 (PICT 0x2143): panic=rand(0x1a)+0xf, offer build, input flush on open, 60 Hz loop (panic self-destruct re-roll is ONE rand(100)<=panic check on the iteration after each successful loot action, latch cleared each pass), six three-state buttons, loot transfers (cargo clamp, credits, ammo ownership-gated, fuel fill) each multiply panic and arm the self-destruct roll, capture arm (derelict gate, roll, 1-in-10 Oops overlay pool 0x70, escort-cap gate, behavior-6 conversion with armor restore + reset-after-boarding). Corrected 1-based STR# indices. Modal renders the LIVE game view beneath itself each frame via SpaceflightView::DrawGameFrame (former DrawInGameFrame) — no snapshot, no scrim, HUD overlay message visible at its normal spot (0xf0/0x168-tick lifetimes per Frame_UpdateScreenFlashTimers 0x0042f1b0). Dispatch runs the window synchronously (split reverted). Matches the original's DLOG composited over the gameplay surface. Capture arm shows the DLOG 0x3fa capture-decision dialog (0x00497EB0 port) when player crew >= 1; swap choice falls back to escort (logged TODO). TODO(decomp): mission-ship free-outfit arm, ship swap (Outfit_SwapPlayerShipWithEscort), reaction script, mass accounting in the ammo loop."
0x00484230,Ship_BuildBoardingPlunderOptions,src/game/boarding_plunder.cpp,85%,"Faithful rolls: dude/mission booty credits (2.0 threshold + rand branch), booty-flag cargo bins, ammo candidates via Weapon_HasMatchingWeaponAmmoCarried quirk, fuel bins, capture odds (crew+10% escorts+marines, strength accumulator +10 gate, +-5 noise, clamp [1,75], derelict 0x800 + escort-cap zeroing). TODO(decomp): personality booty arm (PersDef +0x618 unmodeled), is_licensed_runtime gate."
0x00484D30,NovaUi_DrawBoardingPlunderWindow,src/game/boarding_plunder.cpp,80%,"Draws the PICT 0x2143 backdrop and the DITL item-4 panel in the shipped layout (docs/reference/boarding.jpg): title STR# 0x6c, Cargo/credits/Ammo rows with 'none' dim markers, bottom Energy row with 'Capture Odds:' at x+120. Commodity names STR# 0xfa1 entry type; credits grouped. All 1-based indices corrected; pinned by tests/boarding_strings_test.cpp. Runs inline in NovaBoarding_RunWindow (cited at 0x00482940)."
0x004853A0,NovaUi_RunEscortShipManagementWindow,,0%,
0x00485970,NovaUi_DrawEscortShipManagementWindow,,0%,
0x004860B0,Profile_ExpressionGate_860,,0%,
0x004860C0,Profile_CountExpression_860,,0%,
0x004860D0,Util_Rotl8,,0%,
0x004860F0,Compiler_UninitializedReturn,,0%,
0x00486100,Profile_ExpressionTimestamp_860,,0%,
0x00486110,Compiler_ReturnZero,,0%,
0x00486120,Menu_OpenGalaxyMapDialog,src/game/about_dialog.cpp,50%,Misnamed in Ghidra: this is the ABOUT NOVA dialog (d£sc 0x7fff via the selection-dialog path, DLOG 0xbbb). Port draws the DLOG geometry + scrollable text provisionally; original read-only text view (NovaTextView_Create 0x004bcd90) not reconstructed
0x004861B0,NovaHud_TrackFocusHoverIndex,src/nova_app.cpp,100%,NovaHud_TrackFocusHoverIndex menu hover tracking
0x00486790,View_ResetCameraAndHover,,0%,
0x00486880,NovaMainLoop_Run,src/nova_app.cpp,100%,NovaMainLoop_Run
0x00486EC0,NoSys_NoOp_00486ec0,,0%,
0x00486ED0,NovaGameMode_DispatchAction,src/nova_app.cpp,100%,NovaGameMode_DispatchAction; action 5 now opens the About Nova dialog (Ghidra's Menu_OpenGalaxyMapDialog is a misnomer); menu music stops for spaceflight and resumes on return when Intro Music is enabled
0x004872A0,NovaCommand_DispatchToMode,,0%,
0x004873B0,NovaRender_RedrawAndPresentFrame,src/nova_app.cpp,100%,NovaRender_RedrawAndPresentFrame; bottom text block ported: steady "No Pilot File Loaded" prompt (STR# 0x7d2 0x114) when no pilot, two-column pilot status panel + clone-source portrait when one is; menu title cadence and center-preview alpha timing are timer based
0x00487FCD,NovaRender_RestoreClippedRegion,,0%,
0x00488080,NovaMainLoop_UpdateFrame,src/nova_app.cpp,100%,NovaMainLoop_UpdateFrame
0x00488380,NovaView_UpdateGameplayViewport,src/game/gameplay_interface.cpp,45%,frame-centering + HUD origin/anchor arithmetic reimplemented as GameplayGeometry_FromSurface; viewport-rect source + surface fill/blit + render integration not yet wired
0x00488650,Menu_RunSettingsDialog,src/game/preferences.cpp,75%,"core modal: DLOG 0xfa3 geometry, toggles, sliders, OK/cancel, and Key Settings sub-dialog; .prf persistence and windowed-mode live toggle remain TODO"
0x00489210,Ship_RunSpaceflightMode,src/game/spaceflight.cpp,10%,"Ship_RunSpaceflightMode skeleton: faithful loop/cadence, gameplay scopes stubbed"
0x00489D70,Menu_RunNewGameFlow,src/game/new_pilot_flow.cpp,65%,Dialog chain now ported on the dialog runtime (selection dialog 0x0048a7e0 + christening 0x00497900, STR#/MENU resources) and reset/inventory/bank-reconcile preserved; still missing Ship_DeactivateVacantShipsAndTally, Frame_TriggerSystemRegionEvents, NovaResources_EvaluateAvailability, stellar flag pass, date block copy, second InitializePlayerState pass, .plt write
0x0048A7E0,Menu_RunPilotSelectionDialog,src/game/new_pilot_flow.cpp,75%,Ported on the SDL dialog runtime (ui_dialog.cpp) from real DLOG 0xc1d/0xc1e: variant census, row 4 Strict Play toggle (code 4), rows 8/9 STR# 0x80 prefills + 0x18 validation, row 11 Gender popup (MENU 0x1f4, 'm' latch), row 13 Character popup (MENU 0x1f5 runtime fill) preselected via PilotData_FindActivePilotName (0x004cd290), copy-back; in-memory registry merge remains TODO(decomp)
0x0048ADC0,IntroCinematic_Run,src/game/intro_cinematic.cpp,95%,Timed configured-frame playback; Enter (0x1c)/Space (0x39) advance one frame only, the primary command (binding slot 0x17, default 0x01 = mouse) latches the skip-all latch bVar9 (Input_PumpAndTestCommand polls a key-state table level; port uses a 16ms poll), which also suppresses the epilogue; per-frame snd 0x7533 attempt (NovaSound_LoadDecodedById; absent in stock archives); epilogue gate (!skip && dest != -1) faithful, stock .Trader dest = -1 opens nothing; the desc-text dialog (Ui_RunTravelSelectionDialog) remains a stub
0x0048B230,NovaRender_PresentBlockingTransitionFrame,,0%,
0x0048B250,NovaAudio_PreloadTransitionEffects,,0%,NovaAudio_PreloadTransitionEffects into DAT_007d24b8
0x0048B280,Menu_RunKeySettingsDialog,src/game/preferences.cpp,70%,"DLOG 0xfa2 modal with native PICT 0x8b backdrop, 34-row shadow editing, capture, Set Default, duplicate validation, and Cancel/OK; persistence/input integration remain TODO(decomp)"
0x0048B6D0,Menu_KeySettingsHandleInput,,0%,
0x0048B860,Menu_KeySettingsDraw,,0%,
0x0048BBB0,NovaHud_ReleaseTransientResources,,0%,
0x0048BC20,NovaAudio_PlayTransitionEffectsWait,,0%,
0x0048BC90,NovaHud_UpdateLayoutState,,0%,
0x0048BF40,Hud_FreeTransientEffects,,0%,
0x0048BFB0,Frame_TickTimerDecayAndEffects,,0%,
0x0048C210,NovaHud_UpdateFocusAnimationState,src/nova_app.cpp,70%,UpdateMenuCenterPreview: fade eases ±4/ms toward 0x20 and the lane switches only after decay (verified against NovaHud_RenderFocusOverlay's tinted/opaque blit paths); the once-per-ms tick and the sprite pixel-test are folded into the SDL frame loop
0x0048C3C0,NovaHud_RenderOverlays,,0%,
0x0048C580,NovaHud_RenderFocusOverlay,src/nova_app.cpp,80%,Center-preview draw: rest state = OR-composite of the frame into the backdrop (BlitRaw -> BlitPixel_CopyOrSpan, verified in-game vs pilot.png), alpha fade approximates the BlitTintedRgb15 cross-fade; the lane-clamp/anchor plumbing lives in the menu renderer
0x0048C730,NovaUi_HandleTravelDestinationInteractionLoop,,0%,
0x0048D190,NovaUi_HandleTravelServicesMenuInput,,0%,
0x0048D5A0,TravelOutfitMenu_FUN_0048d5a0,,0%,
0x0048D6F0,NovaUi_RedrawTravelServicesMenu,,0%,
0x0048E970,NovaUi_LoadTravelOverlaySprites,,0%,
0x0048EA70,NovaUi_RunTravelOutfitInteractionLoop,src/game/docked_dialog.cpp,42%,Partial clean-room modal: native 765x321 frame and DITL-aligned 4x5 grid/action controls; row paging; one-item buy/sell with in-place list refresh preserving the opening-count snapshot (same-session full-price refund vs half-price resale, priced off the stellar-scaled purchase price) and inventory mutation/exit cleanup. Quantity modifiers and dependent-ammo/bay protection branches remain TODO(decomp).
0x004903C0,NovaUi_HandleTravelOutfitMenuInput,src/game/docked_dialog.cpp,30%,Mouse grid/action handling plus B/S/P/N/L shortcuts drive selection buy/sell paging and exit; buy/sell both refresh the visible list in place and load the outfit description at zero-based id+3000 (`selected_id - 0x80 + 3000`). Original command-map navigation and quantity modifiers remain TODO(decomp).
0x004909A0,TravelOutfitMenu_FUN_004909a0,,0%,
0x00490C70,NovaUi_RedrawTravelOutfitMenu,src/game/docked_dialog.cpp,50%,Partial clean-room redraw using native PICT 0x2136 and original DITL geometry: 4x5 grid with zero-based outfit index+6000 PICT thumbnails selected 200x200 preview desc resource-id (zero-based+3000) price credits mass/free-mass selection and disabled action states; encoded newline splitting and one/two-line baselines match the original; exact cache cadence and scripted color variants remain TODO(decomp).
0x00491950,NovaUi_IsTravelOutfitPurchaseAllowed,src/game/landed_store.cpp,40%,Partial clean-room purchase gate: tech/special-tech Require availability expressions ownership limits credits and free-mass gate; cargo special effects government and script gates remain TODO(decomp).
0x00491F30,NovaUi_RunTravelDestinationInteractionLoop,,0%,
0x00492C40,NovaUi_RenderTravelDestinationOverlay,,0%,
0x00492F10,NovaUi_PollTravelScriptAction,,0%,
0x00492F30,NovaUi_RunShipyardPurchaseLoop,src/game/docked_dialog.cpp,28%,Partial replacement-mode modal: native Shipyard frame selection row paging purchase gate and player-ship replacement dispatch; confirmation/name dialog escort-hire mode and nested interactions remain TODO(decomp).
0x00493FC0,NovaUi_ShipyardHandleSelectionInput,src/game/docked_dialog.cpp,20%,Mouse grid/action selection plus B/P/N/L shortcuts reconstructed for replacement mode; original keyboard navigation and escort-hire purchase branch remain TODO(decomp).
0x0049458D,NovaUi_ShipyardSetCursorSlot,src/game/landed_store.cpp,25%,LandedStoreSession tracks 20-slot cursor selection and preserves/clears it across four-item row paging; original directional command mapping remains TODO(decomp).
0x004948B0,NovaUi_DrawShipyardShipList,src/game/docked_dialog.cpp,65%,Partial native Shipyard redraw: PICT 0x2135 DITL-aligned 4x5 grid ship-class PICT id+5000 thumbnails and 200x200 selected preview (with No Picture/Available placeholder) selection frame desc-13000 text panel Ship Price/Trade-In/Final Price/You Have rows and five gated actions; encoded newline splitting and one/two-line baselines match the original; exact cache cadence and scripted color variants remain TODO(decomp).
0x004956A0,NovaUi_RunShipyardDetailWindow,src/game/docked_dialog.cpp,90%,Shipyard Info submodal (RunShipyardInfoDialog): DLOG 0x3ed/0x3fb variant selection from desc Graphic PICT, backdrop PICT 0x213a/0x213b, Done button loop. TODO(decomp) skipped: nested starmap/player/mission-computer re-entry inside the loop.
0x00495C80,NovaUi_DrawShipyardDetailPanel,src/game/docked_dialog.cpp,95%,RunShipyardInfoDialog + DrawShipyardInfoPanel: full two-column stat block with STR# 0x7d2 labels, accel/turn rating threshold chains, stock weapons lines (guns/ammo/mode-99 bays), custom picture blit. Fonts (title 18pt family) approximate.
0x00497430,FUN_00497430,,0%,
0x00497500,NovaMainLoop_PumpAndYieldFrames,,0%,
0x004976B0,Ui_ShowDialogFromResource,,0%,
0x004977D0,Ui_ShowConfirmDialog,,0%,
0x00497900,NovaUi_ShowTextConfirmCodeDialog,src/game/new_pilot_flow.cpp,75%,Ported as NovaUi_ShowTextEntryDialog: DLOG 0xbb9, rows 3/5, select-all, max-length re-select loop, codes 1/6; stock draw callback id 1 not fully reconstructed
0x00497B70,NovaUi_BlitPictThumbnailCached,src/game/docked_dialog.cpp,20%,Ported inline as the StoreTextureCache helpers: StoreTextureCache lazily loads and reuses outfit/ship PICT thumbnails per modal; original shared 128-entry atlas LRU and three-load-per-redraw cadence are not reproduced.
0x00497CF0,FUN_00497cf0,,0%,
0x00497D50,FUN_00497d50,,0%,
0x00497DF0,Frame_RenderViewportBackground,src/game/spaceflight_view.cpp,50%,system-space backdrop fill reimplemented (DrawBackground: per-system BkgndColor clear + fill + commit); surface/rect-copy plumbing not reconstructed
0x00497EB0,NovaUi_ShowCaptureDecisionDialog,src/game/boarding_plunder.cpp,75%,"RunCaptureDecisionDialog: DLOG 0x3fa (257x114, PICT 0x2144 backdrop, DITL item-2 panel STR# 0x7d2 0x75 word-wrapped, binary-choice buttons STR# 0x96 0x2e Use As My Ship / 0x2d Use As Escort via the shared three-state art, hover + click answer, transition-table[1] cue on both choices) drawn over the still-open boarding window; shown when player class capture_power (crew) >= 1. Strings pinned by tests/boarding_strings_test.cpp. TODO(decomp(0x00497eb0)) skipped: the swap arm (rename-confirm + Outfit_SwapPlayerShipWithEscort) falls back to the escort conversion (logged).",
0x00498110,FUN_00498110,,0%,
0x004982A0,Ui_RunTravelSelectionDialog,src/game/selection_text_dialog.cpp,70%,"PORTED as NovaUi_RunTextReaderDialog on the shared NovaTextScrollView (clean-room NovaTextView 0x004bcd90/0x004bce10/0x004bce90): DLOG 0xbbb + DITL geometry (entry 1 Done, entry 3 text view, entries 5/6 scroll arrows), backdrop strip PICT 0x214c/0x214d/0x214e, auto-shrink to measured text height with the -0x10 adjustment and control shift, +/-10px scrolling, starmap action (allow_starmap, 'm' key stand-in for binding 9). TODO(decomp): variant >= 0x80 DLOG 0xbbc + PICT 0x214f arm, desc status-string display, starmap destination preselect (flags 0x100), over-static-surface redraw variants, exact three-state arrow art." Background now re-renders the live docked menu / flight view per frame instead of replaying a captured snapshot (deliberate divergence, docs/dlog_ditl_dialog_format.md section 7.1)."
0x00498DC0,NovaUi_UpdateSelectedShipPurchaseAllowed,src/game/landed_store.cpp,20%,Partial clean-room ship purchase gate: selected/current class and net trade-in affordability; full original availability/random checks remain TODO(decomp).
0x00499150,thunk_FUN_008745b6,,0%,
0x00499270,FUN_00499270,,0%,
0x00499870,FUN_00499870,,0%,
0x00499C10,NovaUi_RunPlayerSpecialInteractionWindow,,0%,
0x0049A540,NovaUi_DrawPlayerSpecialInteractionWindow,,0%,
0x0049C050,NovaUi_BuildPlayerSpecialInteractionStrings,,0%,
0x0049D630,FUN_0049d630,,0%,
0x0049D640,Outfit_ComputeScaledPurchasePrice,src/game/landed_store.cpp,100%,Faithful clean-room price scaling: tech discount nearest-unit rounding and threshold quantization.
0x0049D7A0,NoSys_NoOp_0049d7a0,,0%,
0x0049D7B0,NoSys_NoOp_0049d7b0,,0%,
0x0049D7C0,FUN_0049d7c0,,0%,
0x0049DA80,FUN_0049da80,,0%,
0x0049DAB0,FUN_0049dab0,,0%,
0x0049DB00,FUN_0049db00,,0%,
0x0049E3C0,FUN_0049e3c0,,0%,
0x0049E420,NoSys_NoOp_0049e420,,0%,
0x0049E430,Ui_DrawTargetCategoryPanel,,0%,
0x0049E8D0,Ui_ShowTargetCategoryPanel,,0%,
0x0049E8E0,FUN_0049e8e0,,0%,
0x0049ED00,NovaUi_ResetModalWindows,,0%,
0x0049EEC0,FUN_0049eec0,,0%,
0x0049EEF0,UiPanel_TrackSixEntryMouseSelection,,0%,
0x0049F1F0,NovaUi_DrawStarmapButtons,,0%,
0x0049F3F0,NovaUi_HitTestAndTrackShipyardActionButtons,src/game/docked_dialog.cpp,25%,Ported inline in RunStoreDialog: DITL-aligned Leave Buy Info Previous and Next mouse hit tests with enabled paging/purchase state; held-button press tracking remains TODO(decomp).
0x0049F6F0,NovaUi_DrawShipyardActionButtons,src/game/docked_dialog.cpp,30%,Ported inline in RunStoreDialog: draws five Shipyard controls at original DITL rectangles with normal/disabled states and dispatches their modal actions; exact original label resources and pressed tracking remain TODO(decomp).
0x0049F8F0,NovaUi_HitTestAndTrackTravelOutfitActionButtons,src/game/docked_dialog.cpp,25%,Ported inline in RunStoreDialog: DITL-aligned Leave Buy Sell Previous and Next mouse hit tests with transaction/paging gates; held-button press tracking remains TODO(decomp).
0x0049FBB0,NovaUi_DrawTravelOutfitActionButtons,src/game/docked_dialog.cpp,30%,Ported inline in RunStoreDialog: draws five Outfitter controls at original DITL rectangles with normal/disabled states and dispatches their modal actions; exact original label resources and pressed tracking remain TODO(decomp).
0x0049FE10,NovaUi_HitTestAndTrackTravelActionButtons,src/game/landed_window.cpp,15%,"mouse-tracking hover for the docked service slots: ServiceButtonAt finds the hovered 145x25 button, ServiceAvailable gates disabled slots (per StellarDef travel_flags/fuel/credits), the hovered enabled slot renders in the pressed state; the original's button-held release-selection loop is not reconstructed"
0x004A0220,NovaUi_RedrawTravelActionButtons,src/game/landed_window.cpp,30%,docked action-button draw: faithful one-based UiPanel item numbers mapped to zero-based DITL ordinals and original physical order; normal/hover(pressed)/disabled(grey) strips via ServicesButtonArt::Draw + ServiceLabel + ServiceAvailable gating; exact original text-resource draw path remains TODO(decomp)
0x004A04D0,TravelOutfitMenu_FUN_004a04d0,,0%,
0x004A06A0,TravelOutfitMenu_FUN_004a06a0,,0%,
0x004A0810,NovaUi_HitTestAndTrackTravelBinaryChoiceButtons,,0%,
0x004A0950,NovaUi_RedrawTravelBinaryChoiceButtons,,0%,
0x004A09E0,NovaUi_HandleTravelDestinationContextButtons,,0%,
0x004A0BC0,NovaUi_DrawTravelDestinationContextButtons,,0%,
0x004A0E50,NovaUi_HandleTravelDestinationPrimaryButtons,,0%,
0x004A0F90,NovaUi_DrawTravelDestinationPrimaryButtons,src/game/negotiation_dialog.cpp,60,"label selection ported inline in negotiation_dialog.cpp NegotiationFrame assembly + DrawNegotiationDialog: per-slot STR# 0x96 pool indices {0x14 Close Channel, 0x15 Greetings|0x17 Offer Bribe, 0x2c Demand Tribute|0x1f Release} via NovaHud_LoadStringEntry + three-state art with hover-as-pressed; the shared UiPanel rect-fetch approximated by the runtime DITL layout, disabled-slot grey art by ServicesButtonArt ButtonState::kDisabled"
0x004A1130,TravelOutfitMenu_FUN_004a1130,,0%,
0x004A1290,TravelOutfitMenu_FUN_004a1290,,0%,
0x004A13C0,TravelOutfitMenu_FUN_004a13c0,src/game/docked_dialog.cpp,40%,"Button hit-test/press loop ported inline in NovaMission_RunMissionInfoWindow (Abort/Done rect hit tests + grey disabled art); the original's hold-for-release press tracking is a click + hover approximation - TODO(decomp)."
0x004A1520,TravelOutfitMenu_FUN_004a1520,src/game/docked_dialog.cpp,40%,"Button-strip draw ported inline in NovaMission_RunMissionInfoWindow (ServicesButtonArt strips + STR# 0x96 captions instead of the baked-caption three-state bitmaps - documented divergence); art-index table DAT_007d82fe = {4, 0x22} is the Done/Abort pair."
0x004A1670,TravelOutfitMenu_FUN_004a1670,,0%,
0x004A1820,TravelOutfitMenu_FUN_004a1820,,0%,
0x004A1AE0,NovaUi_HandlePlayerSpecialInteractionTabs,,0%,
0x004A1C40,NovaUi_DrawPlayerSpecialInteractionTabs,,0%,
0x004A1D90,NovaUi_HandleEscortShipManagementButtons,,0%,
0x004A1ED0,NovaUi_DrawEscortShipManagementButtons,,0%,
0x004A2090,NovaUi_HandleTravelDestinationPaymentButtons,,0%,
0x004A21E0,NovaUi_DrawTravelDestinationPaymentButtons,,0%,
0x004A22E0,NovaUi_HandleBoardingPlunderOptionButtons,src/game/boarding_plunder.cpp,50%,"Button hit-test set (items 0..3 then 5..6 -> action codes 1,2,3,4,6,7) and disabled-slot hover filtering; Esc/Enter/click dispatch. Runs inline as the modal poll in NovaBoarding_RunWindow (cited at 0x00482940)."
0x004A24E0,NovaUi_DrawBoardingPlunderOptionButtons,src/game/boarding_plunder.cpp,70%,"Draws the six DITL option strips via the shared three-state button art: enabled = normal (or hover/pressed) art, disabled (no offer / capture odds < 1) = grey art, labels from STR# 0x96 (Abort 0x22 / Cargo 0x27 / Credits 0x28 / Ammo 0x29 / Energy 0x2a / Capture Ship 0x2b). Runs inline in NovaBoarding_RunWindow (cited at 0x00482940)."
0x004A26E0,NovaUi_HandleTravelDestinationServicesButtons,,0%,
0x004A2810,NovaUi_DrawTravelDestinationServicesButtons,,0%,
0x004A2960,TravelOutfitMenu_FUN_004a2960,,0%,
0x004A2AC0,TravelOutfitMenu_FUN_004a2ac0,,0%,
0x004A2C30,TravelOutfitMenu_FUN_004a2c30,,0%,
0x004A2DE0,TravelOutfitMenu_FUN_004a2de0,,0%,
0x004A2F50,NovaUi_InitThreeStateButtonArt,src/game/services_buttons.cpp,40%,art cache via ServicesButtonArt::Initialize (ServicesButtonArt 0x1d4c..0x1d54 strips + 0x1db0.. cap masks, white=transparent corner cutouts; missing pieces fall back to a solid fill). The STR# 0x96 label table and the label-colour triplet init (DAT_007d8350 = white/50%grey/50%grey) are not mirrored -- call sites hardcode the colours.
0x004A3300,NovaUi_ShutdownThreeStateButtonArt,,0%,
0x004A3340,NovaUi_DrawThreeStateButton,src/game/services_buttons.cpp,50%,three-state body render via ServicesButtonArt::Draw: state pick (0,0 normal / 0,!0 pressed / !0 grey), left cap + stretched 2px middle + right cap, cap masks applied for transparent rounded corners. Callers now mirror the shipped c\x9alr Charcoal-12 regular label face, state colours and integer midpoint +5 baseline; the shared SDL font stack uses light hinting as an OS-rasterizer approximation. Per-state rect math remains distributed and the custom-image/vector-icon variants are deferred.
0x004A3AA0,NovaUi_RunStarmapWindow,src/game/starmap.cpp,60%,clean-room modal run loop via NovaStarmap_RunWindow: galaxy graph (System pos/links/names) drawn with government-tinted markers (political-map coloring via Government.theme_*), explored/current/selected coloring, pan/zoom/click-or-Tab/Backslash select, opened from spaceflight on 'm'; returns the plotted destination system. Tab/Backslash (Shift reverses) step the selection through the DESTINATION RING (current system + its directly-linked systems, per the manual's "cycle through all the systems linked to your current system"), anchored to the player's current system so a single-link system offers just that one destination without chain-walking. Inspector footer shows selected system's govt / explored/current state / reachable jump count / plotted-target flag. DITL resource assets, political overlay grid, route editing, search dialog, and license-easter-egg branch deferred Zoom is stepped through a handful of fixed levels over the whole-galaxy fit (level 0 = whole galaxy, x1.5/step, max level capped so the closest view stays a regional scale), opening on a middle level (discrete steps, not continuous) centred on the pilot's current system; `+`/`-` step levels and each step pivots about the current system's on-screen position (mirroring the original's fixed pan reference, keeping the current system put); `h` snaps back to that opening view; arrow keys pan the camera (content moves opposite the key, reversing the earlier sign bug), and only *discovered* systems are drawn at all (fog of war mirroring the original's is_visible gating): undiscovered systems get no marker/link, cannot be clicked, and are excluded from the Tab/Backslash cycle; the Tab/Backslash destination ring contains ONLY the current system's directly-linked destinations (never the current system itself) and starts at the appropriate ring end when the current selection isn't in the ring. Now renders the real dialog backdrop: the 601x513 DLOG 0x7d0 window is blitted from the PICT 0x213d "Map" starfield (DAT_007dc73c) and the galaxy graph draws into DITL 0x7d0 item 2 (UiPanel_GetEntryInfo(window, 3)); the DITL item 5 right-hand detail column (entry 6) shows the selected system's name/state/govt/jump count and the item 1 bottom status bar (entry 2) carries the Selected System line + keyboard hints. The 601x513 window is scaled to fit the 640x480 field so the whole dialog shows, including the bottom button row (items 8/7/9/3/4/0 = entries 9/8/10/4/5/1: Show Borders, Clear Route, Find, zoom out, zoom in, Done) whose STR# 0x96 labels are drawn on the house three-state button art (ServicesButtonArt strips 0x1d4c..0x1d54) and whose clicks dispatch the original's actions (political tint toggle, clear plotted destination, inline name-prefix find, stepped zoom dimmed at the limits, close)
0x004A4353,NovaUi_StarmapWindowInnerLoop,,0%,
0x004A4FD0,NovaUi_CloseStarmapWindow,,0%,
0x004A51E0,FUN_004a51e0,,0%,
0x004A51F0,NovaUi_RedrawStarmapWindow,src/game/starmap.cpp,55%,clean-room window redraw via the starmap.cpp draw helpers (DrawChrome/DrawGalaxy/DrawSidePanels/DrawButtons): 601x513 DLOG 0x7d0 frame blitted from the PICT 0x213d starfield backdrop (DAT_007dc73c) scaled to the 640x480 field, the DITL 0x7d0 inset panes (item 2 galaxy viewport, item 5 detail column, item 1 status bar), the political-tinted galaxy graph with zoom-gated labels and route accents, the right-column/bottom-bar info text, and the bottom button row (items 8/7/9/3/4/0) drawn as STR# 0x96-labelled three-state buttons (ServicesButtonArt strips) with zoom-limit dimming and mouse-hover pressed art. Missing vs the original: political-overlay tile grid (DAT_007dc3bc per-region PICTs), mission-highlight icons and the search dialog (inline prefix find used instead)
0x004A7470,NovaUi_RedrawStarmapAfterPan,,0%,
0x004A74E0,FUN_004a74e0,,0%,
0x004A7E80,NovaUi_NormalizeStarmapRoutePlan,,0%,
0x004A7FC0,System_NormalizePlannedRouteToCurrentSystem,,0%,
0x004A8080,NovaUi_SyncTravelSelectionFromStarmapRoute,src/game/travel.cpp,45%,NovaTravel_PlotStarmapDestination resolves a map-selected destination to its System.links hyperlink slot (regardless of any paired NavDef stellar), arms the travel state and shows the plotted jump on the HUD; 'j' engages it. Only a single direct hop (the immediate link) is resolved; multi-hop route planning deferred
0x004A8100,NovaUi_DrawStarmapRoutesAndMarkers,src/game/starmap.cpp,46%,galaxy graph across NovaStarmap_RunWindow: adjacency link lines + system markers with government-tint, explored/current/selected styling, zoom-dependent labels, marker nodes and link lines thicken with zoom, explored-system labels appear only once zoomed in (zoom-gated like the original's Dat_00575a10), and the committed plotted jump drawn as a thick green current-path line + small green target marker (NO green fan over all reachable links, matching the original's transfer_mode-3 route only). The political-overlay government discs live in BuildPoliticalOverlay/DrawPoliticalOverlay (see the 0x004AA620 row); mission-highlight icons, arrow/route-direction sprites and full label-collision rules deferred Now respects the original's fog of war exactly: only explored (is_visible && has_explored_flag) systems draw a marker, and a link only when BOTH endpoints are explored; markers are true FILLED discs (DrawDisc triangle fan; fixed the stale hollow RenderLines outline); and link projections include the panel origin so lines land exactly on the circle centres (fixed panel-offset misalignment). and a thick green selection-accent line + node ring now draw to the *selected* system whenever it is a directly-linked jump destination (previewing the next hop), distinct from the committed travel_transfer_mode-3 route. Routes/markers/labels now render into the DITL 0x7d0 item-2 map viewport clipped to its rect, over the PICT 0x213d backdrop, with the item-5 detail column and item-1 status bar drawn as the surrounding DITL panes and the bottom button row (items 8/7/9/3/4/0, STR# 0x96 labels) drawn as three-state buttons below them.
0x004A99F0,Ui_DrawSystemRouteMap,,0%,
0x004A9B30,NovaUi_UpdateTravelSelectionOverlay,,0%,
0x004A9BF0,NovaUi_ProjectSystemToOverlayGrid,src/game/starmap.cpp,60%,System position -> overlay grid projection inlined in BuildPoliticalOverlay: gx/gy = round((screen - panel origin)/2) half-pixel cells, centred exactly on the marker.
0x004A9D10,NovaUi_EnableStarmapPoliticalOverlay,src/game/starmap.cpp,50%,NovaStarmap_RunWindow wires the Show/Hide Borders toggle to the political-overlay rebuild: the overlay grid is marked dirty on toggle-on, zoom and pan and rebuilt against the actual panel before the next draw (the original recomputes on the same events via NovaUi_EnableStarmapPoliticalOverlay). Hover highlighting not modelled.
0x004A9D50,NovaUi_BuildStarmapPoliticalOverlay,src/game/starmap.cpp,70%,BuildPoliticalOverlay: clears and repaints the political-overlay field from discovered, travel-reachable systems with a valid government (scan_mask bit 2 clear); disc radius round(22/zoom)+12 / round(11/zoom)+9 cells by scan_mask bit 1. Deliberate fixes: field sized to the actual panel (no resolution-based edge clipping), disc centre NOT snapped to the cell-size multiple (the original drifted discs off their nodes), and strength rendered per-pixel as a smooth fade instead of the original's 16px opaque blocks.
0x004AA070,NovaUi_PaintStarmapGovDisc,src/game/starmap.cpp,75%,Per-system disc eligibility + projection folded into BuildPoliticalOverlay: gates on visited (System.discovery_state > 0, the corrected fog record; the original's is_visible/has_explored_flag are load-time flags), valid government, scan_mask bit 2 clear and NovaSystem_HasUsableTravelDestination (shared port of System_HasUsableTravelDestination 0x00468af0: nav_defs[0..3] stellar travel_flags bit 0x20 / availability 0x3000).
0x004AA25E,NovaUi_PaintStarmapDiscRowLoop,src/game/starmap.cpp,60%,Disc block iteration in BuildPoliticalOverlay: 0-aligned cell_size-stride rows/cols over the disc bounding box clamped to the grid.
0x004AA2DA,NovaUi_PaintStarmapDiscCellStep,src/game/starmap.cpp,60%,Disc block iteration (column step) in BuildPoliticalOverlay; the original's coarse-compute + cell_size-expand pass is replaced by direct 0-aligned block painting (same blocky field, no sub-block shift).
0x004AA2F3,NovaUi_BlendStarmapOverlayCell,src/game/starmap.cpp,70%,Per-pixel strength = clamp((r^2-d^2)*fade*zoom, 1, 255) (NovaUi_BlendStarmapOverlayCell 0x004aa2f3); at each pixel the highest-strength disc wins, the visual strongest-slot rule (the original's 4-slot grid was only needed because its coarse grid had spare slots).
0x004AA620,NovaUi_DrawStarmapPoliticalOverlay,src/game/starmap.cpp,75%,DrawPoliticalOverlay: uploads the per-pixel strength field as an RGBA texture and blits it inside the panel scissor before links/markers; each pixel = theme with alpha = strength*0.5, so the galaxy backdrop shows through the translucent rim (the original's theme*strength*0.5 tint). Markers drop to their neutral base while the overlay is active.
0x004AA980,Mission_RebuildMissionTargetSystemList,,0%,
0x004AAB30,NovaUi_RunStarmapSearchDialog,,0%,
0x004AAF60,NovaUi_PresentStartupSplashFrame,src/nova_app.cpp,100%,NovaUi_PresentStartupSplashFrame
0x004AB070,NovaUi_PresentLoadingSplashFrame,src/nova_app.cpp,100%,NovaUi_PresentLoadingSplashFrame
0x004AB180,NovaUi_ClearMainWindowAndHoldFrame,,0%,
0x004AB1B0,NovaUi_RunProgressBarReveal,,0%,
0x004AB3A0,NovaUi_ProgressCallbackNoOp,,0%,
0x004AB3B0,NovaUi_AddProgressAndRedraw,,0%,
0x004AB3D0,NovaUi_RedrawProgressBar,,0%,
0x004AB5D0,FUN_004ab5d0,,0%,
0x004AB820,FUN_004ab820,,0%,
0x004AB8D0,NovaPlatform_PumpWindowEventsThrottled,,0%,
0x004AB970,NovaRandom_Reseed,src/game/ship_spawn.cpp,40%,NovaGame_ReseedRandom: reseeds the clean-room mt19937 with fresh entropy (seed_seq of random_device + steady_clock) at new-game bootstrap, mirroring the original mixing NovaTime_GetTicksMs into the global LCG via NovaRandom_Range(0). Makes spawned ships/positions/time rolls vary across sessions instead of the default-42 deterministic sequence. TODO(decomp): original also advances the rest of the LCG via the session bootstrap; only the reseed (not the LCG mixer itself) is modeled
0x004AB980,NovaUi_SetInterfaceActive,,0%,
0x004AB9D4,FUN_004ab9d4,,0%,
0x004ABD8D,FUN_004abd8d,,0%,
0x004AC380,Ship_InitializeMainInterface,,0%,
0x004AC560,DataTables_AllocateAll,,0%,
0x004AC950,FUN_004ac950,,0%,
0x004ACAC0,FUN_004acac0,,0%,
0x004AD7C0,Settings_InitTimingPresets,,0%,
0x004AD960,FUN_004ad960,,0%,
0x004AEDA0,NovaData_LoadAllShipClassVisualAndLaunchData,src/game/scenario_data.cpp,20%,"Ship-class clone-source derivation (clone_source_ship_class from first class sharing a sh.x8an BaseImageID, the 0x004b4ee0 clone branch) plus pict_fallback_sprite_resource_id now populated at load: PICT 5000+class (else 5000+clone-source) per the 0x004aeda0 loop. The six per-class sprite-handle tables and full sh.x8an decode are still TODO(decomp)."
0x004AF020,FUN_004af020,,0%,
0x004B0740,NovaAudio_PreloadGameplayData,src/game/weapon.cpp,25%,partial gameplay snd preload: resources 200..455 are decoded into the shared session cache, covering the original weapon/effect/cloak handle range; duration-table setup and original handle allocation remain deferred
0x004B0A30,FUN_004b0a30,,0%,
0x004B0C20,Ship_InitGameplayDataTables,,0%,
0x004B3350,Ship_ResetPlayerShipState,src/game/new_pilot_flow.cpp,34%,ResetPlayerShipForNewGame: track only fields the new-pilot flow / early loop meaningfully need, including the fresh-game 10000-credit seed and active_weapon_bank_slot=-1; shield/armor/fuel are finalized by a post-seed meter recompute (Menu_RunNewGameFlow order) rather than at reset; deep AI/combat fields reset but unused
0x004B4220,Game_ResetNewGameReputation,,0%,
0x004B42F0,FUN_004b42f0,,0%,
0x004B4320,NovaPrefs_ResetToDefaults,src/game/preferences.cpp,70%,"NovaPreferences::ResetToDefaults sets every pref + key bindings; .prf load-override and gameplay consumption deferred"
0x004B4400,NovaPrefs_ResetKeyBindings,src/game/preferences.cpp,90%,"KeyBindings::ResetToDefaults writes the full short[0x52] defaults incl panel-suppressed aliases; flight ASCII row verified"
0x004B4690,Game_ResetNewGameState,,0%,
0x004B4CF0,Sprite_CompileFramesAndDiscardSourceData,,0%,
0x004B4E10,FUN_004b4e10,,0%,
0x004B4EE0,ShipClass_LoadShipClassVisualAndLaunchData,src/game/ship_visual.cpp,25%,"sh.x9an descriptor field decode (base/alt/glow/light/weap/shield ids+sizes, FramesPer, Flags, AnimDelay, WeapDecay) verified; glow layer fields + 0x16 added. Sprite-container table loading and exit-point handling not yet reimplemented (clean-room SpaceflightView loads base+glow sheets directly). Step 4: SpaceflightView::ShipClassSprite loads+caches the per-class heading-rotation sheet for every active NPC ship in the current system, and DrawNpcShips renders each at its world position with its heading-selected frame (base-only; NPC engine-glow deferred)"
0x004B6620,FUN_004b6620,,0%,
0x004B6760,FUN_004b6760,,0%,
0x004B67C0,ShipClass_FindShipSpriteSetByResourceId,,0%,
0x004B6810,FUN_004b6810,,0%,
0x004B6850,NovaRender_CommitFrame,,0%,
0x004B68A0,Mouse_GetPositionShortPair,,0%,
0x004B68D0,NovaInputQueue_FlushAllCommands,,0%,
0x004B68E0,NovaPlatform_PumpInputAndReadyState,,0%,
0x004B68F0,FUN_004b68f0,,0%,
0x004B6900,DrawContext_SetFontId,src/game/nova_font.cpp,40%,active family id selected per draw via the NovaFontFamily enum passed to NovaText_Draw/NovaText_DrawCentered
0x004B6920,DrawContext_StoreScaledValue,src/game/nova_font.cpp,45%,NovaText draw path scales the logical point size by the active presentation/backing-pixel factor before obtaining a font handle; original fixed-point scale storage and non-text uses remain TODO(decomp)
0x004B6940,FUN_004b6940,,0%,
0x004B6960,FUN_004b6960,,0%,
0x004B6990,DrawContext_SetRgbColor,,0%,
0x004B69D0,DrawContext_SetFillRgbColor,,0%,
0x004B6A10,DrawContext_FillRect16,,0%,
0x004B6B90,DrawContext_FillRect16WithCurrentColor,,0%,
0x004B6BC0,DrawContext_InvertRect,,0%,
0x004B6EC0,DrawContext_FillRect16WithFillColor,,0%,
0x004B6EF0,DrawContext_FrameRect16WithCurrentColor,,0%,
0x004B7230,FUN_004b7230,,0%,
0x004B73B0,FUN_004b73b0,,0%,
0x004B74C0,FUN_004b74c0,,0%,
0x004B76D0,FUN_004b76d0,,0%,
0x004B7CB0,FUN_004b7cb0,,0%,
0x004B81E0,FUN_004b81e0,,0%,
0x004B8300,FUN_004b8300,,0%,
0x004B8400,FUN_004b8400,,0%,
0x004B8530,DrawContext_BlitClippedRect,,0%,
0x004B8A70,DrawContext_GetClipRect,,0%,
0x004B8A90,DrawContext_SetCurrent,,0%,
0x004B8AA0,DrawContext_GetCurrent,,0%,
0x004B8AB0,FUN_004b8ab0,,0%,
0x004B8AC0,FUN_004b8ac0,,0%,
0x004B8AD0,FUN_004b8ad0,,0%,
0x004B8AE0,FUN_004b8ae0,,0%,
0x004B8C20,Render_ReleaseWindowDC,,0%,
0x004B8C40,Render_RebindWindowSurface,,0%,
0x004B8CA0,Resource_LoadStringEntry,src/game/hud_overlay.cpp,95,Port helper NovaHud_LoadStringEntry/DecodeStringEntry take 1-based entry numbers like the original; nullopt instead of empty string on missing entry so callers keep fallbacks
0x004B8D50,Rect_Offset,,0%,
0x004B8D80,FUN_004b8d80,,0%,
0x004B8DC0,Rect_Inset,,0%,
0x004B8DF0,Rect_Intersect,src/game/hud_renderer.cpp,100%,"IntersectRadarRect: QD SectRect (max lefts/tops, min rights/bottoms, empty when edges touch) used to clip every radar blip rect to the panel rect; renamed in the DB from the former misnomer Rect_Union."
0x004B8E90,Rect_ContainsPoint,,0%,
0x004B8ED0,Resource_LoadPictAsImageWithColorRemap,src/pict_image.cpp,85%,"Resource_LoadPictAsImage: BitsRect family (0x90/0x91/0x98-0x9b) incl. 8-bit indexed + 1-bit + RGB555 + demoted-24-bit paths via the ported opcode walker; the optional post-load color-remap tail (DAT_0085faee) is NOT ported (confirmed dead: all callers pass remap off)"
0x004B9050,Resource_LoadPictAsImage,src/pict_image.cpp,100%,Resource_LoadPictAsImage: wrapper over LoadWithColorRemap with remap off; used for loading/startup splash PICTs and dialog DITL image items
0x004B9060,FUN_004b9060,,0%,
0x004B9070,DrawContext_BlitImageToRect,,0%,
0x004B9130,Image_Destroy,,0%,
0x004B9140,Rect_SetFromImageBounds,,0%,
0x004B9160,FUN_004b9160,,0%,
0x004B9170,FUN_004b9170,,0%,
0x004B9180,FUN_004b9180,,0%,
0x004B92D0,FUN_004b92d0,,0%,
0x004B9410,FUN_004b9410,,0%,
0x004B9790,DrawContext_DrawLineRelative,,0%,
0x004B97E0,DrawContext_DrawLineTo,,0%,
0x004BA2F0,DrawContext_SetCursorPosAdjusted,,0%,
0x004BA320,FUN_004ba320,,0%,
0x004BA350,FUN_004ba350,src/game/hud_renderer.cpp,85%,"DrawRadarDisc: midpoint circle outline (8-way, 1px plot, d=1-r) with the same centre/radius derivation from the radar-clipped rect; the fat-pixel filled-run branch (context pixel scale != 1) is not reproduced (port contexts are always 1x1)."
0x004BB260,FUN_004bb260,,0%,
0x004BB860,FUN_004bb860,,0%,
0x004BB870,FUN_004bb870,,0%,
0x004BBA00,FUN_004bba00,,0%,
0x004BBA40,FUN_004bba40,,0%,
0x004BBA50,FUN_004bba50,,0%,
0x004BBA60,FUN_004bba60,,0%,
0x004BBA70,FUN_004bba70,,0%,
0x004BBA80,RenderOwner_GetRectPtr,,0%,
0x004BBA90,RenderOwner_GetRect,,0%,
0x004BBAA0,RenderOwner_GetDrawContextHandle,,0%,
0x004BBAB0,DrawContext_BindFromRenderOwner,,0%,
0x004BBAD0,FUN_004bbad0,,0%,
0x004BBAE0,FUN_004bbae0,,0%,
0x004BBAF0,FUN_004bbaf0,,0%,
0x004BBB10,DrawContext_ReadRenderParams,,0%,
0x004BBB80,Resource_LoadCicn,,0%,
0x004BBBF0,FUN_004bbbf0,,0%,
0x004BBCB0,FUN_004bbcb0,,0%,
0x004BBCC0,FUN_004bbcc0,,0%,
0x004BBCE0,PascalString_FromUInt,,0%,
0x004BBD20,FUN_004bbd20,,0%,
0x004BBD30,FUN_004bbd30,,0%,
0x004BBD40,FUN_004bbd40,,0%,
0x004BBD50,Resource_LoadPixPat,,0%,
0x004BBDC0,FUN_004bbdc0,src/game/hud_renderer.cpp,60%,"Tiled-fill logic ported (SDL_RenderTextureTiled over the radar rect); the 10 preloaded ppat resources 128..137 (DAT_00733b7c) are replaced by procedurally generated noise tiles (TODO(decomp))."
0x004BBF90,ResourceError_SetMessageContext,,0%,
0x004BC070,ResourceError_ShowMessageDialog,,0%,
0x004BC0E0,NovaPlatform_MarkTickAndWait,,0%,
0x004BC100,CStringBuffer_ReplaceSubstring,,0%,
0x004BC2A0,NovaSound_LoadDecodedById,src/brgr_archive.cpp,85%,Formerly misnamed LoadStringResourceCopyById (it loads `snd ` resources, not strings): load by id + NovaSound_DecodePayload. Ported as NovaResource_LoadSndData + NovaSound_Decode returning PCM for SdlAudio::Play; the original's handle/voice-slot integration and caller-side OsHeap frees are subsumed by the SDL streaming path
0x004BC300,FontCache_NoOpCleanup,,0%,
0x004BC310,NovaGameSession_BuildStartupCurveTable,,0%,
0x004BC3E0,FontCache_InitializeDefaultFamilies,src/game/nova_font.cpp,70%,"NovaFontFamily enum + ResolveFontFile mapping Chicago/Charcoal, Geneva, Times->Times New Roman, Helvetica->Arial, New York->Georgia; bundled Charcoal+Geneva ttfs shipped by CE build"
0x004BC450,FontFamily_CreateFontHandle,src/game/nova_font.cpp,40%,"style bold/italic flags mapped onto the SDL_ttf face (bold synthesized via TTF_STYLE_BOLD, no post-open weight setter in this version)"
0x004BC5C0,FontCache_CreateFamilyEntry,,0%,
0x004BC600,FontFamily_FindHandleBySizeAndStyle,,0%,
0x004BC640,FontCache_GetFamilyEntryByIndex,,0%,
0x004BC670,FontCache_GetOrCreateFontHandle,src/game/nova_font.cpp,60%,"NovaFontCache.Font/TextWidth: caches SDL_ttf faces by (family,size,style) key; lazy TTF_Init refcounted in the cache lifetime; bundled CE Geneva.ttf opened via in-memory sfnt rewrite stripping its corrupt EBDT/EBLC strikes (advances inconsistent with outlines, FreeType served them at exact ppem matches) TODO(decomp) skip documented in nova_font.cpp"
0x004BC6E0,FontCache_FindOrAddFamilyByName,,0%,
0x004BC760,FUN_004bc760,,0%,
0x004BCA70,FUN_004bca70,,0%,
0x004BCA90,DrawContext_DrawPascalString,src/game/nova_font.cpp,45%,NovaText_Draw rasterizes antialiased transparent text at the physical output density then blits at unchanged logical size/baseline (mirrors the scaled OS DrawTextW path in FUN_004bc760)
0x004BCAB0,FUN_004bcab0,,0%,
0x004BCAD0,DrawContext_GetPascalStringWidth,src/game/nova_font.cpp,50%,NovaFontCache.TextWidth via TTF_GetStringSize on the same face used to draw
0x004BCB00,FUN_004bcb00,,0%,
0x004BCBC0,FUN_004bcbc0,,0%,
0x004BCC70,FUN_004bcc70,,0%,
0x004BCD30,FUN_004bcd30,,0%,
0x004BCD90,FUN_004bcd90,,0%,
0x004BCE10,FUN_004bce10,,0%,
0x004BCE40,FUN_004bce40,,0%,
0x004BCE90,FUN_004bce90,,0%,
0x004BCF30,FUN_004bcf30,,0%,
0x004BCF80,NovaUtil_FreeOwnedHeapBufferAndRelease,,0%,
0x004BCFA0,IniConfig_EnsureLoaded,,0%,
0x004BCFD0,FUN_004bcfd0,,0%,
0x004BD000,FUN_004bd000,,0%,
0x004BD090,FUN_004bd090,,0%,
0x004BD0C0,Prefs_SetNovaFilesPathPrefix,,0%,
0x004BD160,Resource_ValidateInstallFolders,,0%,
0x004BD3C0,NovaData_LoadScenarioResourceTables,src/game/scenario_data.cpp,60%,"Reimpl: ScenarioData::LoadFromArchives() src/game/scenario_data.cpp walks the sh.x95p/w.x91ap/o.x9ftf/sp.x9ab/s.xd8st/g.x9avt/fl.x91t/d.x9fde families into clean-room tables; record names surfaced from the BRGR map. Government decoder complete: gains/mission resource entries (3 name tables, class/ally/enemy id lists, penalties, jamming, derived voice_type_mode + fly-scaled skill + 8-bit theme colors) verified vs Federation 0x80. Outfit decoder complete (tail fields), incl. ModVal-=0x80 rebasing for ModType 1/3/0x15 (zero-based weapon bank slot); ship+weapon verified; weapon-decode audit done: field names/offsets aligned with loader WeaponDef mapping (flags_secondary/tertiary/quaternary at +0x48/+0x66/+0x1e, turret_arc +0x30, homing/turn/shot-dwell +0x32, kickback +0x56, turret_group +0x58, burst_cycle_ticks +0x5a, burst_reset_cooldown +0x5c, retarget +0x68, jam_vuln +0x5e..+0x64; dropped bogus max_ammo/flags2/guided_turn at +0x44/+0x44/+0x72); system/stellar partial (dude types/prob, reinf, visibility, TechLevel and SpecialTech1-8 decoded; stellar tail TODO(decomp); stellar Govt+0x14 rebased (<0x80 -> -1, else -0x80) per loader line 0x004be1xx - fixes AvailStel govt-lane gating (misn 10000+) and radar/negotiation govt lookups); system decoder reconciled (Step 2): Dude1-8+0x44 and weights+0x54 split into normalized dude-class bindings or negative-encoded encounter-fleet ids/weights/count/chance; avg_ships+0x64, govt+0x66 (rebase <0x80/>0x17f -> -1), Message+0x68, Asteroids+0x6a (loader rescales by render height; raw kept, TODO), Interference+0x6c, dude_types+0x6e (rebase -0x80, <0x80/>0x47e -> -1)/dude_prob+0x7e (clamp) decoded and tested; fleet defs added (fl.x91t, 128, 0x124 stride) with rebasing, spawn_system_filter, availability, arrival_message_id, carry_cargo_flags; stellar animation fields (AnimDelay/Frame0Bias = +0x470/+0x472 from payload +0x22/+0x24) and hypergate engage_highlight_frame (+0x26 from payload +0x18) decoded; ship payload +0x4c decoded into ShipClass.timed_action_counter_init (ShipClassDef +0xA20, used by Ship_AllocateShipSlotInSystem); ast_types (formerly misnamed roaming_direction_bitmap) decoded from system payload +0x94 (SystemDef +0x1f4, verified 0x80->0x711, 0x83->0x1f33); dude defs added (d.x9fde family, 147 present, up to 0x200 slots, 0x4a stride) — DecodeDude re-arranges the scattered payload (ai/gov/booty/hail at +0x00/+0x02/+0x04/+0x06, ship_types at +0x08, probs at +0x28, 88-byte record) into the 74-byte DudeDef, rebases gov (-0x80 in 0x80..0x180) and each ship type (-0x80 in 0x80..0x380), validates ship types against the loaded ship table's nonexistent marker (ShipClassDef.tech_level == (short)0xd8f1); verified vs 0x80/0x81. This unblocks the roaming-dude spawn path. asteroid-type rows added (r.x9aid family 0x729a6964, ids 0x80..0x8f, the Metal/Ice/Dust/Crystal x Small/Medium/Big/Huge asteroid-drift classes) — DecodeAsteroidType fills the shared 0x1c-strided row (DAT_005912dc wander_table_value +0x0, DAT_005912f0 wander_speed_multiplier +0x14 = word[0x2]*0.01, +0x18 tint packed 565->555 from payload bytes +0x0a, 3-dir sub-array +0x0e..+0x12, +0x16 lifetime), feeding the AsteroidState spawn Step 2." përs personality pass (0x004c33de) added: full PersDef decode (field map in Ghidra struct; verified byte-for-byte against përs 0x83 Jack Folstam), +0x78a display-name id dedup post-pass (0x004c3e20), ScenarioData::MissionShip accessor + 0x400-slot table. Shareware Enforcer sentinel (0x004c3ae2) skipped TODO(decomp) pending the shareware day counter (DAT_0059799e).
0x004C6D50,Ui_LoadSelectionDialogResource,,0%,
0x004C7040,FUN_004c7040,,0%,
0x004C73B0,FUN_004c73b0,,0%,
0x004C7400,NovaPrefs_LoadOrInit,,0%,
0x004C7820,FUN_004c7820,,0%,
0x004C7D40,FUN_004c7d40,,0%,
0x004C7DB0,PilotFile_SaveGame,src/game/pilot_file.cpp,30%,PilotFile_SaveGame: entry -> PilotFileSaveGame(path build from pilot name + serialized tracked subset + write). License-seed check, last-pilot marker file (0x004c7d40) and untracked-block fills not reconstructed. TODO(decomp): autosave cadence in Ship_HandlePlayerShipCore not isolated.
0x004C7DD0,PilotFile_SaveGameCore,src/game/pilot_file.cpp,45%,PilotFile_SaveGameCore: PilotFileSerialize covers the tracked block1/block2 offsets (cargo, fuel, outfits, weapon banks, credits, junk, nickname, seen-intro) + framing, and now round-trips all 16 MisnRuntimeFlags records plus confirmed MisnActive fields and opaque 0x8e6-byte payloads. Story/FleetState tables and dates remain untracked; license-seed ship-class zeroing is not reconstructed.
0x004C9E90,Menu_OpenPilotFileDialog,,0%,
0x004CA120,PilotData_AutoresumeLastPilot,,0%,PilotData_AutoresumeLastPilot (startup auto-resume via last-pilot marker file string 0x82/4) not reconstructed; marker file name unresolved
0x004CA2C0,PilotDebug_WritePilotLog,,0%,debug-only pilotlog.txt dump (licensed runtime only); not reconstructed
0x004CB260,PilotFile_LoadSave,src/game/pilot_file.cpp,50%,PilotFile_LoadSave: PilotFileDeserialize + file I/O + name-from-path + jump-dest system resolution for the tracked subset, including 16 mission runtime flags and active mission records/payloads. Shield recompute, def-existence repairs, discovery/reputation, mission script execution, and remaining FleetState restores are not reconstructed.
0x004CD030,PilotFile_ProbeExists,src/game/pilot_file.cpp,90%,PilotFile_ProbeExists: reimplemented as filesystem is_regular_file probe (original opens the file); used by save tests
0x004CD040,PilotFile_Delete,src/game/pilot_file.cpp,90%,PilotFile_Delete: probe-guarded remove, same guard semantics as original
0x004CD0B0,FUN_004cd0b0,,0%,
0x004CD100,ResourceData_EnsureBlockSize,,0%,
0x004CD140,FUN_004cd140,,0%,
0x004CD1A0,Resource_AppendStringEntry,,0%,
0x004CD1F0,Resource_DrawStringEntry,,0%,
0x004CD230,NameString_StripSubtitleSuffix,,0%,
0x004CD290,PilotData_FindActivePilotName,src/game/pilot_file.cpp,80%,Scans the ch\x9ar archive family (0x63688a72) in id order for flags bit 0 at block+0x132 (big-endian u16), returns that entry's registered name (stock: .Trader, pinned by tests/intro_cinematic_test.cpp), else the empty default DAT_0056df7d; EnsureBlockSize/registry-cache slice and in-memory registry merge TODO(decomp)
0x004CD350,PilotData_ResolveStartType,src/game/new_pilot_flow.cpp,70%,ResolveStartTypeFromTemplate: ch r block+4 minus 0x80 with <0x80 -> 0 fallback; block grow/release and by-key access semantics not reproduced
0x004CD3B0,IntroCinematic_SetupFrames,src/game/intro_cinematic.cpp,95%,Faithful NovaIntroCinematic_SetupFrames: keyed block lookup by character-template name (ResourceData_AccessByKey via NovaResource_AccessCharacterBlockByKey), no-save default (PICT 0x2008/10 ticks/dest 0x7ffd), <0x80 frame-id rewrite to -1/0, [0,300] duration clamps, post_intro_dest_id from block+0x30 (stock .Trader = -1); EnsureBlockSize growth approximated by bounds-checked reads (stock block is exactly 0x16a)
0x004CD4B0,PilotData_InitializePlayerState,src/game/pilot_file.cpp,100%,PilotData_InitializePlayerState absent-block seed (in-memory; no .plt writer)
0x004CD7E0,FUN_004cd7e0,,0%,
0x004CDA50,Ui_InstallGameplayInterfaceLayout,src/game/gameplay_interface.cpp,30%,layout record decode + panel rect/color/font/bg fill implemented; govt-resolution + bg PICT draw + radar rebuild not yet wired
0x004CDFA0,FUN_004cdfa0,,0%,
0x004CE030,ResourceData_GetSlotByIndex,,0%,
0x004CE0B0,FUN_004ce0b0,,0%,
0x004CE110,ResourceData_FindByKey,,0%,
0x004CE1A0,ResourceData_ResolveSlotByHandle,,0%,
0x004CE250,FUN_004ce250,,0%,snd/pict resource acquisition helper
0x004CE2A0,ResourceData_AccessByIndex,,0%,
0x004CE300,ResourceData_AccessByKey,src/brgr_archive.cpp,80%,NovaResource_AccessCharacterBlockByKey: name-keyed lookup over the ch\x9ar archive family (ResourceData_FindByKey + materialize semantics) backing SetupFrames/InitializePlayerState; in-memory registry merge and block locking/initializer slice not reconstructed (needs a .plt writer, TODO(decomp))
0x004CE370,ResourceData_ReleaseEntry,,0%,
0x004CE400,FUN_004ce400,,0%,
0x004CE470,ResourceData_CountEntries,,0%,
0x004CE480,ResourceData_ReadEntryMetadata,,0%,
0x004CE4D0,ResourceArchive_OpenRez,,0%,
0x004CE640,FUN_004ce640,,0%,
0x004CE660,FUN_004ce660,,0%,
0x004CE700,FUN_004ce700,,0%,
0x004CEA20,FUN_004cea20,,0%,
0x004CEA90,FUN_004cea90,,0%,
0x004CEAC0,FUN_004ceac0,,0%,
0x004CECF0,FUN_004cecf0,,0%,
0x004CEDE0,FUN_004cede0,,0%,
0x004CEEC0,FUN_004ceec0,,0%,
0x004CEF50,Dialog_ParseItemList,src/brgr_archive.cpp,70%,"DITL item parser reimplemented as NovaResource_LoadDialogItems: BE count, rect/type bytes, per-type tail skip, even align; validates the 8 docked Spaceport buttons"
0x004CF1C0,FUN_004cf1c0,,0%,
0x004CF760,UiWindow_CreateFromDialogResource,src/game/ui_dialog.cpp,60%,Ported on SDL: DLOG+DITL load, Dialog_CreateFromDlog centring, MENU-seeded type-7 popups; diverges by compositing straight onto the renderer (documented) instead of an owner draw surface
0x004CF890,UiWindow_Destroy,,0%,
0x004CF960,UiPanel_GetEntryInfo,,0%,
0x004CF9F0,UiPanel_SetEntryRect,,0%,
0x004CFA40,UiWindow_SetDrawCallback,,0%,
0x004CFA60,FUN_004cfa60,,0%,
0x004CFAC0,UiPanel_GetEntryTextPascalIndexed,,0%,
0x004CFB10,FUN_004cfb10,,0%,
0x004CFB90,UiPanel_SetEntryTextPascal,,0%,
0x004CFBE0,FUN_004cfbe0,,0%,
0x004CFC10,UiPanel_GetEntryTextPascal,,0%,
0x004CFC60,FUN_004cfc60,,0%,
0x004CFC70,FUN_004cfc70,,0%,
0x004CFCA0,UiPanel_SetTextEntrySelectionRange,,0%,
0x004CFD30,UiWindow_GetRect,,0%,
0x004CFD40,UiControl_SetValue,,0%,
0x004CFD80,UiControl_GetValue,,0%,
0x004CFD90,FUN_004cfd90,,0%,
0x004CFDB0,UiWindow_MarkDirty,,0%,
0x004CFDC0,FUN_004cfdc0,,0%,
0x004CFDD0,UiWindow_RunInteractionLoop,src/game/ui_dialog.cpp,55%,Ported per-frame modal loop: render_background pump, mouse activation (buttons/checkbox/popups/edit focus), typing/backspace with selection, Enter/Escape activation; original DIK-driven activation set TODO(decomp)
0x004D0610,FUN_004d0610,,0%,
0x004D0640,FUN_004d0640,,0%,
0x004D0A50,FUN_004d0a50,,0%,
0x004D0B70,FUN_004d0b70,,0%,
0x004D0BD0,FUN_004d0bd0,,0%,
0x004D0D00,UiWindow_Draw,src/game/ui_dialog.cpp,65%,Ported control drawer: bevel triples, buttons/checkbox/static/edit/popup/image (PICT refcon) items, window-rect clipping (0xc1e offscreen Character popup stays hidden), inverted selection = white text on black backdrop; gauge payloads TODO(decomp)
0x004D16F0,FUN_004d16f0,,0%,
0x004D17A0,DrawContext_SaveAndSetOwnerContext,,0%,
0x004D17B0,NovaRender_GetMainWindowOwner,,0%,
0x004D17C0,FUN_004d17c0,,0%,
0x004D17E0,FUN_004d17e0,,0%,
0x004D1810,FUN_004d1810,,0%,
0x004D1890,FUN_004d1890,,0%,
0x004D18B0,FUN_004d18b0,,0%,
0x004D1A30,FUN_004d1a30,,0%,
0x004D1A60,FUN_004d1a60,,0%,
0x004D1B40,NovaUtil_FreeNestedHeapBufferFieldsAndRelease,,0%,
0x004D1B70,FUN_004d1b70,,0%,
0x004D1B80,FUN_004d1b80,,0%,
0x004D1CD0,FUN_004d1cd0,,0%,
0x004D1D10,FUN_004d1d10,,0%,
0x004D1D40,FUN_004d1d40,,0%,
0x004D1DB0,FUN_004d1db0,,0%,
0x004D1F50,FUN_004d1f50,,0%,
0x004D1FB0,FUN_004d1fb0,,0%,
0x004D2010,FUN_004d2010,,0%,
0x004D2440,FUN_004d2440,,0%,
0x004D2950,Platform_RegisterMainWindow,,0%,
0x004D2A80,NovaApp_Run,src/nova_app.cpp,100%,NovaApp_Run app entry
0x004D2BD0,FUN_004d2bd0,,0%,
0x004D3163,NovaPlatform_InitializeRuntime,,0%,
0x004D332D,NovaPlatform_ShutdownRuntime,,0%,
0x004D3356,NovaPlatform_IsRuntimeInitialized,,0%,
0x004D335C,NovaPlatform_RunIdleCallbacks,,0%,
0x004D339E,NovaPlatform_SleepWhilePumpingIdleCallbacks,,0%,
0x004D3457,NovaPlatform_RegisterIdleCallback,,0%,
0x004D34A0,NovaPlatform_FindShutdownCallback,,0%,
0x004D34CF,NovaPlatform_TerminateRuntime,,0%,
0x004D3589,NovaPlatform_ReleaseTlsInitLock,,0%,
0x004D35EA,NovaPlatform_HasTlsInitLock,,0%,
0x004D361F,NovaPlatform_GetHiddenWindow,,0%,
0x004D3632,NovaPlatform_SetHiddenWindow,,0%,
0x004D363C,NovaPlatform_FindWindowMessageHandler,,0%,
0x004D3667,NovaPlatform_HiddenWindowProc,,0%,
0x004D36B9,NovaPlatform_FindConsoleWindowByTempTitle,,0%,
0x004D376D,NovaPlatform_EnsureHiddenWindow,,0%,
0x004D394B,NovaPlatform_SuspendThread,,0%,
0x004D3956,NovaPlatform_ResumeThread,,0%,
0x004D3961,NovaTime_GetLocalUnixSeconds,,0%,
0x004D3967,NovaTime_GetUtcUnixSeconds,,0%,
0x004D39F6,NovaTime_GetLocalUnixSeconds_2,,0%,
0x004D3A85,NovaTime_GetMillisecondsSinceRuntimeInit,,0%,
0x004D3AE6,NovaTime_PrimeTickCount,,0%,
0x004D3AF5,NovaTime_GetMillisecondsPerSecond,,0%,
0x004D3B08,NovaTime_GetMicroseconds,,0%,
0x004D3DD2,NovaTime_GetMilliseconds,,0%,
0x004D3FF5,NovaPlatform_CreateWorkerThread,,0%,
0x004D415A,NovaPlatform_SetWorkerThreadDelay,,0%,
0x004D41F1,NovaPlatform_DestroyWorkerThread,,0%,
0x004D435B,NovaPlatform_WorkerThreadMain,,0%,
0x004D4420,NovaTime_GetCurrentTimeCount,,0%,
0x004D4430,FUN_004d4430,,0%,
0x004D4480,FUN_004d4480,,0%,Renamed NovaTime_GetSharewareDayCounter: (UTC now - DAT_00870900)/0x15180 + 1 with a 0x5a floor for pre-release clocks. Not reimplemented (shareware trial state deliberately absent from the clean-room).
0x004D44C0,License_GetTokenBitmask,,0%,
0x004D44E0,License_ComputeToken,,0%,
0x004D4500,License_GetRegBufferPtr,,0%,
0x004D4510,License_ComputeSeed,,0%,
0x004D45A0,FUN_004d45a0,,0%,
0x004D45C0,FUN_004d45c0,,0%,
0x004D46E0,License_PeriodicTamperCheck,,0%,
0x004D4740,Product_RegisterInfoStrings,,0%,
0x004D4900,FUN_004d4900,,0%,
0x004D4BA0,NovaConfig_LoadRuntimeSettings,,0%,
0x004D4F70,NovaConfig_LoadLicenseState,,0%,
0x004D5180,FUN_004d5180,,0%,
0x004D5460,FUN_004d5460,,0%,
0x004D5990,FUN_004d5990,,0%,
0x004D5A00,Util_PackNibbleKey32,,0%,
0x004D5A70,FUN_004d5a70,,0%,
0x004D5B10,FUN_004d5b10,,0%,
0x004D5C80,FUN_004d5c80,,0%,
0x004D5CD0,FUN_004d5cd0,,0%,
0x004D5E10,NovaTime_GetTicksMs,,0%,
0x004D5E90,NovaMainLoop_WaitFrameBudgetMs,,0%,
0x004D6000,FUN_004d6000,,0%,
0x004D6010,CString_Copy,,0%,
0x004D6030,CString_CopyBounded,,0%,
0x004D6070,CString_Append,,0%,
0x004D60A0,CString_Compare,,0%,
0x004D60E0,FUN_004d60e0,,0%,
0x004D6120,FUN_004d6120,,0%,
0x004D6150,FUN_004d6150,,0%,
0x004D61A0,MWRuntime_FUN_004d61a0,,0%,
0x004D61D0,MWRuntime_FUN_004d61d0,,0%,
0x004D6200,MWRuntime_FUN_004d6200,,0%,
0x004D6230,MWRuntime_FUN_004d6230,,0%,
0x004D6260,NovaCommand_TranslateByInputMap,src/nova_app.cpp,100%,NovaCommand_TranslateByInputMap input-map to command code
0x004D6290,NovaAudio_Initialize,,0%,
0x004D6440,FUN_004d6440,,0%,
0x004D64B0,NovaAudio_GetOutputLevelByte,,0%,
0x004D64D0,OsHeap_FreeInternal,,0%,
0x004D64F0,FUN_004d64f0,,0%,
0x004D6550,Audio_AllocateVoiceSlot,,0%,
0x004D6770,NovaAudio_CountActiveByHandle,,0%,
0x004D67D0,NovaAudio_UnregisterCallbacks,,0%,
0x004D6890,FUN_004d6890,,0%,
0x004D6900,NovaSound_ExpandIma4Samples,,0%,snd sample expansion (v+0x80) dup quirk; decoded in NovaSound_DecodePayload
0x004D6B90,FUN_004d6b90,,0%,
0x004D6D00,FUN_004d6d00,,0%,
0x004D6D30,FUN_004d6d30,,0%,
0x004D6E60,NovaSound_DecodePayload,src/brgr_archive.cpp,60%,snd payload decoder (NovaSound_DecodePayload): format-1 'ima4' extended + 'NONE' 8-bit + format-2 'NONE' 8-bit sub-formats; covers menu blips (600/601/602/603) and weapon fire sounds (snd 200..235, slot->200+slot); other AIFC/16-bit sub-forms still unsupported
0x004D7240,NovaInputQueue_DispatchNextCommand,,0%,
0x004D72A0,NovaInputQueue_PeekCommand,,0%,
0x004D72F0,FUN_004d72f0,,0%,
0x004D7330,FUN_004d7330,,0%,
0x004D79A0,FUN_004d79a0,,0%,
0x004D7A80,Platform_WindowMessageInit,,0%,
0x004D7AE0,FUN_004d7ae0,,0%,
0x004D7AF0,Settings_EnableRawInputPoll,,0%,
0x004D7B00,FUN_004d7b00,,0%,
0x004D7B10,NovaPlatform_IsInputReady,,0%,
0x004D7B20,Mouse_GetPositionClamped,,0%,
0x004D7BA0,FUN_004d7ba0,,0%,
0x004D7D00,FUN_004d7d00,,0%,
0x004D7DA0,FUN_004d7da0,,0%,
0x004D7F20,MemManager_Start,,0%,
0x004D82D0,FUN_004d82d0,,0%,
0x004D86D0,NovaHeap_Alloc,,0%,
0x004D8710,FUN_004d8710,,0%,
0x004D87D0,NovaHeap_Free,,0%,
0x004D87F0,FUN_004d87f0,,0%,
0x004D8890,FUN_004d8890,,0%,
0x004D8AE0,FUN_004d8ae0,,0%,
0x004D8B00,FUN_004d8b00,,0%,
0x004D8B20,NovaHeap_GetAllocatedBytes,,0%,
0x004D8B80,FUN_004d8b80,,0%,
0x004D8BA0,FUN_004d8ba0,,0%,
0x004D8BB0,FUN_004d8bb0,,0%,
0x004D8C20,FUN_004d8c20,,0%,
0x004D8CE0,FUN_004d8ce0,,0%,
0x004D8D60,FUN_004d8d60,,0%,
0x004D8EE0,NovaHeap_DumpBlockList,,0%,
0x004D9090,FUN_004d9090,,0%,
0x004D9150,FUN_004d9150,,0%,
0x004D9180,FUN_004d9180,,0%,
0x004D9280,FUN_004d9280,,0%,
0x004D94B0,FUN_004d94b0,,0%,
0x004D94F0,FUN_004d94f0,,0%,
0x004D9530,FUN_004d9530,,0%,
0x004D9680,FUN_004d9680,,0%,
0x004D9820,FUN_004d9820,,0%,
0x004D9920,FUN_004d9920,,0%,
0x004D9990,Platform_InitPathGlobals,,0%,
0x004D9B10,FUN_004d9b10,,0%,
0x004D9C70,QuickTime_EnterQTML,,0%,
0x004D9C90,Ui_ShowErrorDialog,,0%,
0x004D9D10,FUN_004d9d10,,0%,
0x004D9E10,QuickTime_CheckInternetExtras,,0%,
0x004D9E30,QuickTime_RunShutdownCheck,,0%,
0x004D9E50,FUN_004d9e50,,0%,
0x004D9E70,FUN_004d9e70,,0%,
0x004D9E90,FUN_004d9e90,,0%,
0x004D9EB0,FUN_004d9eb0,,0%,
0x004D9ED0,FUN_004d9ed0,,0%,
0x004D9EF0,FUN_004d9ef0,,0%,
0x004D9F10,FUN_004d9f10,,0%,
0x004D9F30,FUN_004d9f30,,0%,
0x004D9F50,FUN_004d9f50,,0%,
0x004D9F70,FUN_004d9f70,,0%,
0x004D9F90,FUN_004d9f90,,0%,
0x004D9FB0,FUN_004d9fb0,,0%,
0x004D9FD0,FUN_004d9fd0,,0%,
0x004D9FF0,FUN_004d9ff0,,0%,
0x004DA010,FUN_004da010,,0%,
0x004DA030,FUN_004da030,,0%,
0x004DA050,FUN_004da050,,0%,
0x004DA070,FUN_004da070,,0%,
0x004DA090,FUN_004da090,,0%,
0x004DA0B0,FUN_004da0b0,,0%,
0x004DA0D0,FUN_004da0d0,,0%,
0x004DA0F0,FUN_004da0f0,,0%,
0x004DA110,FUN_004da110,,0%,
0x004DA12A,MemOrStream_SetupBackend,,0%,
0x004DA2AD,FUN_004da2ad,,0%,
0x004DA370,MemOrStream_OpenOrResolvePath,,0%,
0x004DA40F,MemOrStream_FUN_004da40f,,0%,
0x004DA450,MemOrStream_FUN_004da450,,0%,
0x004DA480,MemOrStream_FUN_004da480,,0%,
0x004DA738,MemOrStream_FUN_004da738,,0%,
0x004DA8C8,MemOrStream_FUN_004da8c8,,0%,
0x004DAAF0,MemOrStream_FUN_004daaf0,,0%,
0x004DABE9,MemOrStream_FUN_004dabe9,,0%,
0x004DAC8A,MemOrStream_FUN_004dac8a,,0%,
0x004DACCC,MemOrStream_ReadBoundedViaCallback,,0%,
0x004DAD00,MemOrStream_FUN_004dad00,,0%,
0x004DAD25,MemOrStream_FUN_004dad25,,0%,
0x004DAD42,MemOrStream_FUN_004dad42,,0%,
0x004DAD5F,MemOrStream_FUN_004dad5f,,0%,
0x004DAD8B,MemOrStream_FUN_004dad8b,,0%,
0x004DAE5F,FUN_004dae5f,,0%,
0x004DB160,FUN_004db160,,0%,
0x004DB183,FUN_004db183,,0%,
0x004DB18C,FUN_004db18c,,0%,
0x004DB23E,FUN_004db23e,,0%,
0x004DB2F5,FUN_004db2f5,,0%,
0x004DB31B,Palette_BuildDepthLookupTable,,0%,
0x004DB4DF,FUN_004db4df,,0%,
0x004DB4F3,FUN_004db4f3,,0%,
0x004DB4F9,FUN_004db4f9,,0%,
0x004DB721,FUN_004db721,,0%,
0x004DB7CB,FUN_004db7cb,,0%,
0x004DB7D9,FUN_004db7d9,,0%,
0x004DB7E7,FUN_004db7e7,,0%,
0x004DB810,FUN_004db810,,0%,
0x004DB81B,FUN_004db81b,,0%,
0x004DB826,FUN_004db826,,0%,
0x004DB831,FUN_004db831,,0%,
0x004DB9B0,FUN_004db9b0,,0%,
0x004DBB13,DrawContext_GetClipRect,,0%,
0x004DBB37,FUN_004dbb37,,0%,
0x004DBC5E,FUN_004dbc5e,,0%,
0x004DBCE3,FUN_004dbce3,,0%,
0x004DBD13,FUN_004dbd13,,0%,
0x004DBD6A,FUN_004dbd6a,,0%,
0x004DBFCC,FUN_004dbfcc,,0%,
0x004DC069,FUN_004dc069,,0%,
0x004DC110,FUN_004dc110,,0%,
0x004DC1B7,FUN_004dc1b7,,0%,
0x004DC26F,FUN_004dc26f,,0%,
0x004DC314,FUN_004dc314,,0%,
0x004DC55C,FUN_004dc55c,,0%,
0x004DC80E,FUN_004dc80e,,0%,
0x004DC8F6,FUN_004dc8f6,,0%,
0x004DC9F8,FUN_004dc9f8,,0%,
0x004DCAFA,FUN_004dcafa,,0%,
0x004DCC0D,FUN_004dcc0d,,0%,
0x004DCD0D,FUN_004dcd0d,,0%,
0x004DCFA9,FUN_004dcfa9,,0%,
0x004DD278,FUN_004dd278,,0%,
0x004DD37E,FUN_004dd37e,,0%,
0x004DD489,FUN_004dd489,,0%,
0x004DD594,FUN_004dd594,,0%,
0x004DD6B4,FUN_004dd6b4,,0%,
0x004DD7BD,FUN_004dd7bd,,0%,
0x004DDA76,FUN_004dda76,,0%,
0x004DDE59,FUN_004dde59,,0%,
0x004DE038,FUN_004de038,,0%,
0x004DE233,FUN_004de233,,0%,
0x004DE429,FUN_004de429,,0%,
0x004DE603,FUN_004de603,,0%,
0x004DE7C7,FUN_004de7c7,,0%,
0x004DEC1B,FUN_004dec1b,,0%,
0x004DF096,FUN_004df096,,0%,
0x004DF4BD,FUN_004df4bd,,0%,
0x004DF955,FUN_004df955,,0%,
0x004DFE0D,FUN_004dfe0d,,0%,
0x004E006B,FUN_004e006b,,0%,
0x004E0326,FUN_004e0326,,0%,
0x004E05F5,FUN_004e05f5,,0%,
0x004E09F8,FUN_004e09f8,,0%,
0x004E0E6C,FUN_004e0e6c,,0%,
0x004E1307,FUN_004e1307,,0%,
0x004E174C,FUN_004e174c,,0%,
0x004E1C02,FUN_004e1c02,,0%,
0x004E20D8,FUN_004e20d8,,0%,
0x004E2356,FUN_004e2356,,0%,
0x004E2631,FUN_004e2631,,0%,
0x004E2920,FUN_004e2920,,0%,
0x004E2CF8,FUN_004e2cf8,,0%,
0x004E3141,FUN_004e3141,,0%,
0x004E35AD,FUN_004e35ad,,0%,
0x004E39AA,FUN_004e39aa,,0%,
0x004E3E1B,FUN_004e3e1b,,0%,
0x004E42AF,FUN_004e42af,,0%,
0x004E44F4,FUN_004e44f4,,0%,
0x004E4796,FUN_004e4796,,0%,
0x004E4A4C,FUN_004e4a4c,,0%,
0x004E4E5B,FUN_004e4e5b,,0%,
0x004E52DB,FUN_004e52db,,0%,
0x004E577E,FUN_004e577e,,0%,
0x004E5BC3,FUN_004e5bc3,,0%,
0x004E6079,FUN_004e6079,,0%,
0x004E654F,FUN_004e654f,,0%,
0x004E67DF,FUN_004e67df,,0%,
0x004E6ACB,FUN_004e6acb,,0%,
0x004E6DCB,FUN_004e6dcb,,0%,
0x004E708A,FUN_004e708a,,0%,
0x004E7135,FUN_004e7135,,0%,
0x004E71F4,FUN_004e71f4,,0%,
0x004E72B3,FUN_004e72b3,,0%,
0x004E7389,FUN_004e7389,,0%,
0x004E7446,FUN_004e7446,,0%,
0x004E7767,FUN_004e7767,,0%,
0x004E7A99,FUN_004e7a99,,0%,
0x004E7D39,FUN_004e7d39,,0%,
0x004E803F,FUN_004e803f,,0%,
0x004E8356,FUN_004e8356,,0%,
0x004E85C2,FUN_004e85c2,,0%,
0x004E8882,FUN_004e8882,,0%,
0x004E8B5F,FUN_004e8b5f,,0%,
0x004E97FA,FUN_004e97fa,,0%,
0x004E9F32,FUN_004e9f32,,0%,
0x004EA028,FUN_004ea028,,0%,
0x004EA377,FUN_004ea377,,0%,
0x004EA3C9,FUN_004ea3c9,,0%,
0x004EA43E,FUN_004ea43e,,0%,
0x004EA528,FUN_004ea528,,0%,
0x004EA683,FUN_004ea683,,0%,
0x004EA80C,Stream_ReadBytes,,0%,
0x004EA850,FUN_004ea850,,0%,
0x004EA90B,FUN_004ea90b,,0%,
0x004EAA61,FUN_004eaa61,,0%,
0x004EAA81,FUN_004eaa81,,0%,
0x004EAAC3,UiTool_RegisterWindowClasses,,0%,
0x004EADB7,FUN_004eadb7,,0%,
0x004EAE38,FUN_004eae38,,0%,
0x004EAE3E,FUN_004eae3e,,0%,
0x004EB5D4,FUN_004eb5d4,,0%,
0x004EB6CA,FUN_004eb6ca,,0%,
0x004EB76D,CString_MeasureLength,,0%,
0x004EB784,MWRuntime_FUN_004eb784,,0%,
0x004EB7C2,CString_Copy,,0%,
0x004EB7E6,CString_CopyBounded,,0%,
0x004EB81D,CString_AppendBounded,,0%,
0x004EB866,CString_Compare,,0%,
0x004EB89C,CString_CompareBounded,,0%,
0x004EB8E2,CString_SplitNextTokenInPlace,,0%,
0x004EB92E,CString_FindSubstring,,0%,
0x004EB96D,CString_FindFirstOf,,0%,
0x004EB994,CString_FormatUInt,,0%,
0x004EB9F2,CString_ParseUInt,,0%,
0x004EBA1B,CString_CopyUppercaseBounded,,0%,
0x004EBA96,CString_CopyLowercaseBounded,,0%,
0x004EBB11,CString_ToUpperInPlace,,0%,
0x004EBB22,CString_ToLowerInPlace,,0%,
0x004EBB33,CString_Format,,0%,
0x004EBB62,CString_FormatBounded,,0%,
0x004EBB93,CString_VFormatBounded,,0%,
0x004EC234,MWRuntime_FUN_004ec234,,0%,
0x004EC35B,MWRuntime_FUN_004ec35b,,0%,
0x004EC420,FUN_004ec420,,0%,
0x004EC480,FUN_004ec480,,0%,
0x004EC670,FUN_004ec670,,0%,
0x004EC6C0,NovaRender_PresentFrame,,0%,
0x004EC960,NovaRender_QueuePresentAndSwap,,0%,
0x004EC990,NovaRender_ShutdownGraphics,,0%,
0x004ECBD0,VideoMode_ApplySnapshot,,0%,
0x004EE300,FUN_004ee300,,0%,
0x004EE5A0,FUN_004ee5a0,,0%,
0x004EE6F0,FUN_004ee6f0,,0%,
0x004EE7A0,NovaBootstrap_CheckInstallAndRegister,,0%,
0x004EEA80,FUN_004eea80,,0%,
0x004EEBE0,FUN_004eebe0,,0%,
0x004EECE0,MWRuntime_SqrtWithErrno,,0%,
0x004EED20,Math_Sqrt,,0%,
0x004EED40,FUN_004eed40,,0%,
0x004EED60,FUN_004eed60,,0%,
0x004EED80,FUN_004eed80,,0%,
0x004EEDB0,CString_Length,,0%,
0x004EEE50,FUN_004eee50,,0%,
0x004EEE90,FUN_004eee90,,0%,
0x004EEEA0,FUN_004eeea0,,0%,
0x004EEF30,FUN_004eef30,,0%,
0x004EEF70,FUN_004eef70,,0%,
0x004EEFC0,FUN_004eefc0,,0%,
0x004EEFF0,MWRuntime_FUN_004eeff0,,0%,
0x004EF4F0,MWRuntime_FUN_004ef4f0,,0%,
0x004EF6E0,MWRuntime_FUN_004ef6e0,,0%,
0x004EF930,MWRuntime_FUN_004ef930,,0%,
0x004EFC90,FUN_004efc90,,0%,
0x004EFD70,MWRuntime_FUN_004efd70,,0%,
0x004F04A0,FUN_004f04a0,,0%,
0x004F0EB0,Stream_Printf,,0%,
0x004F0F50,FUN_004f0f50,,0%,
0x004F0FB0,FUN_004f0fb0,,0%,
0x004F0FD0,FUN_004f0fd0,,0%,
0x004F1000,FUN_004f1000,,0%,
0x004F1080,FUN_004f1080,,0%,
0x004F1180,FUN_004f1180,,0%,
0x004F11C0,FUN_004f11c0,,0%,
0x004F1290,FUN_004f1290,,0%,
0x004F13D0,FUN_004f13d0,,0%,
0x004F13F0,FUN_004f13f0,,0%,
0x004F1410,FUN_004f1410,,0%,
0x004F1430,FUN_004f1430,,0%,
0x004F1450,FUN_004f1450,,0%,
0x004F1470,FUN_004f1470,,0%,
0x004F1490,FUN_004f1490,,0%,
0x004F14B0,FUN_004f14b0,,0%,
0x004F14D0,thunk_FUN_004f13d0,,0%,
0x004F14E0,thunk_FUN_004f13f0,,0%,
0x004F1500,FUN_004f1500,,0%,
0x004F15A0,QuickTime_Initialize,,0%,
0x004F1750,QuickTime_Terminate,,0%,
0x004F1800,FUN_004f1800,,0%,
0x004F1850,NovaUtil_RegisterGlobalPair,,0%,
0x004F18A0,NovaUtil_UnregisterGlobalPair,,0%,
0x004F1900,FUN_004f1900,,0%,
0x004F1920,NovaPlatform_PollCommandEvent,,0%,
0x004F1940,FUN_004f1940,,0%,
0x004F1990,String_ExpandControlCode,,0%,
0x004F1A20,FUN_004f1a20,,0%,
0x004F1A50,FUN_004f1a50,,0%,
0x004F1A80,Platform_ShowCursorForce,,0%,
0x004F1B00,FUN_004f1b00,,0%,
0x004F1B20,MWRuntime_FUN_004f1b20,,0%,
0x004F1C50,FUN_004f1c50,,0%,
0x004F1C70,FUN_004f1c70,,0%,
0x004F1CA0,FUN_004f1ca0,,0%,
0x004F1CF0,Resource_OpenFromPath,,0%,
0x004F1D30,FUN_004f1d30,,0%,
0x004F1D70,FUN_004f1d70,,0%,
0x004F1DF0,FUN_004f1df0,,0%,
0x004F1E30,FUN_004f1e30,,0%,
0x004F1E70,FUN_004f1e70,,0%,
0x004F20B0,FUN_004f20b0,,0%,
0x004F21B0,FUN_004f21b0,,0%,
0x004F22B0,FUN_004f22b0,,0%,
0x004F22E0,FUN_004f22e0,,0%,
0x004F2310,FUN_004f2310,,0%,
0x004F2350,FUN_004f2350,,0%,
0x004F23D0,FUN_004f23d0,,0%,
0x004F2430,FUN_004f2430,,0%,
0x004F24C0,FUN_004f24c0,,0%,
0x004F2530,FUN_004f2530,,0%,
0x004F25F0,FUN_004f25f0,,0%,
0x004F2650,FUN_004f2650,,0%,
0x004F2720,FUN_004f2720,,0%,
0x004F27D0,FUN_004f27d0,,0%,
0x004F2800,FUN_004f2800,,0%,
0x004F2870,FUN_004f2870,,0%,
0x004F28F0,FUN_004f28f0,,0%,
0x004F2970,NovaHeap_AllocZeroed,,0%,
0x004F29C0,FUN_004f29c0,,0%,
0x004F2A10,FUN_004f2a10,,0%,
0x004F2A30,FUN_004f2a30,,0%,
0x004F2A50,FUN_004f2a50,,0%,
0x004F2A6A,FUN_004f2a6a,,0%,
0x004F2B4E,FUN_004f2b4e,,0%,
0x004F2C78,FUN_004f2c78,,0%,
0x004F2D0F,Platform_QueryRegistrationState,,0%,
0x004F2E98,FUN_004f2e98,,0%,
0x004F339B,FUN_004f339b,,0%,
0x004F33AA,FUN_004f33aa,,0%,
0x004F33B9,FUN_004f33b9,,0%,
0x004F33D1,FUN_004f33d1,,0%,
0x004F340C,FUN_004f340c,,0%,
0x004F341A,FUN_004f341a,,0%,
0x004F36C3,FUN_004f36c3,,0%,
0x004F3709,FUN_004f3709,,0%,
0x004F374F,ImlNetwork_ParseModeString,,0%,
0x004F3817,FUN_004f3817,,0%,
0x004F3B4C,FUN_004f3b4c,,0%,
0x004F3C1F,FUN_004f3c1f,,0%,
0x004F3CCC,FUN_004f3ccc,,0%,
0x004F3E0A,FUN_004f3e0a,,0%,
0x004F3E67,FUN_004f3e67,,0%,
0x004F3F01,FUN_004f3f01,,0%,
0x004F3FB1,FUN_004f3fb1,,0%,
0x004F40AC,FUN_004f40ac,,0%,
0x004F420B,FUN_004f420b,,0%,
0x004F42CD,FUN_004f42cd,,0%,
0x004F4513,FUN_004f4513,,0%,
0x004F4650,FUN_004f4650,,0%,
0x004F4774,NetQuery_ResetEntryArray,,0%,
0x004F47F1,FUN_004f47f1,,0%,
0x004F4925,FUN_004f4925,,0%,
0x004F4B1C,NetQuery_FUN_004f4b1c,,0%,
0x004F4C79,NetQuery_InitEntryArray,,0%,
0x004F4D6B,FUN_004f4d6b,,0%,
0x004F4DE4,FUN_004f4de4,,0%,
0x004F4E7C,FUN_004f4e7c,,0%,
0x004F4FBE,NetQuery_HandlePeerMetadataResponse,,0%,
0x004F5219,NetQuery_HandleKindCountResponse,,0%,
0x004F54F6,NetQuery_HandleLookupAddressResponse,,0%,
0x004F5583,NetQuery_HandleLookupQueueResponse,,0%,
0x004F56EF,NetQuery_HandleMatchRequestAck,,0%,
0x004F578E,NetQuery_HandleKindRecordResponse,,0%,
0x004F59B2,NetQuery_HandleInviteRequestAck,,0%,
0x004F5A51,NetQuery_HandleProbeRequestAck,,0%,
0x004F5B48,NetQuery_HandleServerStatusResponse,,0%,
0x004F5CEC,NetQuery_HandlePendingRequestCompletion,,0%,
0x004F5D7D,NetQuery_HandleLookupBlockResponse,,0%,
0x004F5F33,NetQuery_SendPacketAck,,0%,
0x004F5FB8,NetQuery_HandleKindListChangedAndAck,,0%,
0x004F60C6,NetQuery_HandleIncomingMessageAndAck,,0%,
0x004F62B4,NetQuery_HandleIncomingMatchRequest,,0%,
0x004F643E,NetQuery_HandleIncomingInviteRequest,,0%,
0x004F6601,NetQuery_CreatePendingPeerRequest,,0%,
0x004F66B7,NetQuery_SendPeerRequest,,0%,
0x004F6940,FUN_004f6940,,0%,
0x004F69D1,FUN_004f69d1,,0%,
0x004F6A47,FUN_004f6a47,,0%,
0x004F6DC1,NetQuery_FUN_004f6dc1,,0%,
0x004F705C,FUN_004f705c,,0%,
0x004F7223,NetQuery_FUN_004f7223,,0%,
0x004F72C5,NetQuery_FUN_004f72c5,,0%,
0x004F7474,FUN_004f7474,,0%,
0x004F7571,NetQuery_FUN_004f7571,,0%,
0x004F77E9,FUN_004f77e9,,0%,
0x004F78C3,NetQuery_FUN_004f78c3,,0%,
0x004F79B3,NetQuery_FUN_004f79b3,,0%,
0x004F7B7E,FUN_004f7b7e,,0%,
0x004F7C96,NetQuery_FUN_004f7c96,,0%,
0x004F7DC3,FUN_004f7dc3,,0%,
0x004F7EB7,FUN_004f7eb7,,0%,
0x004F8245,FUN_004f8245,,0%,
0x004F83A8,NetQueryAsync_PumpRetriesAndTimeouts,,0%,
0x004F8610,NetQuery_FUN_004f8610,,0%,
0x004F8694,NetQuery_FUN_004f8694,,0%,
0x004F8733,FUN_004f8733,,0%,
0x004F87E1,FUN_004f87e1,,0%,
0x004F8852,FUN_004f8852,,0%,
0x004F88E6,NetQuery_FUN_004f88e6,,0%,
0x004F8A31,NetQuery_FUN_004f8a31,,0%,
0x004F8B05,FUN_004f8b05,,0%,
0x004F9309,FUN_004f9309,,0%,
0x004F9899,FUN_004f9899,,0%,
0x004F9910,Display_SnapshotSettings,,0%,
0x004F9940,Display_ApplySnapshot,,0%,
0x004F99A0,FUN_004f99a0,,0%,
0x004F9B40,FUN_004f9b40,,0%,
0x004F9C00,Platform_AcquireSingleInstanceLock,,0%,
0x004F9D76,FUN_004f9d76,,0%,
0x004F9DEC,FUN_004f9dec,,0%,
0x004F9EA1,FUN_004f9ea1,,0%,
0x004F9ED5,FUN_004f9ed5,,0%,
0x004F9FB9,FUN_004f9fb9,,0%,
0x004FA0AD,FUN_004fa0ad,,0%,
0x004FA149,NetQueryEntryArray_Create,,0%,
0x004FA250,FUN_004fa250,,0%,
0x004FA2CD,FUN_004fa2cd,,0%,
0x004FA351,FUN_004fa351,,0%,
0x004FACCC,FUN_004faccc,,0%,
0x004FB01D,FUN_004fb01d,,0%,
0x004FB509,FUN_004fb509,,0%,
0x004FB52D,NetQueryEntryArray_FUN_004fb52d,,0%,
0x004FB5E6,NetQueryEntryArray_Destroy,,0%,
0x004FB644,NetQueryEntryArray_FUN_004fb644,,0%,
0x004FB669,NetQueryEntryArray_FUN_004fb669,,0%,
0x004FB694,NetQueryEntryArray_FUN_004fb694,,0%,
0x004FB6A9,FUN_004fb6a9,,0%,
0x004FB9E4,NetQueryEntryArray_FUN_004fb9e4,,0%,
0x004FBA37,NetQueryEntryArray_FUN_004fba37,,0%,
0x004FBA6E,NetQueryEntryArray_FUN_004fba6e,,0%,
0x004FBAC1,NetQueryEntryArray_FUN_004fbac1,,0%,
0x004FBAF8,NetQueryEntryArray_FUN_004fbaf8,,0%,
0x004FBB32,FUN_004fbb32,,0%,
0x004FBC47,FUN_004fbc47,,0%,
0x004FBC5C,FUN_004fbc5c,,0%,
0x004FBD31,FUN_004fbd31,,0%,
0x004FBD55,FUN_004fbd55,,0%,
0x004FBD7C,NetQueryEntryArray_GetNthEntry,,0%,
0x004FBE7D,FUN_004fbe7d,,0%,
0x004FBE9C,FUN_004fbe9c,,0%,
0x004FBEC0,FUN_004fbec0,,0%,
0x004FBF20,FUN_004fbf20,,0%,
0x004FBF50,FUN_004fbf50,,0%,
0x004FBFE0,FUN_004fbfe0,,0%,
0x004FC080,FUN_004fc080,,0%,
0x004FC120,FUN_004fc120,,0%,
0x004FC170,FUN_004fc170,,0%,
0x004FC1C0,PascalString_ToCString,,0%,
0x004FC1F0,FUN_004fc1f0,,0%,
0x004FC270,FUN_004fc270,,0%,
0x004FC290,FUN_004fc290,,0%,
0x004FC2B0,FUN_004fc2b0,,0%,
0x004FC2D0,FUN_004fc2d0,,0%,
0x004FC2F0,FUN_004fc2f0,,0%,
0x004FC310,FUN_004fc310,,0%,
0x004FC330,FUN_004fc330,,0%,
0x004FC350,FUN_004fc350,,0%,
0x004FC370,FUN_004fc370,,0%,
0x004FC390,FUN_004fc390,,0%,
0x004FC3B0,FUN_004fc3b0,,0%,
0x004FC3D0,FUN_004fc3d0,,0%,
0x004FC3F0,FUN_004fc3f0,,0%,
0x004FC430,FUN_004fc430,,0%,
0x004FC4E0,FUN_004fc4e0,,0%,
0x004FC570,FUN_004fc570,,0%,
0x004FCA30,FUN_004fca30,src/pict_image.cpp,80%,"PixMap body copy (rowBytes/bounds + 36-byte body fields incl. pixelSize/cmpCount and the 32->24-bit demotion input) inlined into Resource_LoadPictAsImage BitsRect parse; pmTable handle semantics not applicable to file-based tables"
0x004FCAC0,FUN_004fcac0,src/pict_image.cpp,60%,"Row expander: 1-bit MSB-first expansion semantics confirmed and used via the monochrome path; 2/4-bit expansion branches and raw passthrough cases remain unported"
0x004FCC00,Pict_DecodePixmapRows,src/pict_image.cpp,70%,"PICT row decoder: packbits + raw-copy paths, masked-rowBytes 1-byte/BE16 length rule, 1-bit expansion and 8-bit indexed palette output used by PICTs 0x81/0x82/0x8b; depth-0x20 4-component path and output-buffer aliasing details remain out of scope"
0x004FD0A0,Pict_ParseDirectBitsRect,src/pict_image.cpp,70%,"Opcode walker ported (DAT_00570344 operand table, 0x0001 rect dim override, region/length skips, v2 scan from 0x0011 0x02FF) + BitsRect parse incl. 8-bit indexed ColorTable (sequential ctFlags) and default DAT_005705cc palette; v1 byte-opcode walking and QuickTime 0x8200/0x8201 path TODO(decomp)"
0x004FDB60,FUN_004fdb60,,0%,
0x004FDB90,FUN_004fdb90,,0%,
0x004FDBF0,FUN_004fdbf0,,0%,
0x004FDC70,FUN_004fdc70,,0%,
0x004FDCB0,FUN_004fdcb0,,0%,
0x004FDDD0,FUN_004fddd0,,0%,
0x004FDE20,FUN_004fde20,,0%,
0x004FDE40,FUN_004fde40,,0%,
0x004FDEA0,FUN_004fdea0,,0%,
0x004FDEC0,ThreadSafe_CallUnderLock,,0%,
0x004FDEF0,Platform_ExitProcess,,0%,
0x004FDF10,FUN_004fdf10,,0%,
0x004FDF40,thunk_FUN_0087293e,,0%,
0x004FE1F9,MemOrStream_FUN_004fe1f9,,0%,
0x004FE22C,MemOrStream_Alloc,,0%,
0x004FE25F,MemOrStream_FUN_004fe25f,,0%,
0x004FE285,FUN_004fe285,,0%,
0x004FE2B0,FUN_004fe2b0,,0%,
0x004FE2C3,FUN_004fe2c3,,0%,
0x004FE31A,MemOrStream_FUN_004fe31a,,0%,
0x004FE338,MemOrStream_FUN_004fe338,,0%,
0x004FE356,MemOrStream_FUN_004fe356,,0%,
0x004FE3DE,MemOrStream_AllocHandleSlot,,0%,
0x004FE493,MemOrStream_FUN_004fe493,,0%,
0x004FE4B5,MemOrStream_FUN_004fe4b5,,0%,
0x004FE501,MemOrStream_FUN_004fe501,,0%,
0x004FE546,MemOrStream_FUN_004fe546,,0%,
0x004FE5B8,Stream_GetPosition,,0%,
0x004FE5CD,MemOrStream_FUN_004fe5cd,,0%,
0x004FE636,FUN_004fe636,,0%,
0x004FE64B,MemOrStream_FUN_004fe64b,,0%,
0x004FE674,MemOrStream_FUN_004fe674,,0%,
0x004FE6F1,MemOrStream_FUN_004fe6f1,,0%,
0x004FE74E,MemOrStream_FUN_004fe74e,,0%,
0x004FE7C3,MemOrStream_FUN_004fe7c3,,0%,
0x004FE82C,MemOrStream_FUN_004fe82c,,0%,
0x004FE884,MemOrStream_FUN_004fe884,,0%,
0x004FE949,MemOrStream_FUN_004fe949,,0%,
0x004FF112,MemOrStream_FUN_004ff112,,0%,
0x004FF774,MemOrStream_ValidateHandleTable,,0%,
0x004FF830,FUN_004ff830,,0%,
0x004FF850,FUN_004ff850,,0%,
0x004FF870,FUN_004ff870,,0%,
0x004FF8A0,FUN_004ff8a0,,0%,
0x004FF900,FUN_004ff900,,0%,
0x004FF950,MWRuntime_FUN_004ff950,,0%,
0x004FFA00,IniConfig_ParseText,,0%,
0x004FFC50,IniConfig_LoadFromFile,,0%,
0x004FFCC0,IniConfig_Destroy,,0%,
0x004FFD30,IniConfig_SaveToFile,,0%,
0x004FFEB0,IniConfig_FindSection,,0%,
0x004FFF10,IniConfig_AppendSection,,0%,
0x004FFF90,IniConfig_GetValueString,,0%,
0x00500080,IniConfig_AppendKeyValue,,0%,
0x00500120,Stream_ReadLocked,,0%,
0x00500180,Stream_ReadCore,,0%,
0x00500480,Stream_WriteLocked,,0%,
0x005004F0,Stream_WriteCore,,0%,
0x00500810,BrgrResource_FindEntryByName,,0%,
0x00500910,BrgrResource_CloneAndRelocateTable,,0%,
0x00500BF0,BrgrResource_BuildOffsetIndex,,0%,
0x00500D80,FUN_00500d80,,0%,
0x00500F80,FUN_00500f80,,0%,
0x00501040,FUN_00501040,,0%,
0x005010F0,FUN_005010f0,,0%,
0x00501710,FUN_00501710,,0%,
0x00501740,FUN_00501740,,0%,
0x00501CE0,FUN_00501ce0,,0%,
0x00501D50,FUN_00501d50,,0%,
0x00501E30,FUN_00501e30,,0%,
0x00501EB0,FUN_00501eb0,,0%,
0x00501EF0,FUN_00501ef0,,0%,
0x00501FF0,FUN_00501ff0,,0%,
0x00502080,FUN_00502080,,0%,
0x00502490,FUN_00502490,,0%,
0x005024A0,FUN_005024a0,,0%,
0x00502860,FUN_00502860,,0%,
0x00502970,FUN_00502970,,0%,
0x00502CB0,FUN_00502cb0,,0%,
0x00502FE0,FUN_00502fe0,,0%,
0x00503390,FUN_00503390,,0%,
0x00503BE0,NovaUtil_FormatMusicSongPath,,0%,
0x00503C10,FUN_00503c10,,0%,
0x00503C40,FUN_00503c40,,0%,
0x00503C60,FUN_00503c60,,0%,
0x00503CA0,FUN_00503ca0,,0%,
0x00503D30,FUN_00503d30,,0%,
0x00503D90,FUN_00503d90,,0%,
0x00503DD0,FUN_00503dd0,,0%,
0x00503DF0,FUN_00503df0,,0%,
0x00503E80,FUN_00503e80,,0%,
0x00503EE0,FUN_00503ee0,,0%,
0x00503EF0,NovaUtil_PrintUInt,,0%,
0x00503F30,NovaProgramEntry,src/nova_app.cpp,100%,NovaProgramEntry main wrapper
0x00504026,FUN_00504026,,0%,
0x00504287,FUN_00504287,,0%,
0x005043A1,FUN_005043a1,,0%,
0x00504432,FUN_00504432,,0%,
0x00504481,FUN_00504481,,0%,
0x005044CE,FUN_005044ce,,0%,
0x0050454F,FUN_0050454f,,0%,
0x00504592,FUN_00504592,,0%,
0x005045CC,FUN_005045cc,,0%,
0x00504616,FUN_00504616,,0%,
0x0050463D,FUN_0050463d,,0%,
0x00504723,FUN_00504723,,0%,
0x0050474C,FUN_0050474c,,0%,
0x00504781,FUN_00504781,,0%,
0x005047A6,FUN_005047a6,,0%,
0x005047BB,FUN_005047bb,,0%,
0x005047C7,FUN_005047c7,,0%,
0x005047D3,FUN_005047d3,,0%,
0x00504B20,FUN_00504b20,,0%,
0x00504E34,FUN_00504e34,,0%,
0x00504E91,FUN_00504e91,,0%,
0x00504EC8,FUN_00504ec8,,0%,
0x00504F8D,FUN_00504f8d,,0%,
0x005051F9,FUN_005051f9,,0%,
0x00505622,TextEncoding_IsSupported,,0%,
0x005056A4,MemOrStream_FUN_005056a4,,0%,
0x00505786,MemOrStream_FUN_00505786,,0%,
0x005057C7,MemOrStream_FUN_005057c7,,0%,
0x005057FA,FUN_005057fa,,0%,
0x0050586E,FUN_0050586e,,0%,
0x005058AF,FUN_005058af,,0%,
0x00505975,FUN_00505975,,0%,
0x00505988,FUN_00505988,,0%,
0x0050599B,FUN_0050599b,,0%,
0x005059B3,FUN_005059b3,,0%,
0x005059CB,FUN_005059cb,,0%,
0x00505A0A,FUN_00505a0a,,0%,
0x00505A4A,FUN_00505a4a,,0%,
0x00505A63,FUN_00505a63,,0%,
0x00505B6F,FUN_00505b6f,,0%,
0x00505B88,FUN_00505b88,,0%,
0x00505BC9,FUN_00505bc9,,0%,
0x00505BDD,FUN_00505bdd,,0%,
0x00505C1E,FUN_00505c1e,,0%,
0x00505C6D,FUN_00505c6d,,0%,
0x00505CE5,FUN_00505ce5,,0%,
0x00505D11,FUN_00505d11,,0%,
0x00505DBA,FUN_00505dba,,0%,
0x00505E16,FUN_00505e16,,0%,
0x00505F03,FUN_00505f03,,0%,
0x00505F36,FUN_00505f36,,0%,
0x00505F66,FUN_00505f66,,0%,
0x00505FC2,FUN_00505fc2,,0%,
0x00506046,FUN_00506046,,0%,
0x005060D0,FUN_005060d0,,0%,
0x005060F4,FUN_005060f4,,0%,
0x00506113,FUN_00506113,,0%,
0x00506120,FUN_00506120,,0%,
0x00506170,FUN_00506170,,0%,
0x00506220,FUN_00506220,,0%,
0x005062B0,FUN_005062b0,,0%,
0x00506310,FUN_00506310,,0%,
0x00506350,FUN_00506350,,0%,
0x005063F0,FUN_005063f0,,0%,
0x00506470,FUN_00506470,,0%,
0x005064F0,FUN_005064f0,,0%,
0x00506520,FUN_00506520,,0%,
0x00506560,FUN_00506560,,0%,
0x005065B0,FUN_005065b0,,0%,
0x00506660,FUN_00506660,,0%,
0x005066F0,FUN_005066f0,,0%,
0x00506750,FUN_00506750,,0%,
0x00506840,FUN_00506840,,0%,
0x00506850,FUN_00506850,,0%,
0x00506880,FUN_00506880,,0%,
0x00506AC0,FUN_00506ac0,,0%,
0x00506BC0,FUN_00506bc0,,0%,
0x00506D20,FUN_00506d20,,0%,
0x00506D70,FUN_00506d70,,0%,
0x00506DC0,FUN_00506dc0,,0%,
0x00506E10,FUN_00506e10,,0%,
0x00506EC0,FUN_00506ec0,,0%,
0x00506ED0,FUN_00506ed0,,0%,
0x00506F00,FUN_00506f00,,0%,
0x00506F40,FUN_00506f40,,0%,
0x00506F80,FUN_00506f80,,0%,
0x00506F90,FUN_00506f90,,0%,
0x00506FC0,FUN_00506fc0,,0%,
0x00506FF0,FUN_00506ff0,,0%,
0x00507230,FUN_00507230,,0%,
0x00507260,FUN_00507260,,0%,
0x005072A0,FUN_005072a0,,0%,
0x00507300,NovaAudioBackend_StartOutput,,0%,
0x005076A0,FUN_005076a0,,0%,
0x00507820,FUN_00507820,,0%,
0x005078A0,FUN_005078a0,,0%,
0x005079F0,FUN_005079f0,,0%,
0x00507AE0,FUN_00507ae0,,0%,
0x00507AF0,FUN_00507af0,,0%,
0x00507B10,FUN_00507b10,,0%,
0x00507B30,NovaAudioBackend_MixThreadMain,,0%,
0x00507D0B,FUN_00507d0b,,0%,
0x00507D16,FUN_00507d16,,0%,
0x00507D96,FUN_00507d96,,0%,
0x00507E20,FUN_00507e20,,0%,
0x00507F90,FUN_00507f90,,0%,
0x00508310,MWRuntime_FUN_00508310,,0%,
0x005083A0,FUN_005083a0,,0%,
0x00508410,FUN_00508410,,0%,
0x00508510,FUN_00508510,,0%,
0x005085E0,FUN_005085e0,,0%,
0x00508600,FUN_00508600,,0%,
0x00508660,FUN_00508660,,0%,
0x00508880,FUN_00508880,,0%,
0x00508B70,MWRuntime_FUN_00508b70,,0%,
0x00508C90,FUN_00508c90,,0%,
0x00508D10,FUN_00508d10,,0%,
0x00508D60,Env_TakeEnvironmentSnapshot,,0%,
0x00508D80,GraphicsStringTable_FindEntry,,0%,
0x00508E00,FUN_00508e00,,0%,
0x00508E50,FUN_00508e50,,0%,
0x00508FBD,FUN_00508fbd,,0%,
0x00509241,FUN_00509241,,0%,
0x00509301,FUN_00509301,,0%,
0x00509323,FUN_00509323,,0%,
0x00509382,StreamPath_ApplyTokenizedSegments,,0%,
0x005094D9,MemOrStream_FUN_005094d9,,0%,
0x0050953F,MemOrStream_FUN_0050953f,,0%,
0x00509598,FUN_00509598,,0%,
0x005095E5,FUN_005095e5,,0%,
0x00509749,FUN_00509749,,0%,
0x005097F3,MemOrStream_FUN_005097f3,,0%,
0x00509A06,FUN_00509a06,,0%,
0x00509BFB,MemOrStream_FUN_00509bfb,,0%,
0x00509D74,FUN_00509d74,,0%,
0x00509D87,FUN_00509d87,,0%,
0x00509DED,MemOrStream_FUN_00509ded,,0%,
0x00509F08,FUN_00509f08,,0%,
0x00509FB7,MemOrStream_FUN_00509fb7,,0%,
0x0050A3B7,StreamPath_ResolveDriveByVolumeLabel,,0%,
0x0050A646,MemOrStream_FUN_0050a646,,0%,
0x0050A798,MemOrStream_FUN_0050a798,,0%,
0x0050A94B,StreamPath_ApplyPathSegment,,0%,
0x0050AAD6,MemOrStream_FUN_0050aad6,,0%,
0x0050ABA9,MemOrStream_FUN_0050aba9,,0%,
0x0050AC6D,FUN_0050ac6d,,0%,
0x0050AD3A,MemOrStream_FUN_0050ad3a,,0%,
0x0050AF31,MemOrStream_FUN_0050af31,,0%,
0x0050B029,FUN_0050b029,,0%,
0x0050B109,MemOrStream_FUN_0050b109,,0%,
0x0050B4AF,MemOrStream_FUN_0050b4af,,0%,
0x0050B56A,MemOrStream_FUN_0050b56a,,0%,
0x0050B722,MemOrStream_FUN_0050b722,,0%,
0x0050B75D,MemOrStream_FUN_0050b75d,,0%,
0x0050B8D6,FUN_0050b8d6,,0%,
0x0050B9C8,MemOrStream_FUN_0050b9c8,,0%,
0x0050B9E2,MemOrStream_FUN_0050b9e2,,0%,
0x0050BA2C,FUN_0050ba2c,,0%,
0x0050BC01,FUN_0050bc01,,0%,
0x0050BC90,MemOrStream_FUN_0050bc90,,0%,
0x0050BD8E,MemOrStream_FUN_0050bd8e,,0%,
0x0050BE45,FUN_0050be45,,0%,
0x0050BE68,FUN_0050be68,,0%,
0x0050BE8A,BitmapSurface_Helper_0050be8a,,0%,
0x0050BEEB,MemOrStream_FUN_0050beeb,,0%,
0x0050C226,MemOrStream_FUN_0050c226,,0%,
0x0050C433,FUN_0050c433,,0%,
0x0050C472,MemOrStream_FUN_0050c472,,0%,
0x0050C729,BitmapSurface_Helper_0050c729,,0%,
0x0050C8B9,MemOrStream_FUN_0050c8b9,,0%,
0x0050CA24,MemOrStream_FUN_0050ca24,,0%,
0x0050CC24,MemOrStream_FUN_0050cc24,,0%,
0x0050D53A,MemOrStream_FUN_0050d53a,,0%,
0x0050D89F,MemOrStream_FUN_0050d89f,,0%,
0x0050DCF2,MemOrStream_FUN_0050dcf2,,0%,
0x0050DE0C,MemOrStream_FUN_0050de0c,,0%,
0x0050DF49,BitmapSurface_Helper_0050df49,,0%,
0x0050DF65,MemOrStream_FUN_0050df65,,0%,
0x0050E2A9,BitmapSurface_Helper_0050e2a9,,0%,
0x0050E2C5,BitmapSurface_Helper_0050e2c5,,0%,
0x0050E2E7,MemOrStream_FUN_0050e2e7,,0%,
0x0050E575,MemOrStream_FUN_0050e575,,0%,
0x0050E604,FUN_0050e604,,0%,
0x0050E62E,FUN_0050e62e,,0%,
0x0050E670,FUN_0050e670,,0%,
0x0050E683,MemOrStream_FUN_0050e683,,0%,
0x0050E729,BitmapSurface_Helper_0050e729,,0%,
0x0050E77C,BitmapSurface_Helper_0050e77c,,0%,
0x0050E7A4,DrawContext_CreateFromWindow,,0%,
0x0050E828,FUN_0050e828,,0%,
0x0050E8AC,FUN_0050e8ac,,0%,
0x0050E8BF,DrawContext_AttachHdcAndInitState,,0%,
0x0050E965,FUN_0050e965,,0%,
0x0050EA1F,FUN_0050ea1f,,0%,
0x0050EA84,FUN_0050ea84,,0%,
0x0050EAD7,DrawContext_InitializeTextStyleDefaults,,0%,
0x0050ECFA,DrawContext_SetTextAndBackgroundStyle,,0%,
0x0050EE3A,FUN_0050ee3a,,0%,
0x0050EE82,FUN_0050ee82,,0%,
0x0050EECA,DrawContext_SetBackgroundColor,,0%,
0x0050EEED,DrawContext_SetLineStyle,,0%,
0x0050F09F,FUN_0050f09f,,0%,
0x0050F3BD,DrawContext_SetFontAndAlignment,,0%,
0x0050F601,DrawContext_SetTextColor,,0%,
0x0050F63C,FUN_0050f63c,,0%,
0x0050F681,FUN_0050f681,,0%,
0x0050F6A4,FUN_0050f6a4,,0%,
0x0050F7AE,FUN_0050f7ae,,0%,
0x0050F892,FUN_0050f892,,0%,
0x0050F8E4,FUN_0050f8e4,,0%,
0x0050F9C4,FUN_0050f9c4,,0%,
0x0050FA5D,FUN_0050fa5d,,0%,
0x0050FAC3,FUN_0050fac3,,0%,
0x0050FB26,FUN_0050fb26,,0%,
0x0050FB7B,DrawContext_FUN_0050fb7b,,0%,
0x0050FD00,FUN_0050fd00,,0%,
0x00510042,DrawContext_FUN_00510042,,0%,
0x005100A4,DrawContext_MoveTo,,0%,
0x005100D9,DrawContext_DrawLineTo,,0%,
0x005101A6,DrawContext_FUN_005101a6,,0%,
0x00510302,DrawContext_FUN_00510302,,0%,
0x00510374,DrawContext_FUN_00510374,,0%,
0x0051044D,DrawContext_InvertRect,,0%,
0x005104B3,FUN_005104b3,,0%,
0x005104F9,DrawContext_FUN_005104f9,,0%,
0x00510579,DrawContext_FUN_00510579,,0%,
0x00510634,FUN_00510634,,0%,
0x005106B0,BitmapSurface_CreateFromHdcRect,,0%,
0x00510A09,FUN_00510a09,,0%,
0x00510A6B,BitmapSurface_BlitToHdcWithConversion,,0%,
0x005113C6,BitmapSurface_ResolvePixelBuffer,,0%,
0x00511546,BitmapSurface_SyncDibBits,,0%,
0x00511600,BitmapPalette_CopyRgbQuads,,0%,
0x00511643,BitmapPalette_BuildLookupTable,,0%,
0x00511681,BitmapPalette_BuildChannelTables,,0%,
0x00511774,PixelFormat_EncodeChannelLayout,,0%,
0x00511899,BitmapSurface_GetPixelFormatLayout,,0%,
0x005118AC,Gdi_GetPixelFormatLayoutFromHdc,,0%,
0x0051195D,WindowBackbuffer_CreateForClientRect,,0%,
0x0051196B,WindowBackbuffer_CreateForRect,,0%,
0x00511C66,FUN_00511c66,,0%,
0x00511C79,FUN_00511c79,,0%,
0x00511EA4,FUN_00511ea4,,0%,
0x00511EB7,FUN_00511eb7,,0%,
0x00511EE9,FUN_00511ee9,,0%,
0x00511F00,BitmapSurface_Helper_00511f00,,0%,
0x00512061,BitmapSurface_Helper_00512061,,0%,
0x0051231A,FUN_0051231a,,0%,
0x00512411,FUN_00512411,,0%,
0x0051247C,ImageDecode_Unpack4bppNibbles,,0%,
0x005124D2,ImageDecode_ReadPackedRows,,0%,
0x00512903,FUN_00512903,,0%,
0x0051299A,FUN_0051299a,,0%,
0x00513794,FUN_00513794,,0%,
0x005137EB,FUN_005137eb,,0%,
0x00513BB1,FUN_00513bb1,,0%,
0x00513EBD,FUN_00513ebd,,0%,
0x00513ED0,FUN_00513ed0,,0%,
0x00513EEF,FUN_00513eef,,0%,
0x00513F04,FUN_00513f04,,0%,
0x00513F2D,FUN_00513f2d,,0%,
0x00513FF7,FUN_00513ff7,,0%,
0x005141B8,FUN_005141b8,,0%,
0x005142BE,FUN_005142be,,0%,
0x0051435A,BitmapSurface_MarkDirty,,0%,
0x0051436E,FUN_0051436e,,0%,
0x005144B6,BitmapSurface_InvokeCallbackOnError,,0%,
0x005144DF,GraphicsStringTable_FormatCurrentEntry,,0%,
0x00514593,FUN_00514593,,0%,
0x005145ED,FUN_005145ed,,0%,
0x00514627,FUN_00514627,,0%,
0x0051491D,FUN_0051491d,,0%,
0x0051494C,FUN_0051494c,,0%,
0x0051496D,FUN_0051496d,,0%,
0x00515931,FUN_00515931,,0%,
0x005159D6,FUN_005159d6,,0%,
0x00515A39,FUN_00515a39,,0%,
0x00515AC9,FUN_00515ac9,,0%,
0x00515B5F,FUN_00515b5f,,0%,
0x00515EB8,FUN_00515eb8,,0%,
0x00516046,FUN_00516046,,0%,
0x00516201,FUN_00516201,,0%,
0x00516C7D,FUN_00516c7d,,0%,
0x00516D6B,FUN_00516d6b,,0%,
0x00516DAC,FUN_00516dac,,0%,
0x0051770E,FUN_0051770e,,0%,
0x00517979,FUN_00517979,,0%,
0x00518757,FUN_00518757,,0%,
0x00518786,FUN_00518786,,0%,
0x005187BD,FUN_005187bd,,0%,
0x005189A5,FUN_005189a5,,0%,
0x00519CF0,FUN_00519cf0,,0%,
0x00519D30,FUN_00519d30,,0%,
0x00519D58,FUN_00519d58,,0%,
0x00519D83,FUN_00519d83,,0%,
0x00519DAF,FUN_00519daf,,0%,
0x00519DCD,FUN_00519dcd,,0%,
0x00519E00,FUN_00519e00,,0%,
0x00519E22,FUN_00519e22,,0%,
0x00519E44,FUN_00519e44,,0%,
0x00519EB6,FUN_00519eb6,,0%,
0x00519F06,DrawContext_LightenColorComponents,,0%,
0x00519FB1,DrawContext_DarkenColorComponents,,0%,
0x0051A038,FUN_0051a038,,0%,
0x0051A064,FUN_0051a064,,0%,
0x0051A0A1,FUN_0051a0a1,,0%,
0x0051A0B0,FUN_0051a0b0,,0%,
0x0051A0C8,FUN_0051a0c8,,0%,
0x0051A110,FUN_0051a110,,0%,
0x0051A2C0,Region_IsEmpty,,0%,
0x0051A2E6,FUN_0051a2e6,,0%,
0x0051A307,FUN_0051a307,,0%,
0x0051A32B,FUN_0051a32b,,0%,
0x0051A346,FUN_0051a346,,0%,
0x0051A361,FUN_0051a361,,0%,
0x0051A38A,FUN_0051a38a,,0%,
0x0051A48E,FUN_0051a48e,,0%,
0x0051A4C0,FUN_0051a4c0,,0%,
0x0051A4EE,FUN_0051a4ee,,0%,
0x0051A695,FUN_0051a695,,0%,
0x0051A847,FUN_0051a847,,0%,
0x0051AD55,FUN_0051ad55,,0%,
0x0051AD74,FUN_0051ad74,,0%,
0x0051ADD8,FUN_0051add8,,0%,
0x0051AF54,FUN_0051af54,,0%,
0x0051AF7D,ImlResource_FUN_0051af7d,,0%,
0x0051AFD6,ImlResource_UpdatePendingLoad,,0%,
0x0051B060,ImlResource_ResolveSourceHandle,,0%,
0x0051B0F7,ImlResource_FUN_0051b0f7,,0%,
0x0051B1B1,ImlResource_FUN_0051b1b1,,0%,
0x0051B248,ImlResource_FUN_0051b248,,0%,
0x0051B2EC,ImlResource_FUN_0051b2ec,,0%,
0x0051B31E,FUN_0051b31e,,0%,
0x0051B520,ImlResource_FUN_0051b520,,0%,
0x0051B549,ImlResource_FUN_0051b549,,0%,
0x0051B596,ImlResource_FUN_0051b596,,0%,
0x0051B60A,ImlResource_FUN_0051b60a,,0%,
0x0051B7FC,ImlResource_FUN_0051b7fc,,0%,
0x0051B9A9,ImlResource_FUN_0051b9a9,,0%,
0x0051BA0E,FUN_0051ba0e,,0%,
0x0051BA41,ImlResource_FUN_0051ba41,,0%,
0x0051BA8D,FUN_0051ba8d,,0%,
0x0051BBEC,FUN_0051bbec,,0%,
0x0051BC51,FUN_0051bc51,,0%,
0x0051BCBE,FUN_0051bcbe,,0%,
0x0051BE77,ImlResource_FUN_0051be77,,0%,
0x0051BEF0,ImlResource_FUN_0051bef0,,0%,
0x0051BF40,ImlResource_FUN_0051bf40,,0%,
0x0051BF7A,FUN_0051bf7a,,0%,
0x0051C06E,FUN_0051c06e,,0%,
0x0051C181,Iml_FUN_0051c181,,0%,
0x0051C289,FUN_0051c289,,0%,
0x0051C3C1,FUN_0051c3c1,,0%,
0x0051C5C9,FUN_0051c5c9,,0%,
0x0051C610,FUN_0051c610,,0%,
0x0051C664,FUN_0051c664,,0%,
0x0051C936,FUN_0051c936,,0%,
0x0051CEB0,FUN_0051ceb0,,0%,
0x0051D0D3,FUN_0051d0d3,,0%,
0x0051DB65,FUN_0051db65,,0%,
0x0051DD63,FUN_0051dd63,,0%,
0x0051DE05,FUN_0051de05,,0%,
0x0051DE30,FUN_0051de30,,0%,
0x0051DE58,ImlTree_FindFirstMatchingNodeRecursive,,0%,
0x0051DF05,FUN_0051df05,,0%,
0x0051DF83,Iml_FUN_0051df83,,0%,
0x0051DFBA,FUN_0051dfba,,0%,
0x0051E21D,Iml_FUN_0051e21d,,0%,
0x0051E2A3,Iml_FUN_0051e2a3,,0%,
0x0051E359,Iml_FUN_0051e359,,0%,
0x0051E3A0,FUN_0051e3a0,,0%,
0x0051E403,Iml_FUN_0051e403,,0%,
0x0051E44C,Iml_FUN_0051e44c,,0%,
0x0051E4B1,FUN_0051e4b1,,0%,
0x0051E6CC,FUN_0051e6cc,,0%,
0x0051E7B8,FUN_0051e7b8,,0%,
0x0051E9F8,FUN_0051e9f8,,0%,
0x0051EB7C,Iml_FUN_0051eb7c,,0%,
0x0051EC01,FUN_0051ec01,,0%,
0x0051EC5C,FUN_0051ec5c,,0%,
0x0051ED23,FUN_0051ed23,,0%,
0x0051EFAA,FUN_0051efaa,,0%,
0x0051EFCB,Iml_FUN_0051efcb,,0%,
0x0051F083,FUN_0051f083,,0%,
0x0051F0F2,FUN_0051f0f2,,0%,
0x0051F109,Iml_FUN_0051f109,,0%,
0x0051F16C,Iml_FUN_0051f16c,,0%,
0x0051F1CC,Iml_FUN_0051f1cc,,0%,
0x0051F35E,Iml_FUN_0051f35e,,0%,
0x0051F565,Iml_FUN_0051f565,,0%,
0x0051F76C,Iml_FUN_0051f76c,,0%,
0x0051F7CA,Iml_FUN_0051f7ca,,0%,
0x0051F855,FUN_0051f855,,0%,
0x0051F884,FUN_0051f884,,0%,
0x0051F8AF,FUN_0051f8af,,0%,
0x0051F924,FUN_0051f924,,0%,
0x0051F955,FUN_0051f955,,0%,
0x0051F993,FUN_0051f993,,0%,
0x0051FB3A,FUN_0051fb3a,,0%,
0x0051FB4C,FUN_0051fb4c,,0%,
0x0051FB5E,FUN_0051fb5e,,0%,
0x0051FB70,FUN_0051fb70,,0%,
0x0051FBED,FUN_0051fbed,,0%,
0x0051FC33,FUN_0051fc33,,0%,
0x0051FD3D,FUN_0051fd3d,,0%,
0x0051FE38,FUN_0051fe38,,0%,
0x0052030B,FUN_0052030b,,0%,
0x0052061C,FUN_0052061c,,0%,
0x005210DA,FUN_005210da,,0%,
0x0052174C,FUN_0052174c,,0%,
0x00521FD0,FUN_00521fd0,,0%,
0x00521FF9,FUN_00521ff9,,0%,
0x00522033,FUN_00522033,,0%,
0x00522079,FUN_00522079,,0%,
0x005220D0,FUN_005220d0,,0%,
0x00522A7F,FUN_00522a7f,,0%,
0x00522BFC,FUN_00522bfc,,0%,
0x00522EAE,FUN_00522eae,,0%,
0x00522F5F,FUN_00522f5f,,0%,
0x0052386D,FUN_0052386d,,0%,
0x00523A35,FUN_00523a35,,0%,
0x00523B77,FUN_00523b77,,0%,
0x005242E2,FUN_005242e2,,0%,
0x00524337,FUN_00524337,,0%,
0x005243D4,FUN_005243d4,,0%,
0x0052451E,FUN_0052451e,,0%,
0x005245E7,ImlResource_FUN_005245e7,,0%,
0x00524721,ImlResource_FUN_00524721,,0%,
0x0052489D,FUN_0052489d,,0%,
0x00524A2B,FUN_00524a2b,,0%,
0x00524A4A,FUN_00524a4a,,0%,
0x00524A75,FUN_00524a75,,0%,
0x00524AD5,FUN_00524ad5,,0%,
0x00524B11,FUN_00524b11,,0%,
0x00524B45,FUN_00524b45,,0%,
0x00524BC7,FUN_00524bc7,,0%,
0x00525555,FUN_00525555,,0%,
0x005255CD,FUN_005255cd,,0%,
0x005255F8,FUN_005255f8,,0%,
0x00526076,FUN_00526076,,0%,
0x0052614F,FUN_0052614f,,0%,
0x005261CD,FUN_005261cd,,0%,
0x0052624B,FUN_0052624b,,0%,
0x00526458,FUN_00526458,,0%,
0x00526646,FUN_00526646,,0%,
0x00526725,FUN_00526725,,0%,
0x005267EF,FUN_005267ef,,0%,
0x0052682E,FUN_0052682e,,0%,
0x00526ABD,FUN_00526abd,,0%,
0x00526EAC,FUN_00526eac,,0%,
0x005271D0,NovaUtil_InitGrowableBuffer,,0%,
0x00527200,NovaUtil_FreeGrowableBuffer,,0%,
0x00527230,NovaUtil_ResetGrowableBufferCursorIfNoError,,0%,
0x00527250,NovaUtil_AppendByteToGrowableBuffer,,0%,
0x005272E0,NovaUtil_AppendStringToGrowableBuffer,,0%,
0x005273C0,FUN_005273c0,,0%,
0x005273F0,FUN_005273f0,,0%,
0x00527460,FUN_00527460,,0%,
0x00527650,MWRuntime_FUN_00527650,,0%,
0x00527670,MWRuntime_FUN_00527670,,0%,
0x005276F0,FUN_005276f0,,0%,
0x00527750,FUN_00527750,,0%,
0x00527890,FUN_00527890,,0%,
0x005278D0,FUN_005278d0,,0%,
0x00527930,FUN_00527930,,0%,
0x005279A0,FUN_005279a0,,0%,
0x005279D0,FUN_005279d0,,0%,
0x00527A20,MWFileHandle_SetPosition,,0%,
0x00527A80,MWRuntime_FUN_00527a80,,0%,
0x00527BD0,MWRuntime_FUN_00527bd0,,0%,
0x00527C30,MWRuntime_FUN_00527c30,,0%,
0x00527D40,MWRuntime_FUN_00527d40,,0%,
0x00527F10,FUN_00527f10,,0%,
0x00527FD0,FUN_00527fd0,,0%,
0x00528010,FUN_00528010,,0%,
0x00528040,FUN_00528040,,0%,
0x005280D0,FUN_005280d0,,0%,
0x005280F0,FUN_005280f0,,0%,
0x00528100,FUN_00528100,,0%,
0x00528110,FUN_00528110,,0%,
0x00528120,FUN_00528120,,0%,
0x00528130,FUN_00528130,,0%,
0x00528160,FUN_00528160,,0%,
0x00528210,FUN_00528210,,0%,
0x00528280,FUN_00528280,,0%,
0x00528420,FUN_00528420,,0%,
0x00528470,MWRuntime_MapOsErrorToErrno,,0%,
0x00528660,FUN_00528660,,0%,
0x00528670,FUN_00528670,,0%,
0x005287D0,Runtime_CRTInitialize,,0%,
0x00528820,FUN_00528820,,0%,
0x005288A0,FUN_005288a0,,0%,
0x00528C30,FUN_00528c30,,0%,
0x00528D20,FUN_00528d20,,0%,
0x00528DAE,Ordinal_115,,0%,
0x00528DB4,FUN_00528db4,,0%,
0x00528DED,FUN_00528ded,,0%,
0x00528ED4,FUN_00528ed4,,0%,
0x00528EE3,FUN_00528ee3,,0%,
0x00528EF6,FUN_00528ef6,,0%,
0x00528FD5,FUN_00528fd5,,0%,
0x0052909D,FUN_0052909d,,0%,
0x005290F5,FUN_005290f5,,0%,
0x00529162,Ordinal_116,,0%,
0x00529168,Ordinal_111,,0%,
0x0052916E,Ordinal_3,,0%,
0x00529174,Ordinal_23,,0%,
0x0052917A,FUN_0052917a,,0%,
0x005291C5,MemOrStream_FUN_005291c5,,0%,
0x005291E8,FUN_005291e8,,0%,
0x005292B2,FUN_005292b2,,0%,
0x005292DB,FUN_005292db,,0%,
0x005292F6,FUN_005292f6,,0%,
0x00529323,FUN_00529323,,0%,
0x0052935B,FUN_0052935b,,0%,
0x00529604,Ordinal_57,,0%,
0x0052960A,Ordinal_52,,0%,
0x00529610,Ordinal_4,,0%,
0x00529616,Ordinal_6,,0%,
0x0052961C,NetQuerySocket_FUN_0052961c,,0%,
0x0052970B,FUN_0052970b,,0%,
0x00529768,FUN_00529768,,0%,
0x00529A96,FUN_00529a96,,0%,
0x00529D86,FUN_00529d86,,0%,
0x00529E55,FUN_00529e55,,0%,
0x00529E92,FUN_00529e92,,0%,
0x00529EC5,FUN_00529ec5,,0%,
0x00529EDE,FUN_00529ede,,0%,
0x0052A035,FUN_0052a035,,0%,
0x0052A2AE,FUN_0052a2ae,,0%,
0x0052A421,FUN_0052a421,,0%,
0x0052A474,FUN_0052a474,,0%,
0x0052A570,NetQuery_FUN_0052a570,,0%,
0x0052A65D,NetQuerySocket_FUN_0052a65d,,0%,
0x0052A7F3,FUN_0052a7f3,,0%,
0x0052A87E,NetQuerySocket_CloseAndReset,,0%,
0x0052A8F2,FUN_0052a8f2,,0%,
0x0052A926,FUN_0052a926,,0%,
0x0052A9BD,NetQuerySocket_FUN_0052a9bd,,0%,
0x0052AB29,FUN_0052ab29,,0%,
0x0052AC84,FUN_0052ac84,,0%,
0x0052AE20,FUN_0052ae20,,0%,
0x0052AE7F,FUN_0052ae7f,,0%,
0x0052AF98,NetQuerySocket_FUN_0052af98,,0%,
0x0052B104,NetQuerySocket_FUN_0052b104,,0%,
0x0052B25B,FUN_0052b25b,,0%,
0x0052B2E8,NetQuerySocket_FUN_0052b2e8,,0%,
0x0052B3D9,FUN_0052b3d9,,0%,
0x0052B434,NetQuerySocket_BeginReceive,,0%,
0x0052B4EF,FUN_0052b4ef,,0%,
0x0052B520,FUN_0052b520,,0%,
0x0052B5AE,NetQuerySocket_FUN_0052b5ae,,0%,
0x0052B99B,FUN_0052b99b,,0%,
0x0052B9E4,FUN_0052b9e4,,0%,
0x0052BA30,FUN_0052ba30,,0%,
0x0052BA71,FUN_0052ba71,,0%,
0x0052BABF,FUN_0052babf,,0%,
0x0052BB4E,FUN_0052bb4e,,0%,
0x0052BB97,NetQuerySocket_FUN_0052bb97,,0%,
0x0052BBAB,FUN_0052bbab,,0%,
0x0052BBBF,FUN_0052bbbf,,0%,
0x0052BBE4,NetQuerySocket_FUN_0052bbe4,,0%,
0x0052BC39,MemOrStream_FUN_0052bc39,,0%,
0x0052BEA5,MemOrStream_FUN_0052bea5,,0%,
0x0052C0BE,FUN_0052c0be,,0%,
0x0052C0D3,FUN_0052c0d3,,0%,
0x0052C111,FUN_0052c111,,0%,
0x0052C167,FUN_0052c167,,0%,
0x0052C1B5,FUN_0052c1b5,,0%,
0x0052C1DE,FUN_0052c1de,,0%,
0x0052C381,FUN_0052c381,,0%,
0x0052C54A,FUN_0052c54a,,0%,
0x0052C56C,FUN_0052c56c,,0%,
0x0052C6BD,FUN_0052c6bd,,0%,
0x0052C6E5,FUN_0052c6e5,,0%,
0x0052C753,FUN_0052c753,,0%,
0x0052C7B7,FUN_0052c7b7,,0%,
0x0052C842,FUN_0052c842,,0%,
0x0052C8C1,FUN_0052c8c1,,0%,
0x0052CA40,FUN_0052ca40,,0%,
0x0052CA70,FUN_0052ca70,,0%,
0x0052CB10,FUN_0052cb10,,0%,
0x0052CB90,FUN_0052cb90,,0%,
0x0052CBB0,FUN_0052cbb0,,0%,
0x0052CC30,FUN_0052cc30,,0%,
0x0052CD30,FUN_0052cd30,,0%,
0x0052CD50,FUN_0052cd50,,0%,
0x0052CDA0,FUN_0052cda0,,0%,
0x0052CE20,FUN_0052ce20,,0%,
0x0052CE50,FUN_0052ce50,,0%,
0x0052CE80,FUN_0052ce80,,0%,
0x0052CEC0,FUN_0052cec0,,0%,
0x0052D1F8,FUN_0052d1f8,,0%,
0x0052D4C8,FUN_0052d4c8,,0%,
0x0052D50E,FUN_0052d50e,,0%,
0x0052D9A6,FUN_0052d9a6,,0%,
0x0052DD1A,FUN_0052dd1a,,0%,
0x0052DF3D,FUN_0052df3d,,0%,
0x0052E09B,FUN_0052e09b,,0%,
0x0052E137,FUN_0052e137,,0%,
0x0052E2BF,FUN_0052e2bf,,0%,
0x0052E358,FUN_0052e358,,0%,
0x0052E8BC,FUN_0052e8bc,,0%,
0x0052E9F9,FUN_0052e9f9,,0%,
0x0052EC18,FUN_0052ec18,,0%,
0x0052EC39,FUN_0052ec39,,0%,
0x0052EC7C,FUN_0052ec7c,,0%,
0x0052FEDC,FUN_0052fedc,,0%,
0x0052FFB9,FUN_0052ffb9,,0%,
0x0052FFD0,FUN_0052ffd0,,0%,
0x005300F9,FUN_005300f9,,0%,
0x00530170,FUN_00530170,,0%,
0x00530220,FUN_00530220,,0%,
0x005303C0,FUN_005303c0,,0%,
0x005304A0,FUN_005304a0,,0%,
0x005307B0,FUN_005307b0,,0%,
0x00530B90,FUN_00530b90,,0%,
0x00531050,VorbisDecode_FUN_00531050,,0%,
0x00531060,VorbisDecode_FUN_00531060,,0%,
0x00531090,VorbisDecode_FUN_00531090,,0%,
0x00531180,VorbisDecode_FUN_00531180,,0%,
0x005311E0,FUN_005311e0,,0%,
0x00531290,VorbisDecode_FUN_00531290,,0%,
0x005312C0,VorbisDecode_FUN_005312c0,,0%,
0x00531300,VorbisDecode_FUN_00531300,,0%,
0x00531390,VorbisDecode_FUN_00531390,,0%,
0x005313B0,FUN_005313b0,,0%,
0x005315E0,VorbisDecode_FUN_005315e0,,0%,
0x00531640,VorbisDecode_FUN_00531640,,0%,
0x00531B00,FUN_00531b00,,0%,
0x00531C60,VorbisDecode_FUN_00531c60,,0%,
0x00531C90,VorbisDecode_FUN_00531c90,,0%,
0x00531D20,FUN_00531d20,,0%,
0x00531DA0,VorbisDecode_FUN_00531da0,,0%,
0x00531E40,VorbisDecode_FUN_00531e40,,0%,
0x00531F70,FUN_00531f70,,0%,
0x005323C0,VorbisDecode_FUN_005323c0,,0%,
0x00532700,VorbisDecode_FUN_00532700,,0%,
0x00532750,VorbisDecode_FUN_00532750,,0%,
0x00532C60,VorbisDecode_FUN_00532c60,,0%,
0x00532CE0,VorbisDecode_FUN_00532ce0,,0%,
0x00532D10,VorbisDecode_FUN_00532d10,,0%,
0x00532D40,VorbisDecode_FUN_00532d40,,0%,
0x00532DE0,VorbisDecode_FUN_00532de0,,0%,
0x00532E20,VorbisDecode_FUN_00532e20,,0%,
0x00532FF0,FUN_00532ff0,,0%,
0x00533150,FUN_00533150,,0%,
0x00533370,FUN_00533370,,0%,
0x005337C0,VorbisDecode_FUN_005337c0,,0%,
0x00533A30,VorbisDecode_FUN_00533a30,,0%,
0x00533C30,FUN_00533c30,,0%,
0x00534010,FUN_00534010,,0%,
0x00534380,NovaMusic_SwitchBackgroundTrack,src/sdl_music.cpp,100%,background 'bass' music playback via SDL3_mixer
0x00534580,FUN_00534580,,0%,
0x00534930,SplayTree_Insert,,0%,
0x00534970,FUN_00534970,,0%,
0x00534B00,FUN_00534b00,,0%,
0x00534B20,FUN_00534b20,,0%,
0x00534C00,FUN_00534c00,,0%,
0x00534D00,AtExit_RunRegisteredCbs,,0%,
0x00534D40,FUN_00534d40,,0%,
0x00534DA0,FUN_00534da0,,0%,
0x00534DE0,FUN_00534de0,,0%,
0x00534E00,FUN_00534e00,,0%,
0x00534E20,FUN_00534e20,,0%,
0x00534E3F,FUN_00534e3f,,0%,
0x00534EE2,FUN_00534ee2,,0%,
0x00534F7C,FUN_00534f7c,,0%,
0x00534FF1,FUN_00534ff1,,0%,
0x00535188,FUN_00535188,,0%,
0x00535193,FUN_00535193,,0%,
0x0053526D,FUN_0053526d,,0%,
0x00535304,FUN_00535304,,0%,
0x0053533D,FUN_0053533d,,0%,
0x005356D5,FUN_005356d5,,0%,
0x00535788,FUN_00535788,,0%,
0x005358A3,FUN_005358a3,,0%,
0x00535958,FUN_00535958,,0%,
0x00535AB9,FUN_00535ab9,,0%,
0x00535B87,FUN_00535b87,,0%,
0x00535DAE,FUN_00535dae,,0%,
0x00535EBB,FUN_00535ebb,,0%,
0x0053618C,FUN_0053618c,,0%,
0x0053649E,FUN_0053649e,,0%,
0x005367AB,FUN_005367ab,,0%,
0x00536AED,FUN_00536aed,,0%,
0x00536BA8,FUN_00536ba8,,0%,
0x00536C3D,FUN_00536c3d,,0%,
0x00536CE9,FUN_00536ce9,,0%,
0x00536DAC,PNG_SetErrorCallbacks,,0%,
0x00536DC6,FUN_00536dc6,,0%,
0x00536E2A,FUN_00536e2a,,0%,
0x00536E56,FUN_00536e56,,0%,
0x00536EFE,PNG_FUN_00536efe,,0%,
0x00536F3F,PNG_FUN_00536f3f,,0%,
0x00536FCF,PNG_FUN_00536fcf,,0%,
0x00536FEE,FUN_00536fee,,0%,
0x00537043,FUN_00537043,,0%,
0x0053709A,FUN_0053709a,,0%,
0x00537428,FUN_00537428,,0%,
0x00537465,PNG_FUN_00537465,,0%,
0x005374BA,PNG_FUN_005374ba,,0%,
0x005374D5,FUN_005374d5,,0%,
0x005374E5,PNG_FUN_005374e5,,0%,
0x00537535,FUN_00537535,,0%,
0x0053759C,FUN_0053759c,,0%,
0x005377EA,FUN_005377ea,,0%,
0x005378C6,FUN_005378c6,,0%,
0x00537CCF,FUN_00537ccf,,0%,
0x00537D25,FUN_00537d25,,0%,
0x005381A3,FUN_005381a3,,0%,
0x005381D3,FUN_005381d3,,0%,
0x005386A0,FUN_005386a0,,0%,
0x00538852,FUN_00538852,,0%,
0x00538871,PNG_FUN_00538871,,0%,
0x005388B3,PNG_FUN_005388b3,,0%,
0x005388DE,FUN_005388de,,0%,
0x00538948,FUN_00538948,,0%,
0x00538982,PNG_FUN_00538982,,0%,
0x00538AA4,FUN_00538aa4,,0%,
0x00538AD1,FUN_00538ad1,,0%,
0x00538B01,FUN_00538b01,,0%,
0x00538B2C,FUN_00538b2c,,0%,
0x00538B59,FUN_00538b59,,0%,
0x00538B82,FUN_00538b82,,0%,
0x00538BAB,FUN_00538bab,,0%,
0x00538BD4,FUN_00538bd4,,0%,
0x00538BFD,FUN_00538bfd,,0%,
0x00538C17,FUN_00538c17,,0%,
0x00538D73,FUN_00538d73,,0%,
0x00538E95,FUN_00538e95,,0%,
0x00538F25,PngHandleChunk_tIME_CopyTimestampFields,,0%,
0x00538F5D,FUN_00538f5d,,0%,
0x00539172,FUN_00539172,,0%,
0x00539248,PNG_FUN_00539248,,0%,
0x00539465,FUN_00539465,,0%,
0x00539484,PNG_FUN_00539484,,0%,
0x005394AE,FUN_005394ae,,0%,
0x00539545,FUN_00539545,,0%,
0x00539572,FUN_00539572,,0%,
0x005395BF,FUN_005395bf,,0%,
0x00539742,FUN_00539742,,0%,
0x0053976F,PNG_FUN_0053976f,,0%,
0x005399A5,PNG_FUN_005399a5,,0%,
0x00539A40,PNG_FUN_00539a40,,0%,
0x00539AC3,PNG_FUN_00539ac3,,0%,
0x00539B8F,PNG_FUN_00539b8f,,0%,
0x00539DC6,PNG_FUN_00539dc6,,0%,
0x0053A174,PNG_FUN_0053a174,,0%,
0x0053A19E,PNG_FUN_0053a19e,,0%,
0x0053A2AC,FUN_0053a2ac,,0%,
0x0053AAAD,PngRowTransform_ApplyPaletteOrRgbDither,,0%,
0x0053AC22,PNG_FUN_0053ac22,,0%,
0x0053B05B,PNG_FUN_0053b05b,,0%,
0x0053B2AC,PNG_FUN_0053b2ac,,0%,
0x0053B720,PNG_FUN_0053b720,,0%,
0x0053CA31,PNG_FUN_0053ca31,,0%,
0x0053D201,PNG_FUN_0053d201,,0%,
0x0053D37E,PNG_FUN_0053d37e,,0%,
0x0053D65C,PNG_FUN_0053d65c,,0%,
0x0053D711,PNG_FUN_0053d711,,0%,
0x0053D814,PNG_FUN_0053d814,,0%,
0x0053D9AD,PNG_FUN_0053d9ad,,0%,
0x0053DAB9,PNG_FUN_0053dab9,,0%,
0x0053DF54,FUN_0053df54,,0%,
0x0053E110,FUN_0053e110,,0%,
0x0053F003,FUN_0053f003,,0%,
0x0053F00F,FUN_0053f00f,,0%,
0x0053F01B,FUN_0053f01b,,0%,
0x0053F08B,FUN_0053f08b,,0%,
0x0053FAF7,FUN_0053faf7,,0%,
0x0053FB03,PNG_FUN_0053fb03,,0%,
0x0053FBC0,PNG_FUN_0053fbc0,,0%,
0x0053FD85,PNG_FUN_0053fd85,,0%,
0x0053FDD6,PNG_FUN_0053fdd6,,0%,
0x0053FE06,PNG_FUN_0053fe06,,0%,
0x0053FE81,FUN_0053fe81,,0%,
0x0053FED9,FUN_0053fed9,,0%,
0x0053FEF4,FUN_0053fef4,,0%,
0x0053FF0D,FUN_0053ff0d,,0%,
0x0053FF16,PNG_FUN_0053ff16,,0%,
0x0053FF39,FUN_0053ff39,,0%,
0x0053FF67,PNG_FUN_0053ff67,,0%,
0x0053FF95,FUN_0053ff95,,0%,
0x00540001,FUN_00540001,,0%,
0x00540037,FUN_00540037,,0%,
0x00540094,FUN_00540094,,0%,
0x005400DF,FUN_005400df,,0%,
0x0054016A,FUN_0054016a,,0%,
0x0054021F,Iml_FUN_0054021f,,0%,
0x005402C4,FUN_005402c4,,0%,
0x0054030C,FUN_0054030c,,0%,
0x0054034A,FUN_0054034a,,0%,
0x00540387,Iml_FUN_00540387,,0%,
0x00540482,FUN_00540482,,0%,
0x005404D9,MWRuntime_FUN_005404d9,,0%,
0x00540528,ImlAlign_ParseHorizontalDirection,,0%,
0x0054058A,MWRuntime_FUN_0054058a,,0%,
0x0054072A,FUN_0054072a,,0%,
0x005407B7,Iml_FUN_005407b7,,0%,
0x00540814,FUN_00540814,,0%,
0x005409D9,FUN_005409d9,,0%,
0x005409FC,FUN_005409fc,,0%,
0x00540B10,FUN_00540b10,,0%,
0x00540B3C,FUN_00540b3c,,0%,
0x00540B7E,FUN_00540b7e,,0%,
0x00540BA3,FUN_00540ba3,,0%,
0x00540C41,FUN_00540c41,,0%,
0x00540C63,FUN_00540c63,,0%,
0x00540CA3,FUN_00540ca3,,0%,
0x00540D2F,FUN_00540d2f,,0%,
0x00540D9A,FUN_00540d9a,,0%,
0x00540E55,FUN_00540e55,,0%,
0x00541124,FUN_00541124,,0%,
0x005412FA,Ordinal_7,,0%,
0x00541300,Ordinal_21,,0%,
0x00541306,Ordinal_2,,0%,
0x0054130C,Ordinal_17,,0%,
0x00541312,Ordinal_20,,0%,
0x00541318,Ordinal_22,,0%,
0x0054131E,Ordinal_16,,0%,
0x00541324,Ordinal_1,,0%,
0x0054132A,Ordinal_19,,0%,
0x00541330,FUN_00541330,,0%,
0x0054144B,FUN_0054144b,,0%,
0x005415F1,FUN_005415f1,,0%,
0x00541684,FUN_00541684,,0%,
0x0054183F,FUN_0054183f,,0%,
0x00541C69,FUN_00541c69,,0%,
0x00541F60,FUN_00541f60,,0%,
0x00542273,FUN_00542273,,0%,
0x005423CF,FUN_005423cf,,0%,
0x00542635,FUN_00542635,,0%,
0x00542B96,FUN_00542b96,,0%,
0x00542C83,FUN_00542c83,,0%,
0x00542EC1,FUN_00542ec1,,0%,
0x0054306C,FUN_0054306c,,0%,
0x00543123,FUN_00543123,,0%,
0x0054319A,FUN_0054319a,,0%,
0x00543203,FUN_00543203,,0%,
0x00543220,FUN_00543220,,0%,
0x00543242,FUN_00543242,,0%,
0x0054325B,FUN_0054325b,,0%,
0x00543278,FUN_00543278,,0%,
0x00543393,FUN_00543393,,0%,
0x005433A6,FUN_005433a6,,0%,
0x005433B7,FUN_005433b7,,0%,
0x0054382F,FUN_0054382f,,0%,
0x00543CF0,VorbisBitPacker_InitOwnedBuffer,,0%,
0x00543D40,VorbisBitPacker_ClearOwnedBuffer,,0%,
0x00543D80,VorbisBitPacker_InitExternalBuffer,,0%,
0x00543DC0,VorbisBitPacker_WriteBits,,0%,
0x00543F20,VorbisBitReader_PeekBits,,0%,
0x00544000,VorbisBitReader_AdvanceBits,,0%,
0x00544020,VorbisBitReader_ReadBits,,0%,
0x00544110,VorbisBitReader_ReadBit,,0%,
0x00544160,VorbisBitStream_TellBits,,0%,
0x00544180,VorbisStaticCodebook_Clear,,0%,
0x00544270,VorbisCodec_GetMaxCodewordBits,,0%,
0x00544280,Vorbis_ILog,,0%,
0x005442A0,VorbisCodebook_GenerateCanonicalCodewords,,0%,
0x00544500,VorbisCodebook_BuildDecodeTree,,0%,
0x00544850,VorbisCodebook_ComputeMapType1QuantVals,,0%,
0x005449C0,VorbisCodebook_UnquantizeLookupValues,,0%,
0x00544C00,VorbisCodebook_Clear,,0%,
0x00544D10,VorbisCodebook_Destroy,,0%,
0x00544D40,VorbisDecodeTree_Clear,,0%,
0x00544DF0,FUN_00544df0,,0%,
0x00544F10,FUN_00544f10,,0%,
0x00545030,FUN_00545030,,0%,
0x00545960,FUN_00545960,,0%,
0x00545B80,FUN_00545b80,,0%,
0x00545F40,FUN_00545f40,,0%,
0x00545F90,FUN_00545f90,,0%,
0x005464D0,FUN_005464d0,,0%,
0x005468E0,FUN_005468e0,,0%,
0x00546980,FUN_00546980,,0%,
0x00546AE0,FUN_00546ae0,,0%,
0x00546C30,FUN_00546c30,,0%,
0x00547500,FUN_00547500,,0%,
0x005477B0,FUN_005477b0,,0%,
0x005477F0,FUN_005477f0,,0%,
0x00547830,FUN_00547830,,0%,
0x00547A10,FUN_00547a10,,0%,
0x00548180,FUN_00548180,,0%,
0x0054AA20,FUN_0054aa20,,0%,
0x0054AB20,FUN_0054ab20,,0%,
0x0054ACC0,FUN_0054acc0,,0%,
0x0054ADC0,FUN_0054adc0,,0%,
0x0054AF30,FUN_0054af30,,0%,
0x0054B0B0,FUN_0054b0b0,,0%,
0x0054B640,FUN_0054b640,,0%,
0x0054B6A0,FUN_0054b6a0,,0%,
0x0054BE80,FUN_0054be80,,0%,
0x0054C000,FUN_0054c000,,0%,
0x0054C4A0,FUN_0054c4a0,,0%,
0x0054C530,FUN_0054c530,,0%,
0x0054C9E0,FUN_0054c9e0,,0%,
0x0054CC10,FUN_0054cc10,,0%,
0x0054CC60,FUN_0054cc60,,0%,
0x0054CC80,FUN_0054cc80,,0%,
0x0054D000,FUN_0054d000,,0%,
0x0054D050,FUN_0054d050,,0%,
0x0054D110,FUN_0054d110,,0%,
0x0054D3A0,FUN_0054d3a0,,0%,
0x0054D520,FUN_0054d520,,0%,
0x0054D5B0,FUN_0054d5b0,,0%,
0x0054D690,FUN_0054d690,,0%,
0x0054D7E0,AsyncFileStream_Open,,0%,
0x0054DA00,AsyncFileStream_Close,,0%,
0x0054DA90,FUN_0054da90,,0%,
0x0054DAC0,FUN_0054dac0,,0%,
0x0054DB00,FUN_0054db00,,0%,
0x0054DB90,FUN_0054db90,,0%,
0x0054DC40,FUN_0054dc40,,0%,
0x0054DC50,FUN_0054dc50,,0%,
0x0054DC60,FUN_0054dc60,,0%,
0x0054DC70,FUN_0054dc70,,0%,
0x0054DC80,FUN_0054dc80,,0%,
0x0054DC90,FUN_0054dc90,,0%,
0x0054DC9E,RtlUnwind,,0%,
0x0054DCA4,FUN_0054dca4,,0%,
0x0054DCC3,FUN_0054dcc3,,0%,
0x0054DCE2,FUN_0054dce2,,0%,
0x0054DD01,FUN_0054dd01,,0%,
0x0054DD44,FUN_0054dd44,,0%,
0x0054DD61,FUN_0054dd61,,0%,
0x0054DD83,FUN_0054dd83,,0%,
0x0054DD9C,FUN_0054dd9c,,0%,
0x0054DDB9,FUN_0054ddb9,,0%,
0x0054DEBC,FUN_0054debc,,0%,
0x0054DFA0,FUN_0054dfa0,,0%,
0x0054E0BF,FUN_0054e0bf,,0%,
0x0054E1DB,FUN_0054e1db,,0%,
0x0054E277,FUN_0054e277,,0%,
0x0054E30C,FUN_0054e30c,,0%,
0x0054E48F,FUN_0054e48f,,0%,
0x0054E4F6,FUN_0054e4f6,,0%,
0x0054E55D,FUN_0054e55d,,0%,
0x0054E60A,FUN_0054e60a,,0%,
0x0054E6AA,FUN_0054e6aa,,0%,
0x0054E764,FUN_0054e764,,0%,
0x0054E8AB,FUN_0054e8ab,,0%,
0x0054E92C,FUN_0054e92c,,0%,
0x0054EA54,JpegDecode_FUN_0054ea54,,0%,
0x0054EAE6,JpegDecode_FUN_0054eae6,,0%,
0x0054EC68,JpegDecode_FUN_0054ec68,,0%,
0x0054EE3E,JpegDecode_FUN_0054ee3e,,0%,
0x0054EE51,JpegDecode_FUN_0054ee51,,0%,
0x0054EE6A,JpegDecode_FUN_0054ee6a,,0%,
0x0054EEB3,FUN_0054eeb3,,0%,
0x0054EECE,FUN_0054eece,,0%,
0x0054EEDD,FUN_0054eedd,,0%,
0x0054F083,FUN_0054f083,,0%,
0x0054F289,JpegDecode_FUN_0054f289,,0%,
0x0054F31C,JpegDecode_FUN_0054f31c,,0%,
0x0054F50C,JpegDecode_FUN_0054f50c,,0%,
0x0054F58B,FUN_0054f58b,,0%,
0x0054F596,FUN_0054f596,,0%,
0x0054F71B,FUN_0054f71b,,0%,
0x0054F738,FUN_0054f738,,0%,
0x0054F767,FUN_0054f767,,0%,
0x0054F785,FUN_0054f785,,0%,
0x0054F797,FUN_0054f797,,0%,
0x0054F7B9,FUN_0054f7b9,,0%,
0x0054F7D2,FUN_0054f7d2,,0%,
0x0054F7EF,PNG_FUN_0054f7ef,,0%,
0x0054FAB2,PNG_FUN_0054fab2,,0%,
0x0054FD8B,PNG_FUN_0054fd8b,,0%,
0x0054FF60,PNG_FUN_0054ff60,,0%,
0x005503D0,PNG_FUN_005503d0,,0%,
0x005506EB,FUN_005506eb,,0%,
0x0055075B,PngHandleUnknownCriticalChunk,,0%,
0x005508A9,PngHandleChunk_zTXt,,0%,
0x00550A17,PngHandleChunk_tEXt,,0%,
0x00550B2C,PngHandleChunk_tIME,,0%,
0x00550C16,PngHandleChunk_sCAL,,0%,
0x00550DA9,PngHandleChunk_pCAL,,0%,
0x0055102C,PngHandleChunk_oFFs,,0%,
0x00551131,PngHandleChunk_pHYs,,0%,
0x00551236,PngHandleChunk_hIST,,0%,
0x0055133F,PngHandleChunk_bKGD,,0%,
0x00551553,PngHandleChunk_tRNS,,0%,
0x0055176D,PngHandleChunk_sPLT,,0%,
0x00551993,PngHandleChunk_iCCP,,0%,
0x00551B6C,PngHandleChunk_sRGB,,0%,
0x00551D31,PngHandleChunk_cHRM,,0%,
0x0055233D,PNG_FUN_0055233d,,0%,
0x0055249C,PNG_FUN_0055249c,,0%,
0x005525F6,PNG_FUN_005525f6,,0%,
0x00552647,PNG_FUN_00552647,,0%,
0x005527D8,PNG_FUN_005527d8,,0%,
0x005529CE,FUN_005529ce,,0%,
0x00552CA8,PNG_FUN_00552ca8,,0%,
0x00552DD8,PNG_FUN_00552dd8,,0%,
0x00552E01,PNG_FUN_00552e01,,0%,
0x00552E46,Ordinal_51,,0%,
0x00552F20,FUN_00552f20,,0%,
0x00552F60,FUN_00552f60,,0%,
0x00552FA0,FUN_00552fa0,,0%,
0x00553230,FUN_00553230,,0%,
0x00553570,FUN_00553570,,0%,
0x00553C70,FUN_00553c70,,0%,
0x00553D70,FUN_00553d70,,0%,
0x00553E60,FUN_00553e60,,0%,
0x00554250,FUN_00554250,,0%,
0x00554500,FUN_00554500,,0%,
0x00555C40,FUN_00555c40,,0%,
0x00556000,FUN_00556000,,0%,
0x00556260,FUN_00556260,,0%,
0x005564A0,FUN_005564a0,,0%,
0x005564E0,FUN_005564e0,,0%,
0x00556560,FUN_00556560,,0%,
0x00556650,FUN_00556650,,0%,
0x005567B0,FUN_005567b0,,0%,
0x00556A20,FUN_00556a20,,0%,
0x00557400,FUN_00557400,,0%,
0x00557690,FUN_00557690,,0%,
0x00557760,FUN_00557760,,0%,
0x00557910,FUN_00557910,,0%,
0x00557AF0,FUN_00557af0,,0%,
0x005581E0,FUN_005581e0,,0%,
0x00558310,FUN_00558310,,0%,
0x005584B0,FUN_005584b0,,0%,
0x00558600,FUN_00558600,,0%,
0x00558B10,FUN_00558b10,,0%,
0x00558DF0,FUN_00558df0,,0%,
0x00559260,FUN_00559260,,0%,
0x005597F0,FUN_005597f0,,0%,
0x00559B70,FUN_00559b70,,0%,
0x00559DE0,FUN_00559de0,,0%,
0x00559E20,FUN_00559e20,,0%,
0x00559F60,FUN_00559f60,,0%,
0x0055A550,FUN_0055a550,,0%,
0x0055BD00,FUN_0055bd00,,0%,
0x0055BD10,FUN_0055bd10,,0%,
0x0055BD70,FUN_0055bd70,,0%,
0x0055C080,FUN_0055c080,,0%,
0x0055C630,FUN_0055c630,,0%,
0x0055CAA0,FUN_0055caa0,,0%,
0x0055E5B0,FUN_0055e5b0,,0%,
0x0055E900,FUN_0055e900,,0%,
0x0055EE50,FUN_0055ee50,,0%,
0x0055F160,FUN_0055f160,,0%,
0x0055F5B0,FUN_0055f5b0,,0%,
0x00561070,FUN_00561070,,0%,
0x00561360,FUN_00561360,,0%,
0x005613A0,FUN_005613a0,,0%,
0x005613E0,FUN_005613e0,,0%,
0x00561450,FUN_00561450,,0%,
0x00561497,FUN_00561497,,0%,
0x00561498,FUN_00561498,,0%,
0x0056149B,FUN_0056149b,,0%,
0x005614B1,FUN_005614b1,,0%,
0x005614B6,FUN_005614b6,,0%,
0x005614C1,FUN_005614c1,,0%,
0x005614CC,FUN_005614cc,,0%,
0x005614D7,FUN_005614d7,,0%,
0x005614E2,JpegDecode_FUN_005614e2,,0%,
0x005615AA,FUN_005615aa,,0%,
0x005615C1,FUN_005615c1,,0%,
0x005616CE,FUN_005616ce,,0%,
0x00561880,FUN_00561880,,0%,
0x00561988,FUN_00561988,,0%,
0x00561A7F,FUN_00561a7f,,0%,
0x00561B11,FUN_00561b11,,0%,
0x00561B93,FUN_00561b93,,0%,
0x00561C77,FUN_00561c77,,0%,
0x00561DAE,FUN_00561dae,,0%,
0x00561EFF,FUN_00561eff,,0%,
0x00561FC4,JpegDecode_FUN_00561fc4,,0%,
0x005620EF,FUN_005620ef,,0%,
0x00562201,FUN_00562201,,0%,
0x00562223,FUN_00562223,,0%,
0x005622BF,FUN_005622bf,,0%,
0x005625E7,FUN_005625e7,,0%,
0x005626A4,FUN_005626a4,,0%,
0x0056278E,FUN_0056278e,,0%,
0x00562906,FUN_00562906,,0%,
0x00562B43,FUN_00562b43,,0%,
0x00562BDB,FUN_00562bdb,,0%,
0x00562D13,FUN_00562d13,,0%,
0x00562EB4,FUN_00562eb4,,0%,
0x00563172,FUN_00563172,,0%,
0x005631E1,JpegDecode_FUN_005631e1,,0%,
0x00563306,FUN_00563306,,0%,
0x00563540,FUN_00563540,,0%,
0x005636C7,FUN_005636c7,,0%,
0x005636FD,FUN_005636fd,,0%,
0x005637AF,FUN_005637af,,0%,
0x005637C7,JpegDecode_FUN_005637c7,,0%,
0x00563AB7,FUN_00563ab7,,0%,
0x00563BFB,FUN_00563bfb,,0%,
0x00563C7C,FUN_00563c7c,,0%,
0x00563CE0,FUN_00563ce0,,0%,
0x00563DD9,JpegDecode_FUN_00563dd9,,0%,
0x00563FC4,FUN_00563fc4,,0%,
0x00564119,FUN_00564119,,0%,
0x005641AF,FUN_005641af,,0%,
0x0056421C,FUN_0056421c,,0%,
0x0056425C,FUN_0056425c,,0%,
0x00564325,FUN_00564325,,0%,
0x005643FC,FUN_005643fc,,0%,
0x00564418,JpegDecode_FUN_00564418,,0%,
0x005644A1,FUN_005644a1,,0%,
0x0056452A,FUN_0056452a,,0%,
0x005645B7,FUN_005645b7,,0%,
0x005646E3,JpegDecode_FUN_005646e3,,0%,
0x0056475F,FUN_0056475f,,0%,
0x00564956,JpegDecode_FUN_00564956,,0%,
0x005649C3,FUN_005649c3,,0%,
0x00564E23,FUN_00564e23,,0%,
0x00564F52,FUN_00564f52,,0%,
0x0056521E,FUN_0056521e,,0%,
0x0056549D,FUN_0056549d,,0%,
0x005656E9,JpegDecode_FUN_005656e9,,0%,
0x0056572D,FUN_0056572d,,0%,
0x00565C28,FUN_00565c28,,0%,
0x00565CF5,FUN_00565cf5,,0%,
0x00565E22,JpegDecode_FUN_00565e22,,0%,
0x00566083,FUN_00566083,,0%,
0x005661A0,JpegDecode_FUN_005661a0,,0%,
0x0056628F,FUN_0056628f,,0%,
0x00566898,FUN_00566898,,0%,
0x00566977,FUN_00566977,,0%,
0x00566AD5,FUN_00566ad5,,0%,
0x00566C71,FUN_00566c71,,0%,
0x00566EE7,FUN_00566ee7,,0%,
0x00566F3B,JpegDecode_FUN_00566f3b,,0%,
0x005670B6,FUN_005670b6,,0%,
0x005670DC,FUN_005670dc,,0%,
0x00567263,FUN_00567263,,0%,
0x005672D6,FUN_005672d6,,0%,
0x0056737D,FUN_0056737d,,0%,
0x00567450,FUN_00567450,,0%,
0x00567560,FUN_00567560,,0%,
0x005678A0,FUN_005678a0,,0%,
0x00567D90,FUN_00567d90,,0%,
0x00568110,FUN_00568110,,0%,
0x00568BF0,FUN_00568bf0,,0%,
0x00568C40,FUN_00568c40,,0%,
0x00568E23,FUN_00568e23,,0%,
0x0056918A,FUN_0056918a,,0%,
0x005697F8,FUN_005697f8,,0%,
0x00569C9C,FUN_00569c9c,,0%,
0x00871160,CRT_StartupMain,,0%,
0x008713E0,PE_EntryPoint,,0%,
0x00871400,FUN_00871400,,0%,
0x00871450,WinMain,,0%,
0x008715B0,FUN_008715b0,,0%,
0x0087180D,FUN_0087180d,,0%,
0x00872040,Mission_TickReactionInputTrigger,,0%,
0x008721C2,FUN_008721c2,,0%,
0x008721FC,FUN_008721fc,,0%,
0x008722B0,FUN_008722b0,,0%,
0x00872310,Settings_LoadIniAndPrefs,,0%,
0x00872375,Settings_PollKeyX2Mode,,0%,
0x00872384,Input_ApplyRawInputPacket,,0%,
0x008723B4,DrawTextW,,0%,
0x008723BA,FUN_008723ba,,0%,
0x008723C9,FUN_008723c9,,0%,
0x00872410,FUN_00872410,,0%,
0x00872492,FUN_00872492,,0%,
0x008724C0,FUN_008724c0,,0%,
0x008724E0,FUN_008724e0,,0%,
0x00872500,FUN_00872500,,0%,
0x00872550,FUN_00872550,,0%,
0x00872560,FUN_00872560,,0%,
0x008725B0,PilotSave_ValidateBlock,src/game/pilot_file.cpp,30%,BlockPassesGate: u16[0] < 0x800 gate reimplemented (BlockPassesGate); checksum branch (LAB_0046f960) unresolved and treated as invalid
0x008725E0,FUN_008725e0,,0%,
0x00872640,FUN_00872640,,0%,
0x0087265D,FUN_0087265d,,0%,
0x008726AE,FUN_008726ae,,0%,
0x008726CF,FUN_008726cf,,0%,
0x008726F9,FUN_008726f9,,0%,
0x008727A1,Registry_RegisterAppFileAssociations,,0%,
0x0087293E,FUN_0087293e,,0%,
0x00872DC0,FUN_00872dc0,,0%,
0x00872E7E,Settings_LoadUiScale,,0%,
0x00873065,DrawContext_StoreScaledValue,,0%,
0x008730A1,Dialog_CreateFromDlog,src/game/landed_window.cpp,30%,Reads the DLOG (window bounds + linked DITL id; reimplemented as NovaResource_LoadDialogDefinition) and centres the window on screen (reimplemented as NovaDialogWindow_Layout); ui-scale path not yet reimplemented
0x00873187,FUN_00873187,,0%,
0x008731F8,FUN_008731f8,,0%,
0x00873231,FUN_00873231,,0%,
0x00873279,FUN_00873279,,0%,
0x00873310,FUN_00873310,,0%,
0x008733A7,FUN_008733a7,,0%,
0x0087341C,FUN_0087341c,,0%,
0x008734E5,FUN_008734e5,,0%,
0x008737A6,DrawContext_SetCursorPosRaw,,0%,
0x008737BC,FUN_008737bc,,0%,
0x00873827,FUN_00873827,,0%,
0x008738A6,FUN_008738a6,,0%,
0x0087391B,FUN_0087391b,,0%,
0x00873990,FUN_00873990,,0%,
0x00873A05,FUN_00873a05,,0%,
0x00873A7A,FUN_00873a7a,,0%,
0x00873AEF,FUN_00873aef,,0%,
0x00873B64,FUN_00873b64,,0%,
0x00873BCF,FUN_00873bcf,,0%,
0x00873C4E,FUN_00873c4e,,0%,
0x00873CCD,FUN_00873ccd,,0%,
0x00873D4C,FUN_00873d4c,,0%,
0x00873DCB,FUN_00873dcb,,0%,
0x00873E4A,FUN_00873e4a,,0%,
0x00873EC9,FUN_00873ec9,,0%,
0x00873F48,FUN_00873f48,,0%,
0x00873FC7,FUN_00873fc7,,0%,
0x0087403A,FUN_0087403a,,0%,
0x008740B9,FUN_008740b9,,0%,
0x00874124,FUN_00874124,,0%,
0x00874199,FUN_00874199,,0%,
0x0087420E,FUN_0087420e,,0%,
0x0087428D,FUN_0087428d,,0%,
0x0087430C,FUN_0087430c,,0%,
0x0087443D,FUN_0087443d,,0%,
0x00874573,FUN_00874573,,0%,
0x008745B6,FUN_008745b6,,0%,
0x00874788,FUN_00874788,,0%,
0x008747A6,FUN_008747a6,,0%,
0x008747F3,FUN_008747f3,,0%,
0x0087488F,NovaUi_DrawTravelPanelIdleMessage,,0%,
0x008748FA,NovaUi_DrawTravelPanelTransferTitle,,0%,
0x00874965,NovaUi_DrawTravelPanelMissingTargetLabel,,0%,
0x008749D0,NovaUi_DrawTravelPanelTargetName,,0%,
0x00874A3B,NovaUi_DrawTravelPanelJumpTitle,,0%,
0x00874AA6,NovaUi_DrawTravelPanelJumpDestination,,0%,
0x00874B11,FUN_00874b11,,0%,
0x00874B7C,FUN_00874b7c,,0%,
0x00874BE7,FUN_00874be7,,0%,
0x00874C52,FUN_00874c52,,0%,
0x00874CBD,NovaUi_DrawTargetPanelNoTargetMessage,,0%,
0x00874D28,NovaUi_DrawTargetPanelTopNameLine,,0%,
0x00874D93,thunk_NovaUi_DrawTargetPanelTopNameLine,,0%,
0x00874DFE,thunk_NovaUi_DrawTargetPanelTopNameLine_2,,0%,
0x00874E69,NovaUi_DrawTargetPanelSubtitleLine,,0%,
0x00874ED4,NovaUi_DrawTargetPanelBottomStatusLine,,0%,
0x00874F3F,thunk_NovaUi_DrawTargetPanelBottomStatusLine,,0%,
0x00874FAA,thunk_NovaUi_DrawTargetPanelBottomStatusLine_2,,0%,
0x00875015,NovaUi_SetTargetPanelBottomStatusCursor,,0%,
0x00875094,thunk_NovaUi_SetTargetPanelBottomStatusCursor,,0%,
0x00875113,NovaUi_SetTargetPanelBottomRightFooterCursor,,0%,
0x00875192,thunk_NovaUi_SetTargetPanelBottomRightFooterCursor,,0%,
0x00875211,NovaUi_SetCargoPanelCapacityLabelCursor,,0%,
0x00875290,NovaUi_SetCargoPanelFreeSpaceValueCursor,,0%,
0x0087530F,NovaUi_SetCargoPanelMissionTitleCursor,,0%,
0x0087538E,NovaUi_SetCargoPanelMissionValueCursor,,0%,
0x0087540D,NovaUi_SetCargoPanelCommandLabelCursor,,0%,
0x0087548C,NovaUi_SetCargoPanelCommandValueCursor,,0%,
0x0087550B,FUN_0087550b,,0%,
0x0087557C,FUN_0087557c,,0%,
0x0087565B,FUN_0087565b,,0%,
0x008756CE,FUN_008756ce,,0%,
0x00875720,FUN_00875720,,0%,
0x00875750,FUN_00875750,,0%,
0x00875780,FUN_00875780,,0%,
0x00875790,PlayerTick_MouseCoordinateBridge,,0%,"INTERNAL LABEL of 0x0044AA70; not a function. Far bridge adjusts the saved cursor coordinate by the gameplay viewport offset and jumps to 0x0044E019; equivalent coordinate handling is folded into the reimplementation rather than ported one-to-one."
0x008757A0,FUN_008757a0,,0%,
0x008757C0,FUN_008757c0,,0%,
0x008757D0,FUN_008757d0,,0%,
0x008757E0,thunk_NovaUi_DrawPlayerShieldBar,,0%,
0x008757F0,thunk_NovaUi_DrawPlayerArmorBar,,0%,
0x00875800,thunk_NovaUi_DrawPlayerFuelLevelBar,,0%,
0x00875810,FUN_00875810,,0%,
0x0087581C,FUN_0087581c,,0%,
0x008758A0,FUN_008758a0,,0%,
0x008758CE,FUN_008758ce,,0%,
0x00875990,FUN_00875990,,0%,
0x008759F8,EnsureWineDllOverride,,0%,
0x00875C4F,EnsureWineDdrawOverride,,0%,
0x00875C64,GdiplusStartup,,0%,
0x00875C6C,GdipSetPixelOffsetMode,,0%,
0x00875C74,GdipSetInterpolationMode,,0%,
0x00875C7C,GdipGetImageGraphicsContext,,0%,
0x00875C84,GdipFree,,0%,
0x00875C8C,GdipDrawImageRectRectI,,0%,
0x00875C94,GdipDisposeImage,,0%,
0x00875C9C,GdipDeleteGraphics,,0%,
0x00875CA4,GdipCreateBitmapFromScan0,,0%,
0x00875CC0,FUN_00875cc0,,0%,
0x00875DD0,FUN_00875dd0,,0%,
0x00875E30,FUN_00875e30,,0%,
0x00875F10,FUN_00875f10,,0%,
0x00875F80,FUN_00875f80,,0%,
0x00875FF0,FUN_00875ff0,,0%,
0x00876060,FUN_00876060,,0%,
0x00876160,FUN_00876160,,0%,
0x00876190,FUN_00876190,,0%,
0x00876280,FUN_00876280,,0%,
0x008762E0,FUN_008762e0,,0%,
0x00876350,FUN_00876350,,0%,
0x008763B0,FUN_008763b0,,0%,
0x00876490,FUN_00876490,,0%,
0x00876570,FUN_00876570,,0%,
0x00876600,FUN_00876600,,0%,
0x008766D0,FUN_008766d0,,0%,
0x008767E0,FUN_008767e0,,0%,
0x00876A30,FUN_00876a30,,0%,
0x00876AC0,FUN_00876ac0,,0%,
0x008774B0,FUN_008774b0,,0%,
0x00877560,FUN_00877560,,0%,
0x008775D0,FUN_008775d0,,0%,
0x00877660,FUN_00877660,,0%,
0x00877740,FUN_00877740,,0%,
0x008777A0,FUN_008777a0,,0%,
0x00877970,FUN_00877970,,0%,
0x00877FC0,FUN_00877fc0,,0%,
0x00878770,FUN_00878770,,0%,
0x00878820,FUN_00878820,,0%,
0x00878A10,FUN_00878a10,,0%,
0x00878B20,FUN_00878b20,,0%,
0x00878C80,FUN_00878c80,,0%,
0x008790D0,FUN_008790d0,,0%,
0x008792D0,FUN_008792d0,,0%,
0x00879950,FUN_00879950,,0%,
0x00879B20,FUN_00879b20,,0%,
0x00879BB0,FUN_00879bb0,,0%,
0x0087E390,FUN_0087e390,,0%,
0x0087E420,FUN_0087e420,,0%,
0x0087F040,FUN_0087f040,,0%,
0x0087F420,FUN_0087f420,,0%,
0x0087F850,FUN_0087f850,,0%,
0x0087FB90,FUN_0087fb90,,0%,
0x0087FC90,FUN_0087fc90,,0%,
0x00880310,FUN_00880310,,0%,
0x008804F0,FUN_008804f0,,0%,
0x00880920,FUN_00880920,,0%,
0x00880C50,FUN_00880c50,,0%,
0x00880E40,FUN_00880e40,,0%,
0x00880EB0,FUN_00880eb0,,0%,
0x00880EE0,tls_callback_1,,0%,
0x00880F30,tls_callback_0,,0%,
0x00881060,FUN_00881060,,0%,
0x00881070,FUN_00881070,,0%,
0x008810D0,FUN_008810d0,,0%,
0x00881230,FUN_00881230,,0%,
0x00881780,FUN_00881780,,0%,
0x00881910,FUN_00881910,,0%,
0x00881B30,FUN_00881b30,,0%,
0x00881BB0,FUN_00881bb0,,0%,
0x00881C70,FUN_00881c70,,0%,
0x00881E00,FUN_00881e00,,0%,
0x00881E60,FUN_00881e60,,0%,
0x00881F20,FUN_00881f20,,0%,
0x008820B0,FUN_008820b0,,0%,
0x00882120,FUN_00882120,,0%,
0x00882190,FUN_00882190,,0%,
0x00882220,FUN_00882220,,0%,
0x008822C0,FUN_008822c0,,0%,
0x008822F0,FUN_008822f0,,0%,
0x00882310,FUN_00882310,,0%,
0x00882330,FUN_00882330,,0%,
0x00882340,FUN_00882340,,0%,
0x00882360,FUN_00882360,,0%,
0x00882370,FUN_00882370,,0%,
0x00882380,FUN_00882380,,0%,
0x00882560,FUN_00882560,,0%,
0x008825B0,FUN_008825b0,,0%,
0x00882600,FUN_00882600,,0%,
0x00882770,FUN_00882770,,0%,
0x00882AF0,FUN_00882af0,,0%,
0x00882B60,FUN_00882b60,,0%,
0x00882B70,FUN_00882b70,,0%,
0x00882B88,__p__acmdln,,0%,
0x00882BB0,_amsg_exit,,0%,
0x00882BB8,_cexit,,0%,
0x00882BC0,_errno,,0%,
0x00882BC8,initterm,,0%,
0x00882BD0,_ismbblead,,0%,
0x00882BD8,_onexit,,0%,
0x00882BE0,_snwprintf,,0%,
0x00882BE8,_vsnprintf,,0%,
0x00882BF0,abort,,0%,
0x00882BF8,atof,,0%,
0x00882C00,calloc,,0%,
0x00882C08,exit,,0%,
0x00882C10,fprintf,,0%,
0x00882C20,fputs,,0%,
0x00882C28,free,,0%,
0x00882C30,fwrite,,0%,
0x00882C38,getenv,,0%,
0x00882C40,malloc,,0%,
0x00882C48,memcmp,,0%,
0x00882C50,memcpy,,0%,
0x00882C58,memset,,0%,
0x00882C60,realloc,,0%,
0x00882C68,signal,,0%,
0x00882C70,sprintf,,0%,
0x00882C78,strchr,,0%,
0x00882C80,strcmp,,0%,
0x00882C88,strlen,,0%,
0x00882C90,strncmp,,0%,
0x00882C98,strtol,,0%,
0x00882CA0,strtoul,,0%,
0x00882CA8,vfprintf,,0%,
0x00882CB0,FUN_00882cb0,,0%,
0x00882D20,FUN_00882d20,,0%,
0x00883050,FUN_00883050,,0%,
0x008831A0,FUN_008831a0,,0%,
0x008831F0,FUN_008831f0,,0%,
0x008833C0,FUN_008833c0,,0%,
0x00883430,FUN_00883430,,0%,
0x008834E0,FUN_008834e0,,0%,
0x00883640,FUN_00883640,,0%,
0x008836F0,FUN_008836f0,,0%,
0x008837E0,FUN_008837e0,,0%,
0x008838A0,FUN_008838a0,,0%,
0x00883A40,FUN_00883a40,,0%,
0x00883A60,FUN_00883a60,,0%,
0x00883B10,FUN_00883b10,,0%,
0x00883C30,FUN_00883c30,,0%,
0x00883C60,FUN_00883c60,,0%,
0x00883F40,tls_callback_2,,0%,
0x008843E0,FUN_008843e0,,0%,
0x00884590,FUN_00884590,,0%,
0x008847E0,FUN_008847e0,,0%,
0x00884870,FUN_00884870,,0%,
0x00884A30,FUN_00884a30,,0%,
0x00884AC0,FUN_00884ac0,,0%,
0x00884B20,FUN_00884b20,,0%,
0x00884C00,FUN_00884c00,,0%,
0x00884C60,FUN_00884c60,,0%,
0x00884CB0,FUN_00884cb0,,0%,
0x00884DB0,FUN_00884db0,,0%,
0x00886040,FUN_00886040,,0%,
0x00886170,FUN_00886170,,0%,
0x008862B0,FUN_008862b0,,0%,
0x00886350,FUN_00886350,,0%,
0x00886490,FUN_00886490,,0%,
0x008864F0,FUN_008864f0,,0%,
0x00886580,FUN_00886580,,0%,
0x00886680,FUN_00886680,,0%,
0x008867C0,FUN_008867c0,,0%,
0x00886820,FUN_00886820,,0%,
0x008869E0,FUN_008869e0,,0%,
0x00886D00,FUN_00886d00,,0%,
0x00886DC0,FUN_00886dc0,,0%,
0x00887110,FUN_00887110,,0%,
0x00887120,FUN_00887120,,0%,
0x00887160,FUN_00887160,,0%,
0x00887170,FUN_00887170,,0%,
0x00887500,FUN_00887500,,0%,
0x00887670,FUN_00887670,,0%,
0x00887930,FUN_00887930,,0%,
0x00887B80,FUN_00887b80,,0%,
0x00887DF0,FUN_00887df0,,0%,
0x00887FD0,FUN_00887fd0,,0%,
0x00888740,FUN_00888740,,0%,
0x00888760,FUN_00888760,,0%,
0x008888E0,FUN_008888e0,,0%,
0x00888A00,FUN_00888a00,,0%,
0x00888A40,memmove,,0%,
0x00888A70,FUN_00888a70,,0%,
0x00888AE0,FUN_00888ae0,,0%,
0x00888BE0,FUN_00888be0,,0%,
0x00888CE0,FUN_00888ce0,,0%,
0x00888DA0,FUN_00888da0,,0%,
0x00888F20,FUN_00888f20,,0%,
0x00888F80,FUN_00888f80,,0%,
0x00888FF0,FUN_00888ff0,,0%,
0x00889080,FUN_00889080,,0%,
0x00889200,FUN_00889200,,0%,
0x00889790,FUN_00889790,,0%,
0x008897C0,FUN_008897c0,,0%,
0x00889830,FUN_00889830,,0%,
0x00889870,FUN_00889870,,0%,
0x00889CA0,FUN_00889ca0,,0%,
0x00889D60,FUN_00889d60,,0%,
0x00889D70,FUN_00889d70,,0%,
0x00889DA0,FUN_00889da0,,0%,
0x00889E00,free,,0%,
0x00889E10,free,,0%,
0x00889E80,FUN_00889e80,,0%,
0x00889EE0,FUN_00889ee0,,0%,
0x0088A110,FUN_0088a110,,0%,
0x0088A140,FUN_0088a140,,0%,
0x0088A260,FUN_0088a260,,0%,
0x0088A280,FUN_0088a280,,0%,
0x0088A2A0,FUN_0088a2a0,,0%,
0x0088A2F0,FUN_0088a2f0,,0%,
0x0088A350,FUN_0088a350,,0%,
0x0088ABF0,FUN_0088abf0,,0%,
0x0088AC00,FUN_0088ac00,,0%,
0x0088AC30,FUN_0088ac30,,0%,
0x0088AE30,FUN_0088ae30,,0%,
0x0088AE80,WinMainCRTStartup_ParseCmdLine,,0%,
